row ID,row m/z,row retention time,Peak area,Standards Identification,SMILES,True Type,D Score,MD Score,type,elemental composition,identification,same composition,adduct ion,same peak,C10 loss,C10 loss_ion_pair,C10 loss_intensity_pair,C10 loss_score,C14 loss,C14 loss_ion_pair,C14 loss_intensity_pair,C14 loss_score,C9 loss,C9 loss_ion_pair,C9 loss_intensity_pair,C9 loss_score,C3 loss,C3 loss_ion_pair,C3 loss_intensity_pair,C3 loss_score,C2 loss,C2 loss_ion_pair,C2 loss_intensity_pair,C2 loss_score,C7 loss,C7 loss_ion_pair,C7 loss_intensity_pair,C7 loss_score,C5 loss,C5 loss_ion_pair,C5 loss_intensity_pair,C5 loss_score,C4 loss,C4 loss_ion_pair,C4 loss_intensity_pair,C4 loss_score
8,667.311,10.5,18800000,DA43_stelleralide C (TDPE-29),C=C(C)C12CC(COC(=O)c3ccccc3)C34OC5(CCCCCCCC(C)C6C3C3(OC6(C)OC3=O)C(O)C3(CO)OC3C4C1O5)O2,MD,8,24,MD,C37H46O11,possibly known,"std_stelleralide C (DA43), std_daphnepedunin E (DA44)",[M+H]+,none,C10H18O2,C30H34O6 / C20H16O4,19924.5 / 14355.5673828125,0.1294,C14H24O4,C30H36O7 / C16H12O3,31598.240234375 / 8836.0341796875,0.0951,none,none,none,none,C3H4O2,C27H34O5 / C24H30O3,3510.34228515625 / 2517.21142578125,0.0227,none,none,none,none,C7H6O2,C37H46O11 / C30H40O9,19733.826171875 / 53274.33203125,0.1902,C5H10O2,C25H30O4 / C20H20O6,4648.94091796875 / 12507.83984375,0.0448,none,none,none,none
17,533.3107,9.2,147000000,DA31_pimelea factor S6 (TDPE-6),C=C(C)C12CC(C)C34OC5(CCCCCCCC(C)C6C(C)C(=O)C(O)(C(O)C7(CO)OC7C3C1O5)C64)O2,MD,13,17,MD,C30H44O8,possibly known,"std_pimelea factor S7 (DA30), std_pimelea factor S6 (DA31)",[M+H]+,none,C10H18O2,C30H38O5 / C20H20O3,140540.390625 / 14977.23046875,0.2974,C14H24O4,C30H38O5 / C16H14O1,140540.390625 / 6787.68603515625,0.2616,C9H16O2,C29H42O6 / C20H26O4,5753.77978515625 / 3942.66552734375,0.0353,C3H4O2,C30H38O5 / C27H34O3,140540.390625 / 20251.67578125,0.3221,none,none,none,none,C7H6O2,C29H38O5 / C22H32O3,16605.93359375 / 5025.919921875,0.0522,none,none,none,none,none,none,none,none
18,639.3519,12.5,506000000,DA38_wikstromacrin (WLI-b),C=C(C)C12CC(C)C34OC5(CCCCCCCC(C)C6C(C)C(O)C(O)(C(O)C7(COC(=O)c8ccccc8)OC7C3C1O5)C64)O2,MD,12,10,MD,C37H50O9,possibly known,"std_wikstromacrin (DA38), std_pimela factor P2 (DA39)",[M+H]+,none,C10H18O2,C30H40O5 / C20H22O3,189649.96875 / 15628.6142578125,0.3808,C14H24O4,C30H40O5 / C16H16O1,189649.96875 / 8650.37890625,0.3509,none,none,none,none,C3H4O2,C30H40O5 / C27H36O3,189649.96875 / 5727.63671875,0.3389,none,none,none,none,C7H6O2,C37H46O7 / C30H40O5,15795.4931640625 / 189649.96875,0.3815,C5H10O2,C25H30O4 / C20H20O2,2593.663818359375 / 23443.609375,0.05,none,none,none,none
18,639.3519,12.5,506000000,DA38_wikstromacrin (WLI-b),C=C(C)C12CC(C)C34OC5(CCCCCCCC(C)C6C(C)C(O)C(O)(C(O)C7(COC(=O)c8ccccc8)OC7C3C1O5)C64)O2,MD,12,10,MD,C37H50O9,possibly known,"std_wikstromacrin (DA38), std_pimela factor P2 (DA39)",[M+H]+,none,C10H16O2,C30H40O5 / C20H24O3,189649.96875 / 2609.235595703125,0.3263,C14H24O4,C30H40O5 / C16H16O1,189649.96875 / 8650.37890625,0.3509,none,none,none,none,C3H4O2,C30H40O5 / C27H36O3,189649.96875 / 5727.63671875,0.3389,none,none,none,none,C7H6O2,C37H46O7 / C30H40O5,15795.4931640625 / 189649.96875,0.3815,C5H10O2,C25H30O4 / C20H20O2,2593.663818359375 / 23443.609375,0.05,none,none,none,none
19,639.3522,13.3,378000000,DA39_pimela factor P2 (WLI-d2),C=C(C)C12CC(C)C34OC5(CCCCCCCC(C)C6C(C)C(OC(=O)c7ccccc7)C(O)(C(O)C7(CO)OC7C3C1O5)C64)O2,MD,24,15,MD,C37H50O9,possibly known,"std_wikstromacrin (DA38), std_pimela factor P2 (DA39)",[M+H]+,none,C10H18O2,C30H38O4 / C20H20O2,602879.9375 / 122999.7265625,1.5629,C14H24O2,C30H38O4 / C16H14O2,602879.9375 / 9123.90234375,1.0407,C9H16O2,C29H38O3 / C20H22O1,314356.625 / 9571.1591796875,0.562,C3H4O2,C30H38O4 / C27H34O2,602879.9375 / 31410.271484375,1.1319,C2H4O2,C22H28O2 / C20H24O4,8495.1396484375 / 10623.0966796875,0.0782,C7H6O2,C37H50O9 / C30H44O7,835405.1875 / 33936.33203125,1.5285,C5H10O2,C25H30O3 / C20H20O1,10175.7568359375 / 10566.5751953125,0.0999,C4H8O2,C24H30O3 / C20H22O1,10781.35546875 / 9571.1591796875,0.0909
19,639.3522,13.3,378000000,DA39_pimela factor P2 (WLI-d2),C=C(C)C12CC(C)C34OC5(CCCCCCCC(C)C6C(C)C(OC(=O)c7ccccc7)C(O)(C(O)C7(CO)OC7C3C1O5)C64)O2,MD,24,15,MD,C37H50O9,possibly known,"std_wikstromacrin (DA38), std_pimela factor P2 (DA39)",[M+H]+,none,C10H18O2,C30H38O4 / C20H20O2,602879.9375 / 122999.7265625,1.5629,C14H24O4,C30H40O5 / C16H16O1,490884.34375 / 26802.46875,0.9268,C9H16O2,C29H38O3 / C20H22O1,314356.625 / 9571.1591796875,0.562,C3H4O2,C30H38O4 / C27H34O2,602879.9375 / 31410.271484375,1.1319,C2H4O2,C22H28O2 / C20H24O4,8495.1396484375 / 10623.0966796875,0.0782,C7H6O2,C37H50O9 / C30H44O7,835405.1875 / 33936.33203125,1.5285,C5H10O2,C25H30O3 / C20H20O1,10175.7568359375 / 10566.5751953125,0.0999,C4H8O2,C24H30O3 / C20H22O1,10781.35546875 / 9571.1591796875,0.0909
19,639.3522,13.3,378000000,DA39_pimela factor P2 (WLI-d2),C=C(C)C12CC(C)C34OC5(CCCCCCCC(C)C6C(C)C(OC(=O)c7ccccc7)C(O)(C(O)C7(CO)OC7C3C1O5)C64)O2,MD,24,15,MD,C37H50O9,possibly known,"std_wikstromacrin (DA38), std_pimela factor P2 (DA39)",[M+H]+,none,C10H18O3,C30H38O4 / C20H20O1,602879.9375 / 10566.5751953125,1.0464,C14H24O2,C30H38O4 / C16H14O2,602879.9375 / 9123.90234375,1.0407,C9H16O2,C29H38O3 / C20H22O1,314356.625 / 9571.1591796875,0.562,C3H4O2,C30H38O4 / C27H34O2,602879.9375 / 31410.271484375,1.1319,C2H4O2,C22H28O2 / C20H24O4,8495.1396484375 / 10623.0966796875,0.0782,C7H6O2,C37H50O9 / C30H44O7,835405.1875 / 33936.33203125,1.5285,C5H10O2,C25H30O3 / C20H20O1,10175.7568359375 / 10566.5751953125,0.0999,C4H8O2,C24H30O3 / C20H22O1,10781.35546875 / 9571.1591796875,0.0909
19,639.3522,13.3,378000000,DA39_pimela factor P2 (WLI-d2),C=C(C)C12CC(C)C34OC5(CCCCCCCC(C)C6C(C)C(OC(=O)c7ccccc7)C(O)(C(O)C7(CO)OC7C3C1O5)C64)O2,MD,24,15,MD,C37H50O9,possibly known,"std_wikstromacrin (DA38), std_pimela factor P2 (DA39)",[M+H]+,none,C10H18O3,C30H38O4 / C20H20O1,602879.9375 / 10566.5751953125,1.0464,C14H24O4,C30H40O5 / C16H16O1,490884.34375 / 26802.46875,0.9268,C9H16O2,C29H38O3 / C20H22O1,314356.625 / 9571.1591796875,0.562,C3H4O2,C30H38O4 / C27H34O2,602879.9375 / 31410.271484375,1.1319,C2H4O2,C22H28O2 / C20H24O4,8495.1396484375 / 10623.0966796875,0.0782,C7H6O2,C37H50O9 / C30H44O7,835405.1875 / 33936.33203125,1.5285,C5H10O2,C25H30O3 / C20H20O1,10175.7568359375 / 10566.5751953125,0.0999,C4H8O2,C24H30O3 / C20H22O1,10781.35546875 / 9571.1591796875,0.0909
20,1011.3993,8.2,785000000,DA57_daphneodorin B (DOSO-E),C=C(C)C12CC(COC(C)=O)C34OC5(OC1C3C1OC1(CO)C(O)C1(O)C(OC(=O)c3ccccc3)C(C)C(C(C)CC(OC(=O)c3ccccc3)C(OC(C)=O)C(OC(=O)c3ccccc3)CCC5O)C14)O2,MD,41,14,MD,C55H62O18,possibly known,"std_daphneodorin C (DA58), std_daphneodorin B (DA57)",[M+H]+,none,C10H14O2,C30H32O6 / C20H18O4,956264.125 / 33244.61328125,1.7265,C14H24O4,C30H36O6 / C16H12O2,19589.896484375 / 25270.146484375,0.179,C9H16O2,C29H32O5 / C20H16O3,776241.1875 / 14977.125,1.3528,C3H4O2,C30H32O6 / C27H28O4,956264.125 / 192106.1875,2.4634,C2H4O2,C32H36O8 / C30H32O6,264048.34375 / 956264.125,2.8586,C7H6O2,C37H38O8 / C30H32O6,363446.8125 / 956264.125,3.4758,C5H10O2,C25H28O4 / C20H18O2,63772.28515625 / 194218.609375,0.6414,C4H8O2,C26H28O3 / C22H20O1,102014.7890625 / 89309.3359375,0.8445
20,1011.3993,8.2,785000000,DA57_daphneodorin B (DOSO-E),C=C(C)C12CC(COC(C)=O)C34OC5(OC1C3C1OC1(CO)C(O)C1(O)C(OC(=O)c3ccccc3)C(C)C(C(C)CC(OC(=O)c3ccccc3)C(OC(C)=O)C(OC(=O)c3ccccc3)CCC5O)C14)O2,MD,41,14,MD,C55H62O18,possibly known,"std_daphneodorin C (DA58), std_daphneodorin B (DA57)",[M+H]+,none,C10H16O3,C30H32O6 / C20H16O3,956264.125 / 14977.125,1.6527,C14H24O4,C30H36O6 / C16H12O2,19589.896484375 / 25270.146484375,0.179,C9H16O2,C29H32O5 / C20H16O3,776241.1875 / 14977.125,1.3528,C3H4O2,C30H32O6 / C27H28O4,956264.125 / 192106.1875,2.4634,C2H4O2,C32H36O8 / C30H32O6,264048.34375 / 956264.125,2.8586,C7H6O2,C37H38O8 / C30H32O6,363446.8125 / 956264.125,3.4758,C5H10O2,C25H28O4 / C20H18O2,63772.28515625 / 194218.609375,0.6414,C4H8O2,C26H28O3 / C22H20O1,102014.7890625 / 89309.3359375,0.8445
21,1011.3989,7.6,825000000,DA58_daphneodorin C (DOL-E2),C=C(C)C12CC(COC(C)=O)C34OC5(OC1C3C1OC1(COC(=O)c1ccccc1)C(O)C1(O)C(O)C(C)C(C(C)CC(OC(=O)c3ccccc3)C(OC(C)=O)C(OC(=O)c3ccccc3)CCC5O)C14)O2,MD,24,13,MD,C55H62O18,possibly known,"std_daphneodorin C (DA58), std_daphneodorin B (DA57)",[M+H]+,none,C10H14O2,C30H32O6 / C20H18O4,1041503.3125 / 32748.828125,1.8663,C14H24O4,C30H36O6 / C16H12O2,40756.34375 / 52777.87109375,0.372,C9H16O2,C29H32O5 / C20H16O3,890659.875 / 18385.798828125,1.5571,C3H4O2,C30H32O6 / C27H28O4,1041503.3125 / 66879.90625,2.0089,C2H4O2,C32H36O8 / C30H32O6,861941.75 / 1041503.3125,8.0066,C7H6O2,C37H38O8 / C30H32O6,317344.9375 / 1041503.3125,3.2888,C5H10O2,C25H28O4 / C20H18O2,101070.1484375 / 305350.625,1.0134,C4H8O2,C24H26O5 / C20H18O3,19401.373046875 / 473667.90625,0.8673
21,1011.3989,7.6,825000000,DA58_daphneodorin C (DOL-E2),C=C(C)C12CC(COC(C)=O)C34OC5(OC1C3C1OC1(COC(=O)c1ccccc1)C(O)C1(O)C(O)C(C)C(C(C)CC(OC(=O)c3ccccc3)C(OC(C)=O)C(OC(=O)c3ccccc3)CCC5O)C14)O2,MD,24,13,MD,C55H62O18,possibly known,"std_daphneodorin C (DA58), std_daphneodorin B (DA57)",[M+H]+,none,C10H16O3,C30H32O6 / C20H16O3,1041503.3125 / 18385.798828125,1.8083,C14H24O4,C30H36O6 / C16H12O2,40756.34375 / 52777.87109375,0.372,C9H16O2,C29H32O5 / C20H16O3,890659.875 / 18385.798828125,1.5571,C3H4O2,C30H32O6 / C27H28O4,1041503.3125 / 66879.90625,2.0089,C2H4O2,C32H36O8 / C30H32O6,861941.75 / 1041503.3125,8.0066,C7H6O2,C37H38O8 / C30H32O6,317344.9375 / 1041503.3125,3.2888,C5H10O2,C25H28O4 / C20H18O2,101070.1484375 / 305350.625,1.0134,C4H8O2,C24H26O5 / C20H18O3,19401.373046875 / 473667.90625,0.8673
25,549.3057,5.6,652000000,DA35_daphnepedunin A (TDPE-17),C=C(C)C12CC(C)C34OC5(CCCCCCCC(C)C6C3C(O)(C(=O)C6(C)O)C(O)C3(CO)OC3C4C1O5)O2,MD,12,24,MD,C30H44O9,possibly known,"std_daphnepedunin A (DA35), std_daphnepedunin H (DA37), std_daphnepedunin B (DA34), std_daphnepedunin G (DA36)",[M+H]+,none,C10H18O2,C30H38O6 / C20H20O4,84480.828125 / 39543.0546875,0.3596,C14H24O4,C30H40O7 / C16H16O3,57038.359375 / 102069.4619140625,0.508,C9H16O2,C29H36O5 / C20H20O3,28151.841796875 / 7668.38037109375,0.0835,C3H4O2,C30H38O6 / C27H34O4,84480.828125 / 25008.107421875,0.2624,C2H4O2,C22H26O3 / C20H22O5,5175.33984375 / 21007.01171875,0.0593,none,none,none,none,C5H10O2,C25H32O3 / C20H22O5,4725.26904296875 / 21007.01171875,0.0568,none,none,none,none
25,549.3057,5.6,652000000,DA35_daphnepedunin A (TDPE-17),C=C(C)C12CC(C)C34OC5(CCCCCCCC(C)C6C3C(O)(C(=O)C6(C)O)C(O)C3(CO)OC3C4C1O5)O2,MD,12,24,MD,C30H44O9,possibly known,"std_daphnepedunin A (DA35), std_daphnepedunin H (DA37), std_daphnepedunin B (DA34), std_daphnepedunin G (DA36)",[M+H]+,none,C10H16O2,C30H36O5 / C20H20O3,102847.15625 / 7668.38037109375,0.203,C14H24O4,C30H40O7 / C16H16O3,57038.359375 / 102069.4619140625,0.508,C9H16O2,C29H36O5 / C20H20O3,28151.841796875 / 7668.38037109375,0.0835,C3H4O2,C30H38O6 / C27H34O4,84480.828125 / 25008.107421875,0.2624,C2H4O2,C22H26O3 / C20H22O5,5175.33984375 / 21007.01171875,0.0593,none,none,none,none,C5H10O2,C25H32O3 / C20H22O5,4725.26904296875 / 21007.01171875,0.0568,none,none,none,none
26,775.3684,10.2,34600000,DA51_gnidimacrin (DOSO-B),C=C(C)C12CC(COC(=O)c3ccccc3)C34OC5(OC1C3C1OC1(CO)C(O)C1(O)C(OC(=O)c3ccccc3)C(C)C(C(C)CCCCCCC5O)C14)O2,MD,24,17,MD,C44H54O12,possibly known,"std_stelleralide H (DA50), std_gnidimacrin (DA51)",[M+H]+,none,C10H18O3,C30H36O5 / C20H18O2,400000.0 / 180000.0,1.649,C14H24O4,C30H38O6 / C16H14O2,630000.0 / 29000.0,1.1668,C9H16O2,C29H36O4 / C20H20O2,580000.0 / 44000.0,1.1479,C3H4O2,C30H40O7 / C27H36O5,170000.0 / 400000.0,1.5772,none,none,none,none,C7H6O2,C37H44O8 / C30H38O6,260000.0 / 630000.0,2.4298,C5H10O2,C27H32O4 / C22H22O2,7600.0 / 8500.0,0.0724,C4H8O2,C26H30O4 / C22H22O2,9100.0 / 8500.0,0.0824
26,775.3684,10.2,34600000,DA51_gnidimacrin (DOSO-B),C=C(C)C12CC(COC(=O)c3ccccc3)C34OC5(OC1C3C1OC1(CO)C(O)C1(O)C(OC(=O)c3ccccc3)C(C)C(C(C)CCCCCCC5O)C14)O2,MD,24,17,MD,C44H54O12,possibly known,"std_stelleralide H (DA50), std_gnidimacrin (DA51)",[M+H]+,none,C10H16O2,C30H36O5 / C20H20O3,400000.0 / 99000.0,1.1308,C14H24O4,C30H38O6 / C16H14O2,630000.0 / 29000.0,1.1668,C9H16O2,C29H36O4 / C20H20O2,580000.0 / 44000.0,1.1479,C3H4O2,C30H40O7 / C27H36O5,170000.0 / 400000.0,1.5772,none,none,none,none,C7H6O2,C37H44O8 / C30H38O6,260000.0 / 630000.0,2.4298,C5H10O2,C27H32O4 / C22H22O2,7600.0 / 8500.0,0.0724,C4H8O2,C26H30O4 / C22H22O2,9100.0 / 8500.0,0.0824
27,775.3675,9.6,83000000,DA50_stelleralide H (WLI-j),C=C(C)C12CC(COC(=O)c3ccccc3)C34OC5(OC1C3C1OC1(COC(=O)c1ccccc1)C(O)C1(O)C(O)C(C)C(C(C)CCCCCCC5O)C14)O2,MD,28,24,MD,C44H54O12,possibly known,"std_stelleralide H (DA50), std_gnidimacrin (DA51)",[M+H]+,none,C10H18O3,C30H38O6 / C20H20O3,110000.0 / 30000.0,0.3267,C14H24O4,C30H38O6 / C16H14O2,110000.0 / 4700.0,0.2022,C9H16O2,C29H36O5 / C20H20O3,43000.0 / 30000.0,0.2691,C3H4O2,C30H38O6 / C27H34O4,110000.0 / 35000.0,0.3564,C2H4O2,C22H24O3 / C20H20O1,2100.0 / 2200.0,0.0205,C7H6O2,C37H44O8 / C30H38O6,21000.0 / 110000.0,0.2777,C5H10O2,C25H32O6 / C20H22O4,2300.0 / 13000.0,0.0319,C4H8O2,C24H30O2 / C20H22O4,2600.0 / 13000.0,0.0334
27,775.3675,9.6,83000000,DA50_stelleralide H (WLI-j),C=C(C)C12CC(COC(=O)c3ccccc3)C34OC5(OC1C3C1OC1(COC(=O)c1ccccc1)C(O)C1(O)C(O)C(C)C(C(C)CCCCCCC5O)C14)O2,MD,28,24,MD,C44H54O12,possibly known,"std_stelleralide H (DA50), std_gnidimacrin (DA51)",[M+H]+,none,C10H16O2,C30H36O5 / C20H20O3,73000.0 / 30000.0,0.2807,C14H24O4,C30H38O6 / C16H14O2,110000.0 / 4700.0,0.2022,C9H16O2,C29H36O5 / C20H20O3,43000.0 / 30000.0,0.2691,C3H4O2,C30H38O6 / C27H34O4,110000.0 / 35000.0,0.3564,C2H4O2,C22H24O3 / C20H20O1,2100.0 / 2200.0,0.0205,C7H6O2,C37H44O8 / C30H38O6,21000.0 / 110000.0,0.2777,C5H10O2,C25H32O6 / C20H22O4,2300.0 / 13000.0,0.0319,C4H8O2,C24H30O2 / C20H22O4,2600.0 / 13000.0,0.0334
31,549.3059,6,32700000,DA34_daphnepedunin B (TDPE-27),C=C(C)C12CC(C)C34OC5(CCCCCCCC(C)C6C3C(O)(C(=O)C6(C)O)C(O)C3(CO)OC3C4C1O5)O2,MD,17,20,MD,C30H44O9,possibly known,"std_daphnepedunin A (DA35), std_daphnepedunin H (DA37), std_daphnepedunin B (DA34), std_daphnepedunin G (DA36)",[M+H]+,none,C10H18O2,C30H38O6 / C20H20O4,71000.0 / 49000.0,0.439,C14H24O4,C30H40O7 / C16H16O3,45000.0 / 23000.0,0.2064,C9H16O2,C29H34O4 / C20H18O2,19000.0 / 12000.0,0.1068,C3H4O2,C30H38O6 / C27H34O4,71000.0 / 52000.0,0.4698,none,none,none,none,none,none,none,none,none,none,none,none,none,none,none,none
31,549.3059,6,32700000,DA34_daphnepedunin B (TDPE-27),C=C(C)C12CC(C)C34OC5(CCCCCCCC(C)C6C3C(O)(C(=O)C6(C)O)C(O)C3(CO)OC3C4C1O5)O2,MD,17,20,MD,C30H44O9,possibly known,"std_daphnepedunin A (DA35), std_daphnepedunin H (DA37), std_daphnepedunin B (DA34), std_daphnepedunin G (DA36)",[M+H]+,none,C10H18O3,C27H34O4 / C17H16O1,52000.0 / 28000.0,0.25,C14H24O4,C30H40O7 / C16H16O3,45000.0 / 23000.0,0.2064,C9H16O2,C29H34O4 / C20H18O2,19000.0 / 12000.0,0.1068,C3H4O2,C30H38O6 / C27H34O4,71000.0 / 52000.0,0.4698,none,none,none,none,none,none,none,none,none,none,none,none,none,none,none,none
32,653.332,10.5,18800000,DA41_wikstroelide F (TDPE-20),C=C(C)C12CC(COC(=O)c3ccccc3)C34OC5(CCCCCCCC(C)C6C(C)C(=O)C(O)(C(O)C7(CO)OC7C3C1O5)C64)O2,MD,17,16,MD,C37H48O10,possibly known,std_wikstroelide F (DA41),[M+H]+,none,C10H18O2,C30H36O5 / C20H18O3,161314.09375 / 18234.13671875,0.3461,C14H24O4,C30H38O6 / C16H14O2,135362.375 / 12604.291015625,0.2782,none,none,none,none,C3H4O2,C30H38O6 / C27H34O4,135362.375 / 141525.6875,1.3254,none,none,none,none,C7H6O2,C37H42O7 / C30H36O5,4484.99169921875 / 161314.09375,0.2867,C5H10O2,C25H30O2 / C20H20O4,10745.0576171875 / 6397.15576171875,0.0569,none,none,none,none
32,653.332,10.5,18800000,DA41_wikstroelide F (TDPE-20),C=C(C)C12CC(COC(=O)c3ccccc3)C34OC5(CCCCCCCC(C)C6C(C)C(=O)C(O)(C(O)C7(CO)OC7C3C1O5)C64)O2,MD,17,16,MD,C37H48O10,possibly known,std_wikstroelide F (DA41),[M+H]+,none,C10H18O3,C27H34O4 / C17H16O1,141525.6875 / 6512.708984375,0.2621,C14H24O4,C30H38O6 / C16H14O2,135362.375 / 12604.291015625,0.2782,none,none,none,none,C3H4O2,C30H38O6 / C27H34O4,135362.375 / 141525.6875,1.3254,none,none,none,none,C7H6O2,C37H42O7 / C30H36O5,4484.99169921875 / 161314.09375,0.2867,C5H10O2,C25H30O2 / C20H20O4,10745.0576171875 / 6397.15576171875,0.0569,none,none,none,none
33,519.2952,8.4,1590000000,DA29_daphnepedunin C (TDPE-32),C=C(C)C12CC(C)C34OC5(CCCCCCCCC6C(C)C(=O)C(O)(C(O)C7(CO)OC7C3C1O5)C64)O2,MD,0,17,MD,C29H42O8,possibly known,std_daphnepedunin C (DA29),[M+H]+,none,C10H18O2,C27H32O1 / C17H14O3,21000.0 / 8300.0,0.0785,none,none,none,none,C9H16O2,C29H34O4 / C20H18O2,180000.0 / 7700.0,0.3309,C3H4O2,C27H34O3 / C24H30O1,35000.0 / 6200.0,0.0859,none,none,none,none,none,none,none,none,C5H10O2,C25H32O2 / C20H22O4,11000.0 / 6300.0,0.056,C4H8O2,C24H30O2 / C20H22O4,7700.0 / 6300.0,0.0583
34,547.2899,8.3,24000000,DA33_pimelotide C (TDPE-4),C=C(C)C12CC(C)C34OC5(CCCCCCCC(C)C6C3C3(OC6(C)OC3=O)C(O)C3(CO)OC3C4C1O5)O2,MD,10,26,MD,C30H42O9,possibly known,"std_pimelotide C (DA33), std_pimelotide A (DA32)",[M+H]+,none,C10H18O2,C30H36O6 / C20H18O4,27000.0 / 22000.0,0.2035,C14H24O4,C30H38O7 / C16H14O3,61000.0 / 26000.0,0.2411,none,none,none,none,none,none,none,none,none,none,none,none,none,none,none,none,none,none,none,none,none,none,none,none
34,547.2899,8.3,24000000,DA33_pimelotide C (TDPE-4),C=C(C)C12CC(C)C34OC5(CCCCCCCC(C)C6C3C3(OC6(C)OC3=O)C(O)C3(CO)OC3C4C1O5)O2,MD,10,26,MD,C30H42O9,possibly known,"std_pimelotide C (DA33), std_pimelotide A (DA32)",[M+H]+,none,C10H16O2,C27H32O3 / C17H16O5,14000.0 / 15000.0,0.1356,C14H24O4,C30H38O7 / C16H14O3,61000.0 / 26000.0,0.2411,none,none,none,none,none,none,none,none,none,none,none,none,none,none,none,none,none,none,none,none,none,none,none,none
35,895.3884,10.2,8466765.443,DA55_stelleralide G (WIS-12),C=C(C)C12CC(COC(=O)c3ccccc3)C34OC5(OC1C3C1OC1(CO)C(O)C1(O)C(OC(=O)c3ccccc3)C(C)C(C(C)CC(OC(=O)c3ccccc3)CCCCC5O)C14)O2,MD,13,23,MD,C51H58O14,possibly known,std_stelleralide G (DA55),[M+H]+,none,C10H16O3,C30H36O6 / C20H20O3,77000.0 / 31000.0,0.2916,none,none,none,none,C9H16O2,C29H36O5 / C20H20O3,36000.0 / 31000.0,0.2915,C3H4O2,C30H36O6 / C27H32O4,77000.0 / 28000.0,0.2716,C2H4O2,C22H24O1 / C20H20O3,3200.0 / 31000.0,0.0651,C7H6O2,C37H42O8 / C30H36O6,19000.0 / 77000.0,0.2174,C5H10O2,C27H32O4 / C22H22O2,28000.0 / 3500.0,0.0616,C4H8O2,C26H30O4 / C22H22O2,4600.0 / 3500.0,0.0318
35,895.3884,10.2,8466765.443,DA55_stelleralide G (WIS-12),C=C(C)C12CC(COC(=O)c3ccccc3)C34OC5(OC1C3C1OC1(CO)C(O)C1(O)C(OC(=O)c3ccccc3)C(C)C(C(C)CC(OC(=O)c3ccccc3)CCCCC5O)C14)O2,MD,13,23,MD,C51H58O14,possibly known,std_stelleralide G (DA55),[M+H]+,none,C10H14O2,C30H34O5 / C20H20O3,51000.0 / 31000.0,0.2756,none,none,none,none,C9H16O2,C29H36O5 / C20H20O3,36000.0 / 31000.0,0.2915,C3H4O2,C30H36O6 / C27H32O4,77000.0 / 28000.0,0.2716,C2H4O2,C22H24O1 / C20H20O3,3200.0 / 31000.0,0.0651,C7H6O2,C37H42O8 / C30H36O6,19000.0 / 77000.0,0.2174,C5H10O2,C27H32O4 / C22H22O2,28000.0 / 3500.0,0.0616,C4H8O2,C26H30O4 / C22H22O2,4600.0 / 3500.0,0.0318
36,669.3265,5.5,1560000000,DA45_daphnepedunin D (TDPE-11),C=C(C)C12CC(COC(=O)c3ccccc3)C34OC5(CCCCCC(O)CC(C)C6C(C)C(=O)C(O)(C(O)C7(CO)OC7C3C1O5)C64)O2,MD,32,20,MD,C37H48O11,possibly known,std_daphnepedunin D (DA45),[M+H]+,none,C10H16O2,C30H36O6 / C20H20O4,143058.890625 / 25327.208984375,0.351,C14H24O4,C30H36O6 / C16H12O2,143058.890625 / 6258.810546875,0.2636,C9H16O2,C29H34O5 / C20H18O3,45737.42578125 / 23726.3046875,0.2126,C3H4O2,C30H38O7 / C27H34O5,109476.3203125 / 98209.9921875,0.9368,C2H4O2,C22H22O2 / C20H18O4,9628.5859375 / 13597.22265625,0.0866,C7H6O2,C37H48O11 / C30H42O9,55194.6796875 / 39569.9296875,0.3563,C5H10O2,C27H34O5 / C22H24O3,98209.9921875 / 4289.2646484375,0.1809,C4H8O2,C26H30O4 / C22H22O2,7343.35595703125 / 9628.5859375,0.0669
36,669.3265,5.5,1560000000,DA45_daphnepedunin D (TDPE-11),C=C(C)C12CC(COC(=O)c3ccccc3)C34OC5(CCCCCC(O)CC(C)C6C(C)C(=O)C(O)(C(O)C7(CO)OC7C3C1O5)C64)O2,MD,32,20,MD,C37H48O11,possibly known,std_daphnepedunin D (DA45),[M+H]+,none,C10H18O3,C30H36O6 / C20H18O3,143058.890625 / 23726.3046875,0.343,C14H24O4,C30H36O6 / C16H12O2,143058.890625 / 6258.810546875,0.2636,C9H16O2,C29H34O5 / C20H18O3,45737.42578125 / 23726.3046875,0.2126,C3H4O2,C30H38O7 / C27H34O5,109476.3203125 / 98209.9921875,0.9368,C2H4O2,C22H22O2 / C20H18O4,9628.5859375 / 13597.22265625,0.0866,C7H6O2,C37H48O11 / C30H42O9,55194.6796875 / 39569.9296875,0.3563,C5H10O2,C27H34O5 / C22H24O3,98209.9921875 / 4289.2646484375,0.1809,C4H8O2,C26H30O4 / C22H22O2,7343.35595703125 / 9628.5859375,0.0669
37,731.399,11,2340000000,DA47_edgeworthianin E (ECH-2),C=C(C)C12OC34CCCC=CCCCCC(CCC)C5C(C)C(=O)C6(O)C(O)C7(CO)OC7C(C1O3)C(O4)(C(COC(=O)C(C)C)C2OC(C)=O)C56,MD,13,24,MD,C40H58O12,possibly known,std_edgeworthianin E (DA47),[M+H]+,none,C10H16O2,C30H34O2 / C20H18O4,140000.0 / 780000.0,1.9236,C14H24O2,C34H42O6 / C20H18O4,1900000.0 / 780000.0,7.2992,C9H16O2,C29H34O2 / C20H18O4,120000.0 / 780000.0,1.8243,C3H4O2,C20H20O4 / C17H16O2,110000.0 / 82000.0,0.7432,C2H4O2,C36H46O8 / C34H42O6,230000.0 / 1900000.0,4.1471,none,none,none,none,none,none,none,none,C4H8O2,C38H50O8 / C34H42O6,98000.0 / 1900000.0,3.563
37,731.399,11,2340000000,DA47_edgeworthianin E (ECH-2),C=C(C)C12OC34CCCC=CCCCCC(CCC)C5C(C)C(=O)C6(O)C(O)C7(CO)OC7C(C1O3)C(O4)(C(COC(=O)C(C)C)C2OC(C)=O)C56,MD,13,24,MD,C40H58O12,possibly known,std_edgeworthianin E (DA47),[M+H]+,none,C10H18O2,C30H36O2 / C20H18O4,81000.0 / 780000.0,1.6408,C14H24O2,C34H42O6 / C20H18O4,1900000.0 / 780000.0,7.2992,C9H16O2,C29H34O2 / C20H18O4,120000.0 / 780000.0,1.8243,C3H4O2,C20H20O4 / C17H16O2,110000.0 / 82000.0,0.7432,C2H4O2,C36H46O8 / C34H42O6,230000.0 / 1900000.0,4.1471,none,none,none,none,none,none,none,none,C4H8O2,C38H50O8 / C34H42O6,98000.0 / 1900000.0,3.563
38,659.3413,10.9,2290000000,DA42_edgeworthianin A (ECH-3),C=C(C)C12OC34CCCC=CCCCCC(CCC)C5C6C7(OC5(C)OC7=O)C(O)C5(CO)OC5C(C1O3)C6(O4)C(C)C2OC(C)=O,MD,8,12,MD,C36H50O11,possibly known,std_edgeworthianin A (DA42),[M+H]+,none,C10H18O3,C30H36O2 / C20H18O5,53000.0 / 450000.0,0.9754,C14H24O2,C34H42O7 / C20H18O5,530000.0 / 450000.0,4.2123,none,none,none,none,C3H4O2,C30H36O2 / C27H32O4,53000.0 / 54000.0,0.5252,C2H4O2,C36H48O10 / C34H44O8,190000.0 / 1700000.0,3.6376,none,none,none,none,none,none,none,none,none,none,none,none
38,659.3413,10.9,2290000000,DA42_edgeworthianin A (ECH-3),C=C(C)C12OC34CCCC=CCCCCC(CCC)C5C6C7(OC5(C)OC7=O)C(O)C5(CO)OC5C(C1O3)C6(O4)C(C)C2OC(C)=O,MD,8,12,MD,C36H50O11,possibly known,std_edgeworthianin A (DA42),[M+H]+,none,C10H16O2,C27H32O4 / C17H16O2,54000.0 / 43000.0,0.3953,C14H24O2,C34H42O7 / C20H18O5,530000.0 / 450000.0,4.2123,none,none,none,none,C3H4O2,C30H36O2 / C27H32O4,53000.0 / 54000.0,0.5252,C2H4O2,C36H48O10 / C34H44O8,190000.0 / 1700000.0,3.6376,none,none,none,none,none,none,none,none,none,none,none,none
39,953.3942,9,238000000,DA56_daphneodorin A (DOSO-K),C=C(C)C12CC(COC(C)=O)C34OC5(OC1C3C1OC1(CO)C(O)C1(O)C(OC(=O)c3ccccc3)C(C)C(C(C)CC(OC(=O)c3ccccc3)C(OC(=O)c3ccccc3)CCCC5O)C14)O2,MD,39,22,MD,C53H60O16,possibly known,std_daphneodorin A (DA56),[M+H]+,none,C10H16O3,C30H34O6 / C20H18O3,587330.25 / 60173.6953125,1.2318,none,none,none,none,C9H16O2,C29H32O4 / C20H16O2,531967.875 / 14828.6826171875,0.9455,C3H4O2,C30H34O6 / C27H30O4,587330.25 / 231358.484375,2.1895,C2H4O2,C32H38O8 / C30H34O6,83588.84375 / 587330.25,1.341,C7H6O2,C37H40O8 / C30H34O6,220257.5625 / 587330.25,2.1151,C5H10O2,C27H30O4 / C22H20O2,231358.484375 / 89486.3046875,0.8513,C4H8O2,C24H26O4 / C20H18O2,19630.50390625 / 147832.8125,0.3308
39,953.3942,9,238000000,DA56_daphneodorin A (DOSO-K),C=C(C)C12CC(COC(C)=O)C34OC5(OC1C3C1OC1(CO)C(O)C1(O)C(OC(=O)c3ccccc3)C(C)C(C(C)CC(OC(=O)c3ccccc3)C(OC(=O)c3ccccc3)CCCC5O)C14)O2,MD,39,22,MD,C53H60O16,possibly known,std_daphneodorin A (DA56),[M+H]+,none,C10H14O2,C30H34O6 / C20H20O4,587330.25 / 22961.345703125,1.0709,none,none,none,none,C9H16O2,C29H32O4 / C20H16O2,531967.875 / 14828.6826171875,0.9455,C3H4O2,C30H34O6 / C27H30O4,587330.25 / 231358.484375,2.1895,C2H4O2,C32H38O8 / C30H34O6,83588.84375 / 587330.25,1.341,C7H6O2,C37H40O8 / C30H34O6,220257.5625 / 587330.25,2.1151,C5H10O2,C27H30O4 / C22H20O2,231358.484375 / 89486.3046875,0.8513,C4H8O2,C24H26O4 / C20H18O2,19630.50390625 / 147832.8125,0.3308
40,787.3316,10.9,16500000,DA53_daphnepedunin F (TDPE-39),C=C(C)C12CC(COC(=O)c3ccccc3)C34OC5(CCCCCC(OC(=O)c6ccccc6)CC(C)C6C3C3(OC6(C)OC3=O)C(O)C3(CO)OC3C4C1O5)O2,MD,7,14,MD,C44H50O13,possibly known,std_daphnepedunin F (DA53),[M+H]+,none,C10H16O2,C30H36O8 / C20H20O6,200000.0 / 55000.0,0.5966,none,none,none,none,C9H16O2,C29H34O6 / C20H18O4,30000.0 / 5400.0,0.0741,none,none,none,none,C2H4O2,C22H22O6 / C20H18O4,11000.0 / 5400.0,0.0487,C7H6O2,C37H42O10 / C30H36O8,180000.0 / 200000.0,1.719,C5H10O2,C25H26O6 / C20H16O4,7100.0 / 6400.0,0.0612,none,none,none,none
40,787.3316,10.9,16500000,DA53_daphnepedunin F (TDPE-39),C=C(C)C12CC(COC(=O)c3ccccc3)C34OC5(CCCCCC(OC(=O)c6ccccc6)CC(C)C6C3C3(OC6(C)OC3=O)C(O)C3(CO)OC3C4C1O5)O2,MD,7,14,MD,C44H50O13,possibly known,std_daphnepedunin F (DA53),[M+H]+,none,C10H18O3,C30H38O9 / C20H20O6,170000.0 / 55000.0,0.5563,none,none,none,none,C9H16O2,C29H34O6 / C20H18O4,30000.0 / 5400.0,0.0741,none,none,none,none,C2H4O2,C22H22O6 / C20H18O4,11000.0 / 5400.0,0.0487,C7H6O2,C37H42O10 / C30H36O8,180000.0 / 200000.0,1.719,C5H10O2,C25H26O6 / C20H16O4,7100.0 / 6400.0,0.0612,none,none,none,none
41,667.3114,10.7,8148135.142,DA44_daphnepedunin E (TDPE-28),C=C(C)C12CC(COC(=O)c3ccccc3)C34OC5(CCCCCCCC(C)C6C3C3(OC6(C)OC3=O)C(O)C3(CO)OC3C4C1O5)O2,MD,8,24,MD,C37H46O11,possibly known,"std_stelleralide C (DA43), std_daphnepedunin E (DA44)",[M+H]+,none,C10H18O2,C30H34O6 / C20H16O4,20000.0 / 14000.0,0.1257,C14H24O4,C30H36O7 / C16H12O3,32000.0 / 8800.0,0.0954,none,none,none,none,C3H4O2,C27H34O5 / C24H30O3,3500.0 / 2500.0,0.0225,none,none,none,none,C7H6O2,C37H46O11 / C30H40O9,20000.0 / 53000.0,0.1917,C5H10O2,C25H30O4 / C20H20O6,4600.0 / 13000.0,0.045,none,none,none,none
42,645.3622,10.8,1310000000,DA40_edgeworthianin D (ECH-1),C=C(C)C12OC34CCCC=CCCCCC(CCC)C5C(C)C(=O)C6(O)C(O)C7(CO)OC7C(C1O3)C(O4)(C(C)C2OC(C)=O)C56,MD,10,11,MD,C36H52O10,possibly known,std_edgeworthianin D (DA40),[M+H]+,none,C10H14O2,C30H36O3 / C20H22O5,72000.0 / 100000.0,0.6488,C14H24O2,C34H44O6 / C20H20O4,2000000.0 / 480000.0,5.571,C9H16O2,C29H36O2 / C20H20O4,43000.0 / 480000.0,0.979,C3H4O2,C20H28O2 / C17H24O0,40000.0 / 50000.0,0.3682,C2H4O2,C36H48O8 / C34H44O6,77000.0 / 2000000.0,3.6417,C7H6O2,C29H36O2 / C22H30O4,43000.0 / 31000.0,0.2794,none,none,none,none,C4H8O2,C24H28O3 / C20H20O5,44000.0 / 35000.0,0.3217
42,645.3622,10.8,1310000000,DA40_edgeworthianin D (ECH-1),C=C(C)C12OC34CCCC=CCCCCC(CCC)C5C(C)C(=O)C6(O)C(O)C7(CO)OC7C(C1O3)C(O4)(C(C)C2OC(C)=O)C56,MD,10,11,MD,C36H52O10,possibly known,std_edgeworthianin D (DA40),[M+H]+,none,C10H18O2,C30H40O3 / C20H22O5,37000.0 / 100000.0,0.3568,C14H24O2,C34H44O6 / C20H20O4,2000000.0 / 480000.0,5.571,C9H16O2,C29H36O2 / C20H20O4,43000.0 / 480000.0,0.979,C3H4O2,C20H28O2 / C17H24O0,40000.0 / 50000.0,0.3682,C2H4O2,C36H48O8 / C34H44O6,77000.0 / 2000000.0,3.6417,C7H6O2,C29H36O2 / C22H30O4,43000.0 / 31000.0,0.2794,none,none,none,none,C4H8O2,C24H28O3 / C20H20O5,44000.0 / 35000.0,0.3217
42,645.3622,10.8,1310000000,DA40_edgeworthianin D (ECH-1),C=C(C)C12OC34CCCC=CCCCCC(CCC)C5C(C)C(=O)C6(O)C(O)C7(CO)OC7C(C1O3)C(O4)(C(C)C2OC(C)=O)C56,MD,10,11,MD,C36H52O10,possibly known,std_edgeworthianin D (DA40),[M+H]+,none,C10H16O2,C30H36O3 / C20H20O5,72000.0 / 35000.0,0.3163,C14H24O2,C34H44O6 / C20H20O4,2000000.0 / 480000.0,5.571,C9H16O2,C29H36O2 / C20H20O4,43000.0 / 480000.0,0.979,C3H4O2,C20H28O2 / C17H24O0,40000.0 / 50000.0,0.3682,C2H4O2,C36H48O8 / C34H44O6,77000.0 / 2000000.0,3.6417,C7H6O2,C29H36O2 / C22H30O4,43000.0 / 31000.0,0.2794,none,none,none,none,C4H8O2,C24H28O3 / C20H20O5,44000.0 / 35000.0,0.3217
43,549.3054,5.4,32900000,DA36_daphnepedunin G (TDPE-41),C=C(C)C12CC(C)C34OC5(CCCCCCCC(C)C(C(C)C(=O)O)C3C(=O)C(O)C3(CO)OC3C4C1O5)O2,MD,8,19,MD,C30H44O9,possibly known,"std_daphnepedunin A (DA35), std_daphnepedunin H (DA37), std_daphnepedunin B (DA34), std_daphnepedunin G (DA36)",[M+H]+,none,C10H18O2,C30H36O5 / C20H18O3,120000.0 / 12000.0,0.2503,C14H24O4,C30H38O6 / C16H14O2,120000.0 / 21000.0,0.2932,none,none,none,none,none,none,none,none,none,none,none,none,none,none,none,none,none,none,none,none,none,none,none,none
44,745.3793,11.6,1130000000,DA48_edgeworthianin B (ECH-4),C=C(C)C12OC34CCCC=CCCCCC(CCC)C5C6C7(OC5(C)OC7=O)C(O)C5(CO)OC5C(C1O3)C6(O4)C(COC(=O)C(C)C)C2OC(C)=O,MD,6,10,MD,C40H56O13,possibly known,std_edgeworthianin B (DA48),[M+H]+,none,C10H16O2,C30H38O6 / C20H22O8,17000.0 / 26000.0,0.1516,C14H24O2,C36H48O11 / C22H24O9,220000.0 / 200000.0,1.9174,none,none,none,none,C3H4O2,C20H20O7 / C17H16O5,230000.0 / 20000.0,0.4664,C2H4O2,C22H24O9 / C20H20O7,200000.0 / 230000.0,1.8867,none,none,none,none,none,none,none,none,none,none,none,none
45,547.2891,9.3,701000000,DA32_pimelotide A (NSC-7),C=C(C)C12CC(C)C34OC5(CCCCCCCC(C)C6C3C3(OC6(C)OC3=O)C(O)C3(CO)OC3C4C1O5)O2,MD,25,39,MD,C30H42O9,possibly known,"std_pimelotide C (DA33), std_pimelotide A (DA32)",[M+H]+,none,C10H18O2,C30H42O9 / C20H24O7,1400000.0 / 19000.0,2.408,C14H24O4,C30H38O7 / C16H14O3,130000.0 / 69000.0,0.6168,C9H16O2,C29H40O6 / C20H24O4,29000.0 / 13000.0,0.1192,C3H4O2,C30H38O7 / C27H34O5,130000.0 / 9900.0,0.2575,C2H4O2,C22H22O2 / C20H18O4,3400.0 / 53000.0,0.1022,C7H6O2,C27H32O2 / C20H26O4,13000.0 / 14000.0,0.1257,C5H10O2,C27H34O4 / C22H24O2,61000.0 / 5900.0,0.1264,C4H8O2,C24H28O3 / C20H20O5,15000.0 / 51000.0,0.1578
46,779.362,12.1,760000000,DA52_edgeworthianin C (ECH-5),C=C(C)C12OC34CCCC=CCCCCC(CCC)C5C6C7(OC5(C)OC7=O)C(O)C5(CO)OC5C(C1O3)C6(O4)C(COC(=O)c1ccccc1)C2OC(C)=O,MD,10,13,MD,C43H54O13,possibly known,std_edgeworthianin C (DA52),[M+H]+,none,C10H18O3,C30H36O3 / C20H18O6,19000.0 / 350000.0,0.6603,C14H24O2,C36H48O11 / C22H24O9,420000.0 / 330000.0,3.0242,C9H16O2,C29H36O5 / C20H20O7,12000.0 / 340000.0,0.6146,C3H4O2,C20H18O6 / C17H14O4,350000.0 / 47000.0,0.7857,C2H4O2,C22H24O9 / C20H20O7,330000.0 / 340000.0,3.2529,C7H6O2,C29H28O10 / C22H22O8,8700.0 / 140000.0,0.2688,C5H10O2,C25H28O1 / C20H18O3,9500.0 / 8000.0,0.0747,C4H8O2,C24H26O7 / C20H18O5,12000.0 / 13000.0,0.1157
46,779.362,12.1,760000000,DA52_edgeworthianin C (ECH-5),C=C(C)C12OC34CCCC=CCCCCC(CCC)C5C6C7(OC5(C)OC7=O)C(O)C5(CO)OC5C(C1O3)C6(O4)C(COC(=O)c1ccccc1)C2OC(C)=O,MD,10,13,MD,C43H54O13,possibly known,std_edgeworthianin C (DA52),[M+H]+,none,C10H16O3,C30H34O3 / C20H18O6,18000.0 / 350000.0,0.6561,C14H24O2,C36H48O11 / C22H24O9,420000.0 / 330000.0,3.0242,C9H16O2,C29H36O5 / C20H20O7,12000.0 / 340000.0,0.6146,C3H4O2,C20H18O6 / C17H14O4,350000.0 / 47000.0,0.7857,C2H4O2,C22H24O9 / C20H20O7,330000.0 / 340000.0,3.2529,C7H6O2,C29H28O10 / C22H22O8,8700.0 / 140000.0,0.2688,C5H10O2,C25H28O1 / C20H18O3,9500.0 / 8000.0,0.0747,C4H8O2,C24H26O7 / C20H18O5,12000.0 / 13000.0,0.1157
46,779.362,12.1,760000000,DA52_edgeworthianin C (ECH-5),C=C(C)C12OC34CCCC=CCCCCC(CCC)C5C6C7(OC5(C)OC7=O)C(O)C5(CO)OC5C(C1O3)C6(O4)C(COC(=O)c1ccccc1)C2OC(C)=O,MD,10,13,MD,C43H54O13,possibly known,std_edgeworthianin C (DA52),[M+H]+,none,C10H18O2,C30H36O4 / C20H18O6,13000.0 / 350000.0,0.6353,C14H24O2,C36H48O11 / C22H24O9,420000.0 / 330000.0,3.0242,C9H16O2,C29H36O5 / C20H20O7,12000.0 / 340000.0,0.6146,C3H4O2,C20H18O6 / C17H14O4,350000.0 / 47000.0,0.7857,C2H4O2,C22H24O9 / C20H20O7,330000.0 / 340000.0,3.2529,C7H6O2,C29H28O10 / C22H22O8,8700.0 / 140000.0,0.2688,C5H10O2,C25H28O1 / C20H18O3,9500.0 / 8000.0,0.0747,C4H8O2,C24H26O7 / C20H18O5,12000.0 / 13000.0,0.1157
47,703.3682,10.2,89000000,DA46_edgeworthianin F (ECF-7),C=C(C)C12OC34CCCC=CCCCCC(CCC)C5C6C7(OC5(C)OC7=O)C(O)C5(CO)OC5C(C1O3)C6(O4)C(COC(=O)C(C)C)C2O,MD,13,22,MD,C38H54O12,possibly known,std_edgeworthianin F (DA46),[M+H]+,none,C10H18O3,C30H38O4 / C20H20O7,3700.0 / 19000.0,0.0483,C14H24O2,C34H42O8 / C20H18O6,36000.0 / 19000.0,0.1699,C9H16O2,C29H34O4 / C20H18O6,2500.0 / 19000.0,0.0424,C3H4O2,C20H18O6 / C17H14O4,19000.0 / 1900.0,0.0396,C2H4O2,C32H42O6 / C30H38O4,5700.0 / 3700.0,0.033,none,none,none,none,none,none,none,none,C4H8O2,C38H54O12 / C34H46O10,15000.0 / 33000.0,0.1371
47,703.3682,10.2,89000000,DA46_edgeworthianin F (ECF-7),C=C(C)C12OC34CCCC=CCCCCC(CCC)C5C6C7(OC5(C)OC7=O)C(O)C5(CO)OC5C(C1O3)C6(O4)C(COC(=O)C(C)C)C2O,MD,13,22,MD,C38H54O12,possibly known,std_edgeworthianin F (DA46),[M+H]+,none,C10H18O2,C30H36O4 / C20H18O6,2100.0 / 19000.0,0.0405,C14H24O2,C34H42O8 / C20H18O6,36000.0 / 19000.0,0.1699,C9H16O2,C29H34O4 / C20H18O6,2500.0 / 19000.0,0.0424,C3H4O2,C20H18O6 / C17H14O4,19000.0 / 1900.0,0.0396,C2H4O2,C32H42O6 / C30H38O4,5700.0 / 3700.0,0.033,none,none,none,none,none,none,none,none,C4H8O2,C38H54O12 / C34H46O10,15000.0 / 33000.0,0.1371
48,759.3942,12.3,136000000,DA49_edgeworthianin G (ECH-6),C=C(C)C12OC34CCCC=CCCCCC(CCC)C5C6C7(OC5(C)OC7=O)C(O)C5(CO)OC5C(C1O3)C6(O4)C(COC(=O)C(C)CC)C2OC(C)=O,MD,9,13,MD,C41H58O13,possibly known,std_edgeworthianin G (DA49),[M+H]+,none,none,none,none,none,C14H24O2,C36H48O11 / C22H24O9,46000.0 / 27000.0,0.24,none,none,none,none,C3H4O2,C20H20O7 / C17H16O5,36000.0 / 1700.0,0.0669,C2H4O2,C22H24O9 / C20H20O7,27000.0 / 36000.0,0.245,none,none,none,none,none,none,none,none,none,none,none,none
49,533.3105,9.2,147000000,DA30_pimelea factor S7 (TDPE-5),C=C(C)C12CC(C)C34OC5(CCCCCCCC(C)C6C(C)C(=O)C(O)(C(O)C7(CO)OC7C3C1O5)C64)O2,MD,20,19,MD,C30H44O8,possibly known,"std_pimelea factor S7 (DA30), std_pimelea factor S6 (DA31)",[M+H]+,none,C10H18O2,C30H38O5 / C20H20O3,540040.875 / 44005.04296875,1.0821,C14H24O4,C30H38O5 / C16H14O1,540040.875 / 42912.8984375,1.0773,C9H16O2,C29H36O4 / C20H20O2,162533.390625 / 15224.3330078125,0.3345,C3H4O2,C30H38O5 / C27H34O3,540040.875 / 63458.93359375,1.1698,none,none,none,none,C7H6O2,C29H34O2 / C22H28O4,132468.234375 / 25471.447265625,0.3353,C5H10O2,C25H32O2 / C20H22O4,27906.19921875 / 23855.181640625,0.2238,none,none,none,none
49,533.3105,9.2,147000000,DA30_pimelea factor S7 (TDPE-5),C=C(C)C12CC(C)C34OC5(CCCCCCCC(C)C6C(C)C(=O)C(O)(C(O)C7(CO)OC7C3C1O5)C64)O2,MD,20,19,MD,C30H44O8,possibly known,"std_pimelea factor S7 (DA30), std_pimelea factor S6 (DA31)",[M+H]+,none,C10H18O2,C30H38O5 / C20H20O3,540040.875 / 44005.04296875,1.0821,C14H24O2,C30H38O5 / C16H14O3,540040.875 / 13917.4580078125,0.9553,C9H16O2,C29H36O4 / C20H20O2,162533.390625 / 15224.3330078125,0.3345,C3H4O2,C30H38O5 / C27H34O3,540040.875 / 63458.93359375,1.1698,none,none,none,none,C7H6O2,C29H34O2 / C22H28O4,132468.234375 / 25471.447265625,0.3353,C5H10O2,C25H32O2 / C20H22O4,27906.19921875 / 23855.181640625,0.2238,none,none,none,none
49,533.3105,9.2,147000000,DA30_pimelea factor S7 (TDPE-5),C=C(C)C12CC(C)C34OC5(CCCCCCCC(C)C6C(C)C(=O)C(O)(C(O)C7(CO)OC7C3C1O5)C64)O2,MD,20,19,MD,C30H44O8,possibly known,"std_pimelea factor S7 (DA30), std_pimelea factor S6 (DA31)",[M+H]+,none,C10H18O3,C30H38O5 / C20H20O2,540040.875 / 15224.3330078125,0.9606,C14H24O4,C30H38O5 / C16H14O1,540040.875 / 42912.8984375,1.0773,C9H16O2,C29H36O4 / C20H20O2,162533.390625 / 15224.3330078125,0.3345,C3H4O2,C30H38O5 / C27H34O3,540040.875 / 63458.93359375,1.1698,none,none,none,none,C7H6O2,C29H34O2 / C22H28O4,132468.234375 / 25471.447265625,0.3353,C5H10O2,C25H32O2 / C20H22O4,27906.19921875 / 23855.181640625,0.2238,none,none,none,none
49,533.3105,9.2,147000000,DA30_pimelea factor S7 (TDPE-5),C=C(C)C12CC(C)C34OC5(CCCCCCCC(C)C6C(C)C(=O)C(O)(C(O)C7(CO)OC7C3C1O5)C64)O2,MD,20,19,MD,C30H44O8,possibly known,"std_pimelea factor S7 (DA30), std_pimelea factor S6 (DA31)",[M+H]+,none,C10H18O3,C30H38O5 / C20H20O2,540040.875 / 15224.3330078125,0.9606,C14H24O2,C30H38O5 / C16H14O3,540040.875 / 13917.4580078125,0.9553,C9H16O2,C29H36O4 / C20H20O2,162533.390625 / 15224.3330078125,0.3345,C3H4O2,C30H38O5 / C27H34O3,540040.875 / 63458.93359375,1.1698,none,none,none,none,C7H6O2,C29H34O2 / C22H28O4,132468.234375 / 25471.447265625,0.3353,C5H10O2,C25H32O2 / C20H22O4,27906.19921875 / 23855.181640625,0.2238,none,none,none,none
50,549.3054,5.4,32900000,DA37_daphnepedunin H (TDPE-42),C=C(C)C12CC(C)C34OC5(CCCCCCCC(C)C(C(C)C(=O)O)C3C(=O)C(O)C3(CO)OC3C4C1O5)O2,MD,8,19,MD,C30H44O9,possibly known,"std_daphnepedunin A (DA35), std_daphnepedunin H (DA37), std_daphnepedunin B (DA34), std_daphnepedunin G (DA36)",[M+H]+,none,C10H18O2,C30H36O5 / C20H18O3,120000.0 / 12000.0,0.2503,C14H24O4,C30H38O6 / C16H14O2,120000.0 / 21000.0,0.2932,none,none,none,none,none,none,none,none,none,none,none,none,none,none,none,none,none,none,none,none,none,none,none,none
55,833.3741,8,105000000,DA54_stelleralide F (DPSft-11),C=C(C)C12CC(COC(C)=O)C34OC5(OC1C3C1OC1(CO)C(O)C1(O)C(OC(=O)c3ccccc3)C(C)C(C(C)CC(OC(=O)c3ccccc3)CCCCC5O)C14)O2,MD,25,26,MD,C46H56O14,possibly known,std_stelleralide F (DA54),[M+H]+,none,C10H16O3,C30H36O6 / C20H20O3,77000.0 / 29000.0,0.2781,C14H24O4,C30H36O6 / C16H12O2,77000.0 / 1700.0,0.1351,C9H16O2,C29H36O5 / C20H20O3,54000.0 / 29000.0,0.259,C3H4O2,C30H36O6 / C27H32O4,77000.0 / 36000.0,0.3274,C2H4O2,C32H40O8 / C30H36O6,13000.0 / 77000.0,0.1858,C7H6O2,C37H44O9 / C30H38O7,26000.0 / 45000.0,0.2312,C5H10O2,C27H32O4 / C22H22O2,36000.0 / 2700.0,0.0711,C4H8O2,C26H34O4 / C22H26O6,3700.0 / 3100.0,0.0289
55,833.3741,8,105000000,DA54_stelleralide F (DPSft-11),C=C(C)C12CC(COC(C)=O)C34OC5(OC1C3C1OC1(CO)C(O)C1(O)C(OC(=O)c3ccccc3)C(C)C(C(C)CC(OC(=O)c3ccccc3)CCCCC5O)C14)O2,MD,25,26,MD,C46H56O14,possibly known,std_stelleralide F (DA54),[M+H]+,none,C10H14O2,C30H34O5 / C20H20O3,53000.0 / 29000.0,0.2586,C14H24O4,C30H36O6 / C16H12O2,77000.0 / 1700.0,0.1351,C9H16O2,C29H36O5 / C20H20O3,54000.0 / 29000.0,0.259,C3H4O2,C30H36O6 / C27H32O4,77000.0 / 36000.0,0.3274,C2H4O2,C32H40O8 / C30H36O6,13000.0 / 77000.0,0.1858,C7H6O2,C37H44O9 / C30H38O7,26000.0 / 45000.0,0.2312,C5H10O2,C27H32O4 / C22H22O2,36000.0 / 2700.0,0.0711,C4H8O2,C26H34O4 / C22H26O6,3700.0 / 3100.0,0.0289
63,531.2954,10.5,390000,DA41_wikstroelide F (TDPE-20),C=C(C)C12CC(COC(=O)c3ccccc3)C34OC5(CCCCCCCC(C)C6C(C)C(=O)C(O)(C(O)C7(CO)OC7C3C1O5)C64)O2,MD,17,15,MD,C30H42O8,possibly undescribed,none,[M+H]+,none,C10H18O2,C30H36O5 / C20H18O3,161314.09375 / 18234.13671875,0.3461,C14H24O4,C30H38O6 / C16H14O2,135362.375 / 12604.291015625,0.2782,none,none,none,none,C3H4O2,C30H38O6 / C27H34O4,135362.375 / 141525.6875,1.3254,none,none,none,none,C7H6O2,C29H36O5 / C22H30O3,54056.23828125 / 4285.55029296875,0.1078,C5H10O2,C25H30O2 / C20H20O4,10745.0576171875 / 6397.15576171875,0.0569,none,none,none,none
63,531.2954,10.5,390000,DA41_wikstroelide F (TDPE-20),C=C(C)C12CC(COC(=O)c3ccccc3)C34OC5(CCCCCCCC(C)C6C(C)C(=O)C(O)(C(O)C7(CO)OC7C3C1O5)C64)O2,MD,17,15,MD,C30H42O8,possibly undescribed,none,[M+H]+,none,C10H18O3,C27H34O4 / C17H16O1,141525.6875 / 6512.708984375,0.2621,C14H24O4,C30H38O6 / C16H14O2,135362.375 / 12604.291015625,0.2782,none,none,none,none,C3H4O2,C30H38O6 / C27H34O4,135362.375 / 141525.6875,1.3254,none,none,none,none,C7H6O2,C29H36O5 / C22H30O3,54056.23828125 / 4285.55029296875,0.1078,C5H10O2,C25H30O2 / C20H20O4,10745.0576171875 / 6397.15576171875,0.0569,none,none,none,none
64,545.2744,10.5,450000,DA43_stelleralide C (TDPE-29),C=C(C)C12CC(COC(=O)c3ccccc3)C34OC5(CCCCCCCC(C)C6C3C3(OC6(C)OC3=O)C(O)C3(CO)OC3C4C1O5)O2,MD,8,28,MD,C30H40O9,possibly undescribed,none,[M+H]+,none,C10H18O2,C30H34O6 / C20H16O4,19924.5 / 14355.5673828125,0.1294,C14H24O4,C30H36O7 / C16H12O3,31598.240234375 / 8836.0341796875,0.0951,none,none,none,none,C3H4O2,C27H34O5 / C24H30O3,3510.34228515625 / 2517.21142578125,0.0227,none,none,none,none,none,none,none,none,C5H10O2,C25H30O4 / C20H20O6,4648.94091796875 / 12507.83984375,0.0448,none,none,none,none
65,545.2744,10.7,8600000,DA44_daphnepedunin E (TDPE-28),C=C(C)C12CC(COC(=O)c3ccccc3)C34OC5(CCCCCCCC(C)C6C3C3(OC6(C)OC3=O)C(O)C3(CO)OC3C4C1O5)O2,MD,0,6,MD,C30H40O9,possibly undescribed,none,[M+H]+,none,none,none,none,none,none,none,none,none,none,none,none,none,none,none,none,none,none,none,none,none,none,none,none,none,none,none,none,none,none,none,none,none
66,547.2899,5.5,2800000,DA45_daphnepedunin D (TDPE-11),C=C(C)C12CC(COC(=O)c3ccccc3)C34OC5(CCCCCC(O)CC(C)C6C(C)C(=O)C(O)(C(O)C7(CO)OC7C3C1O5)C64)O2,MD,32,19,MD,C30H42O9,possibly known,"std_pimelotide C (DA33), std_pimelotide A (DA32)",[M+H]+,none,C10H16O2,C30H36O6 / C20H20O4,143058.890625 / 25327.208984375,0.351,C14H24O4,C30H36O6 / C16H12O2,143058.890625 / 6258.810546875,0.2636,C9H16O2,C29H34O5 / C20H18O3,45737.42578125 / 23726.3046875,0.2126,C3H4O2,C30H38O7 / C27H34O5,109476.3203125 / 98209.9921875,0.9368,C2H4O2,C22H22O2 / C20H18O4,9628.5859375 / 13597.22265625,0.0866,C7H6O2,C27H34O5 / C20H28O3,98209.9921875 / 8782.625,0.2002,C5H10O2,C27H34O5 / C22H24O3,98209.9921875 / 4289.2646484375,0.1809,C4H8O2,C26H30O4 / C22H22O2,7343.35595703125 / 9628.5859375,0.0669
66,547.2899,5.5,2800000,DA45_daphnepedunin D (TDPE-11),C=C(C)C12CC(COC(=O)c3ccccc3)C34OC5(CCCCCC(O)CC(C)C6C(C)C(=O)C(O)(C(O)C7(CO)OC7C3C1O5)C64)O2,MD,32,19,MD,C30H42O9,possibly known,"std_pimelotide C (DA33), std_pimelotide A (DA32)",[M+H]+,none,C10H18O3,C30H36O6 / C20H18O3,143058.890625 / 23726.3046875,0.343,C14H24O4,C30H36O6 / C16H12O2,143058.890625 / 6258.810546875,0.2636,C9H16O2,C29H34O5 / C20H18O3,45737.42578125 / 23726.3046875,0.2126,C3H4O2,C30H38O7 / C27H34O5,109476.3203125 / 98209.9921875,0.9368,C2H4O2,C22H22O2 / C20H18O4,9628.5859375 / 13597.22265625,0.0866,C7H6O2,C27H34O5 / C20H28O3,98209.9921875 / 8782.625,0.2002,C5H10O2,C27H34O5 / C22H24O3,98209.9921875 / 4289.2646484375,0.1809,C4H8O2,C26H30O4 / C22H22O2,7343.35595703125 / 9628.5859375,0.0669
67,615.3157,10.2,4800000,DA46_edgeworthianin F (ECF-7),C=C(C)C12OC34CCCC=CCCCCC(CCC)C5C6C7(OC5(C)OC7=O)C(O)C5(CO)OC5C(C1O3)C6(O4)C(COC(=O)C(C)C)C2O,MD,0,6,MD,C34H46O10,possibly undescribed,none,[M+H]+,none,none,none,none,none,C14H24O2,C34H46O10 / C20H22O8,128152.15625 / 1684.87744140625,0.2202,none,none,none,none,none,none,none,none,none,none,none,none,none,none,none,none,none,none,none,none,none,none,none,none
68,643.3461,11,15000000,DA47_edgeworthianin E (ECH-2),C=C(C)C12OC34CCCC=CCCCCC(CCC)C5C(C)C(=O)C6(O)C(O)C7(CO)OC7C(C1O3)C(O4)(C(COC(=O)C(C)C)C2OC(C)=O)C56,MD,13,24,MD,C36H50O10,possibly undescribed,none,[M+H]+,none,C10H16O2,C30H34O2 / C20H18O4,140000.0 / 780000.0,1.9236,C14H24O2,C34H42O6 / C20H18O4,1900000.0 / 780000.0,7.2992,C9H16O2,C29H34O2 / C20H18O4,120000.0 / 780000.0,1.8243,C3H4O2,C20H20O4 / C17H16O2,110000.0 / 82000.0,0.7432,C2H4O2,C36H46O8 / C34H42O6,230000.0 / 1900000.0,4.1471,none,none,none,none,none,none,none,none,C4H8O2,C38H50O8 / C34H42O6,98000.0 / 1900000.0,3.563
68,643.3461,11,15000000,DA47_edgeworthianin E (ECH-2),C=C(C)C12OC34CCCC=CCCCCC(CCC)C5C(C)C(=O)C6(O)C(O)C7(CO)OC7C(C1O3)C(O4)(C(COC(=O)C(C)C)C2OC(C)=O)C56,MD,13,24,MD,C36H50O10,possibly undescribed,none,[M+H]+,none,C10H18O2,C30H36O2 / C20H18O4,81000.0 / 780000.0,1.6408,C14H24O2,C34H42O6 / C20H18O4,1900000.0 / 780000.0,7.2992,C9H16O2,C29H34O2 / C20H18O4,120000.0 / 780000.0,1.8243,C3H4O2,C20H20O4 / C17H16O2,110000.0 / 82000.0,0.7432,C2H4O2,C36H46O8 / C34H42O6,230000.0 / 1900000.0,4.1471,none,none,none,none,none,none,none,none,C4H8O2,C38H50O8 / C34H42O6,98000.0 / 1900000.0,3.563
69,657.3252,11.6,42000000,DA48_edgeworthianin B (ECH-4),C=C(C)C12OC34CCCC=CCCCCC(CCC)C5C6C7(OC5(C)OC7=O)C(O)C5(CO)OC5C(C1O3)C6(O4)C(COC(=O)C(C)C)C2OC(C)=O,MD,8,12,MD,C36H48O11,possibly undescribed,none,[M+H]+,none,C10H18O2,C30H38O5 / C20H20O7,2670.417236328125 / 16407.89453125,0.0391,C14H24O2,C36H48O11 / C22H24O9,433340.4375 / 10870.2373046875,0.7653,none,none,none,none,C3H4O2,C20H18O5 / C17H14O3,2201.913818359375 / 3079.209716796875,0.0198,C2H4O2,C36H48O11 / C34H44O9,433340.4375 / 34072.84765625,0.8629,none,none,none,none,none,none,none,none,none,none,none,none
69,657.3252,11.6,42000000,DA48_edgeworthianin B (ECH-4),C=C(C)C12OC34CCCC=CCCCCC(CCC)C5C6C7(OC5(C)OC7=O)C(O)C5(CO)OC5C(C1O3)C6(O4)C(COC(=O)C(C)C)C2OC(C)=O,MD,8,12,MD,C36H48O11,possibly undescribed,none,[M+H]+,none,C10H16O3,C30H38O5 / C20H22O8,2670.417236328125 / 5275.44140625,0.024,C14H24O2,C36H48O11 / C22H24O9,433340.4375 / 10870.2373046875,0.7653,none,none,none,none,C3H4O2,C20H18O5 / C17H14O3,2201.913818359375 / 3079.209716796875,0.0198,C2H4O2,C36H48O11 / C34H44O9,433340.4375 / 34072.84765625,0.8629,none,none,none,none,none,none,none,none,none,none,none,none
70,657.3262,12.3,4300000,DA49_edgeworthianin G (ECH-6),C=C(C)C12OC34CCCC=CCCCCC(CCC)C5C6C7(OC5(C)OC7=O)C(O)C5(CO)OC5C(C1O3)C6(O4)C(COC(=O)C(C)CC)C2OC(C)=O,MD,0,12,MD,C36H48O11,possibly undescribed,none,[M+H]+,none,C10H18O2,C30H38O5 / C20H20O7,2670.417236328125 / 16407.89453125,0.0391,C14H24O2,C36H48O11 / C22H24O9,433340.4375 / 10870.2373046875,0.7653,none,none,none,none,C3H4O2,C20H18O6 / C17H14O4,21206.86328125 / 1365.825439453125,0.0409,C2H4O2,C36H48O11 / C34H44O9,433340.4375 / 34072.84765625,0.8629,none,none,none,none,none,none,none,none,none,none,none,none
70,657.3262,12.3,4300000,DA49_edgeworthianin G (ECH-6),C=C(C)C12OC34CCCC=CCCCCC(CCC)C5C6C7(OC5(C)OC7=O)C(O)C5(CO)OC5C(C1O3)C6(O4)C(COC(=O)C(C)CC)C2OC(C)=O,MD,0,12,MD,C36H48O11,possibly undescribed,none,[M+H]+,none,C10H16O3,C30H38O5 / C20H22O8,2670.417236328125 / 5275.44140625,0.024,C14H24O2,C36H48O11 / C22H24O9,433340.4375 / 10870.2373046875,0.7653,none,none,none,none,C3H4O2,C20H18O6 / C17H14O4,21206.86328125 / 1365.825439453125,0.0409,C2H4O2,C36H48O11 / C34H44O9,433340.4375 / 34072.84765625,0.8629,none,none,none,none,none,none,none,none,none,none,none,none
71,653.3317,9.6,10000000,DA50_stelleralide H (WLI-j),C=C(C)C12CC(COC(=O)c3ccccc3)C34OC5(OC1C3C1OC1(COC(=O)c1ccccc1)C(O)C1(O)C(O)C(C)C(C(C)CCCCCCC5O)C14)O2,MD,6,11,MD,C37H48O10,possibly known,std_wikstroelide F (DA41),[M+H]+,none,C10H18O3,C30H38O6 / C20H20O3,88922.8203125 / 10130.5224609375,0.1912,C14H24O4,C30H38O6 / C16H14O2,88922.8203125 / 3555.916015625,0.1625,C9H16O2,C29H36O4 / C20H20O2,77474.0 / 5110.47705078125,0.15,C3H4O2,C30H38O6 / C27H34O4,88922.8203125 / 2105.40283203125,0.1565,none,none,none,none,C7H6O2,C37H48O10 / C30H42O8,174345.328125 / 3464.53076171875,0.3043,none,none,none,none,none,none,none,none
71,653.3317,9.6,10000000,DA50_stelleralide H (WLI-j),C=C(C)C12CC(COC(=O)c3ccccc3)C34OC5(OC1C3C1OC1(COC(=O)c1ccccc1)C(O)C1(O)C(O)C(C)C(C(C)CCCCCCC5O)C14)O2,MD,6,11,MD,C37H48O10,possibly known,std_wikstroelide F (DA41),[M+H]+,none,C10H16O2,C30H36O5 / C20H20O3,39762.8046875 / 10130.5224609375,0.114,C14H24O4,C30H38O6 / C16H14O2,88922.8203125 / 3555.916015625,0.1625,C9H16O2,C29H36O4 / C20H20O2,77474.0 / 5110.47705078125,0.15,C3H4O2,C30H38O6 / C27H34O4,88922.8203125 / 2105.40283203125,0.1565,none,none,none,none,C7H6O2,C37H48O10 / C30H42O8,174345.328125 / 3464.53076171875,0.3043,none,none,none,none,none,none,none,none
72,653.3317,10.2,110000000,DA51_gnidimacrin (DOSO-B),C=C(C)C12CC(COC(=O)c3ccccc3)C34OC5(OC1C3C1OC1(CO)C(O)C1(O)C(OC(=O)c3ccccc3)C(C)C(C(C)CCCCCCC5O)C14)O2,MD,17,21,MD,C37H48O10,possibly known,std_wikstroelide F (DA41),[M+H]+,none,C10H18O3,C30H38O6 / C20H20O3,121881.90625 / 53782.66796875,0.4947,C14H24O4,C30H38O6 / C16H14O2,121881.90625 / 8692.7509765625,0.2388,C9H16O2,C29H36O5 / C20H20O3,50424.77734375 / 53782.66796875,0.4895,C3H4O2,C30H38O6 / C27H34O4,121881.90625 / 71339.3046875,0.6343,none,none,none,none,C7H6O2,C37H46O9 / C30H40O7,30661.544921875 / 69362.71875,0.2819,C5H10O2,C27H38O4 / C22H28O2,7766.9990234375 / 4070.302001953125,0.0364,C4H8O2,C26H36O4 / C22H28O2,13702.0869140625 / 4070.302001953125,0.0426
72,653.3317,10.2,110000000,DA51_gnidimacrin (DOSO-B),C=C(C)C12CC(COC(=O)c3ccccc3)C34OC5(OC1C3C1OC1(CO)C(O)C1(O)C(OC(=O)c3ccccc3)C(C)C(C(C)CCCCCCC5O)C14)O2,MD,17,21,MD,C37H48O10,possibly known,std_wikstroelide F (DA41),[M+H]+,none,C10H16O2,C30H36O5 / C20H20O3,83798.1328125 / 53782.66796875,0.4789,C14H24O4,C30H38O6 / C16H14O2,121881.90625 / 8692.7509765625,0.2388,C9H16O2,C29H36O5 / C20H20O3,50424.77734375 / 53782.66796875,0.4895,C3H4O2,C30H38O6 / C27H34O4,121881.90625 / 71339.3046875,0.6343,none,none,none,none,C7H6O2,C37H46O9 / C30H40O7,30661.544921875 / 69362.71875,0.2819,C5H10O2,C27H38O4 / C22H28O2,7766.9990234375 / 4070.302001953125,0.0364,C4H8O2,C26H36O4 / C22H28O2,13702.0869140625 / 4070.302001953125,0.0426
73,657.3254,12.1,47000000,DA52_edgeworthianin C (ECH-5),C=C(C)C12OC34CCCC=CCCCCC(CCC)C5C6C7(OC5(C)OC7=O)C(O)C5(CO)OC5C(C1O3)C6(O4)C(COC(=O)c1ccccc1)C2OC(C)=O,MD,7,14,MD,C36H48O11,possibly undescribed,none,[M+H]+,none,C10H18O3,C30H36O3 / C20H18O6,8818.783203125 / 40325.55859375,0.1077,C14H24O2,C36H48O11 / C22H24O9,824737.0 / 8655.841796875,1.4085,none,none,none,none,C3H4O2,C20H18O6 / C17H14O4,40325.55859375 / 6097.43310546875,0.0938,C2H4O2,C36H48O11 / C34H44O9,824737.0 / 66254.8046875,1.6484,none,none,none,none,none,none,none,none,none,none,none,none
73,657.3254,12.1,47000000,DA52_edgeworthianin C (ECH-5),C=C(C)C12OC34CCCC=CCCCCC(CCC)C5C6C7(OC5(C)OC7=O)C(O)C5(CO)OC5C(C1O3)C6(O4)C(COC(=O)c1ccccc1)C2OC(C)=O,MD,7,14,MD,C36H48O11,possibly undescribed,none,[M+H]+,none,C10H16O3,C30H34O3 / C20H18O6,5666.75439453125 / 40325.55859375,0.0917,C14H24O2,C36H48O11 / C22H24O9,824737.0 / 8655.841796875,1.4085,none,none,none,none,C3H4O2,C20H18O6 / C17H14O4,40325.55859375 / 6097.43310546875,0.0938,C2H4O2,C36H48O11 / C34H44O9,824737.0 / 66254.8046875,1.6484,none,none,none,none,none,none,none,none,none,none,none,none
73,657.3254,12.1,47000000,DA52_edgeworthianin C (ECH-5),C=C(C)C12OC34CCCC=CCCCCC(CCC)C5C6C7(OC5(C)OC7=O)C(O)C5(CO)OC5C(C1O3)C6(O4)C(COC(=O)c1ccccc1)C2OC(C)=O,MD,7,14,MD,C36H48O11,possibly undescribed,none,[M+H]+,none,C10H18O2,C30H34O3 / C20H16O5,5666.75439453125 / 14119.1650390625,0.0533,C14H24O2,C36H48O11 / C22H24O9,824737.0 / 8655.841796875,1.4085,none,none,none,none,C3H4O2,C20H18O6 / C17H14O4,40325.55859375 / 6097.43310546875,0.0938,C2H4O2,C36H48O11 / C34H44O9,824737.0 / 66254.8046875,1.6484,none,none,none,none,none,none,none,none,none,none,none,none
74,665.2947,10.9,14000000,DA53_daphnepedunin F (TDPE-39),C=C(C)C12CC(COC(=O)c3ccccc3)C34OC5(CCCCCC(OC(=O)c6ccccc6)CC(C)C6C3C3(OC6(C)OC3=O)C(O)C3(CO)OC3C4C1O5)O2,MD,10,8,MD,C37H44O11,possibly undescribed,none,[M+H]+,none,C10H18O3,C30H38O9 / C20H20O6,85234.96875 / 24354.748046875,0.2596,none,none,none,none,C9H16O2,C29H34O5 / C20H18O3,8415.201171875 / 3700.987548828125,0.0341,none,none,none,none,none,none,none,none,C7H6O2,C37H44O11 / C30H38O9,64023.3046875 / 85234.96875,0.5811,none,none,none,none,none,none,none,none
74,665.2947,10.9,14000000,DA53_daphnepedunin F (TDPE-39),C=C(C)C12CC(COC(=O)c3ccccc3)C34OC5(CCCCCC(OC(=O)c6ccccc6)CC(C)C6C3C3(OC6(C)OC3=O)C(O)C3(CO)OC3C4C1O5)O2,MD,10,8,MD,C37H44O11,possibly undescribed,none,[M+H]+,none,C10H16O2,C30H36O8 / C20H20O6,44857.2734375 / 24354.748046875,0.2173,none,none,none,none,C9H16O2,C29H34O5 / C20H18O3,8415.201171875 / 3700.987548828125,0.0341,none,none,none,none,none,none,none,none,C7H6O2,C37H44O11 / C30H38O9,64023.3046875 / 85234.96875,0.5811,none,none,none,none,none,none,none,none
75,711.337,8,110000000,DA54_stelleralide F (DPSft-11),C=C(C)C12CC(COC(C)=O)C34OC5(OC1C3C1OC1(CO)C(O)C1(O)C(OC(=O)c3ccccc3)C(C)C(C(C)CC(OC(=O)c3ccccc3)CCCCC5O)C14)O2,MD,25,25,MD,C39H50O12,possibly undescribed,none,[M+H]+,none,C10H14O2,C30H34O5 / C20H20O3,91348.125 / 83958.6875,0.8084,none,none,none,none,C9H16O2,C29H36O5 / C20H20O3,78171.6953125 / 83958.6875,0.7566,C3H4O2,C30H36O6 / C27H32O4,119325.8984375 / 78916.4921875,0.7041,C2H4O2,C32H40O8 / C30H36O6,18148.30078125 / 119325.8984375,0.2781,C7H6O2,C37H44O9 / C30H38O7,36221.84375 / 77001.6015625,0.3291,C5H10O2,C27H32O4 / C22H22O2,78916.4921875 / 10458.6943359375,0.1765,C4H8O2,C24H26O4 / C20H18O2,6402.51318359375 / 66270.90625,0.1372
75,711.337,8,110000000,DA54_stelleralide F (DPSft-11),C=C(C)C12CC(COC(C)=O)C34OC5(OC1C3C1OC1(CO)C(O)C1(O)C(OC(=O)c3ccccc3)C(C)C(C(C)CC(OC(=O)c3ccccc3)CCCCC5O)C14)O2,MD,25,25,MD,C39H50O12,possibly undescribed,none,[M+H]+,none,C10H16O3,C30H36O6 / C20H20O3,119325.8984375 / 83958.6875,0.754,none,none,none,none,C9H16O2,C29H36O5 / C20H20O3,78171.6953125 / 83958.6875,0.7566,C3H4O2,C30H36O6 / C27H32O4,119325.8984375 / 78916.4921875,0.7041,C2H4O2,C32H40O8 / C30H36O6,18148.30078125 / 119325.8984375,0.2781,C7H6O2,C37H44O9 / C30H38O7,36221.84375 / 77001.6015625,0.3291,C5H10O2,C27H32O4 / C22H22O2,78916.4921875 / 10458.6943359375,0.1765,C4H8O2,C24H26O4 / C20H18O2,6402.51318359375 / 66270.90625,0.1372
76,773.3517,10.2,11000000,DA55_stelleralide G (WIS-12),C=C(C)C12CC(COC(=O)c3ccccc3)C34OC5(OC1C3C1OC1(CO)C(O)C1(O)C(OC(=O)c3ccccc3)C(C)C(C(C)CC(OC(=O)c3ccccc3)CCCCC5O)C14)O2,MD,16,21,MD,C44H52O12,possibly undescribed,none,[M+H]+,none,C10H14O2,C30H34O5 / C20H20O3,25239.08203125 / 22276.71875,0.2112,none,none,none,none,C9H16O2,C29H36O5 / C20H20O3,27424.701171875 / 22276.71875,0.2059,C3H4O2,C30H36O6 / C27H32O4,33908.5859375 / 21987.2734375,0.1959,none,none,none,none,C7H6O2,C37H42O8 / C30H36O6,10721.1962890625 / 33908.5859375,0.1094,C5H10O2,C25H28O3 / C20H18O1,4535.43798828125 / 6398.77783203125,0.0408,none,none,none,none
76,773.3517,10.2,11000000,DA55_stelleralide G (WIS-12),C=C(C)C12CC(COC(=O)c3ccccc3)C34OC5(OC1C3C1OC1(CO)C(O)C1(O)C(OC(=O)c3ccccc3)C(C)C(C(C)CC(OC(=O)c3ccccc3)CCCCC5O)C14)O2,MD,16,21,MD,C44H52O12,possibly undescribed,none,[M+H]+,none,C10H16O3,C30H36O6 / C20H20O3,33908.5859375 / 22276.71875,0.1987,none,none,none,none,C9H16O2,C29H36O5 / C20H20O3,27424.701171875 / 22276.71875,0.2059,C3H4O2,C30H36O6 / C27H32O4,33908.5859375 / 21987.2734375,0.1959,none,none,none,none,C7H6O2,C37H42O8 / C30H36O6,10721.1962890625 / 33908.5859375,0.1094,C5H10O2,C25H28O3 / C20H18O1,4535.43798828125 / 6398.77783203125,0.0408,none,none,none,none
77,893.3734,9,5200000,DA56_daphneodorin A (DOSO-K),C=C(C)C12CC(COC(C)=O)C34OC5(OC1C3C1OC1(CO)C(O)C1(O)C(OC(=O)c3ccccc3)C(C)C(C(C)CC(OC(=O)c3ccccc3)C(OC(=O)c3ccccc3)CCCC5O)C14)O2,MD,39,22,MD,C51H56O14,possibly undescribed,none,[M+H]+,none,C10H16O3,C30H34O6 / C20H18O3,587330.25 / 60173.6953125,1.2318,none,none,none,none,C9H16O2,C29H32O4 / C20H16O2,531967.875 / 14828.6826171875,0.9455,C3H4O2,C30H34O6 / C27H30O4,587330.25 / 231358.484375,2.1895,C2H4O2,C32H38O8 / C30H34O6,83588.84375 / 587330.25,1.341,C7H6O2,C37H40O8 / C30H34O6,220257.5625 / 587330.25,2.1151,C5H10O2,C27H30O4 / C22H20O2,231358.484375 / 89486.3046875,0.8513,C4H8O2,C24H26O4 / C20H18O2,19630.50390625 / 147832.8125,0.3308
77,893.3734,9,5200000,DA56_daphneodorin A (DOSO-K),C=C(C)C12CC(COC(C)=O)C34OC5(OC1C3C1OC1(CO)C(O)C1(O)C(OC(=O)c3ccccc3)C(C)C(C(C)CC(OC(=O)c3ccccc3)C(OC(=O)c3ccccc3)CCCC5O)C14)O2,MD,39,22,MD,C51H56O14,possibly undescribed,none,[M+H]+,none,C10H14O2,C30H34O6 / C20H20O4,587330.25 / 22961.345703125,1.0709,none,none,none,none,C9H16O2,C29H32O4 / C20H16O2,531967.875 / 14828.6826171875,0.9455,C3H4O2,C30H34O6 / C27H30O4,587330.25 / 231358.484375,2.1895,C2H4O2,C32H38O8 / C30H34O6,83588.84375 / 587330.25,1.341,C7H6O2,C37H40O8 / C30H34O6,220257.5625 / 587330.25,2.1151,C5H10O2,C27H30O4 / C22H20O2,231358.484375 / 89486.3046875,0.8513,C4H8O2,C24H26O4 / C20H18O2,19630.50390625 / 147832.8125,0.3308
78,951.3799,8.2,48000000,DA57_daphneodorin B (DOSO-E),C=C(C)C12CC(COC(C)=O)C34OC5(OC1C3C1OC1(CO)C(O)C1(O)C(OC(=O)c3ccccc3)C(C)C(C(C)CC(OC(=O)c3ccccc3)C(OC(C)=O)C(OC(=O)c3ccccc3)CCC5O)C14)O2,MD,24,13,MD,C53H58O16,possibly undescribed,none,[M+H]+,none,C10H14O2,C30H34O7 / C20H20O5,112447.765625 / 5566.8623046875,0.2099,none,none,none,none,C9H16O2,C29H36O7 / C20H20O5,7003.60888671875 / 5566.8623046875,0.0512,C3H4O2,C30H32O6 / C27H28O4,185567.03125 / 20074.30859375,0.394,C2H4O2,C32H36O8 / C30H32O6,26610.734375 / 185567.03125,0.4246,C7H6O2,C37H38O8 / C30H32O6,71142.4140625 / 185567.03125,0.6786,C5H10O2,C25H28O4 / C20H18O2,15109.2880859375 / 15108.5830078125,0.1511,C4H8O2,C26H28O3 / C22H20O1,7294.42626953125 / 7437.96728515625,0.0723
78,951.3799,8.2,48000000,DA57_daphneodorin B (DOSO-E),C=C(C)C12CC(COC(C)=O)C34OC5(OC1C3C1OC1(CO)C(O)C1(O)C(OC(=O)c3ccccc3)C(C)C(C(C)CC(OC(=O)c3ccccc3)C(OC(C)=O)C(OC(=O)c3ccccc3)CCC5O)C14)O2,MD,24,13,MD,C53H58O16,possibly undescribed,none,[M+H]+,none,C10H16O3,C30H36O8 / C20H20O5,44275.71484375 / 5566.8623046875,0.0976,none,none,none,none,C9H16O2,C29H36O7 / C20H20O5,7003.60888671875 / 5566.8623046875,0.0512,C3H4O2,C30H32O6 / C27H28O4,185567.03125 / 20074.30859375,0.394,C2H4O2,C32H36O8 / C30H32O6,26610.734375 / 185567.03125,0.4246,C7H6O2,C37H38O8 / C30H32O6,71142.4140625 / 185567.03125,0.6786,C5H10O2,C25H28O4 / C20H18O2,15109.2880859375 / 15108.5830078125,0.1511,C4H8O2,C26H28O3 / C22H20O1,7294.42626953125 / 7437.96728515625,0.0723
79,951.3797,7.6,470000,DA58_daphneodorin C (DOL-E2),C=C(C)C12CC(COC(C)=O)C34OC5(OC1C3C1OC1(COC(=O)c1ccccc1)C(O)C1(O)C(O)C(C)C(C(C)CC(OC(=O)c3ccccc3)C(OC(C)=O)C(OC(=O)c3ccccc3)CCC5O)C14)O2,MD,24,13,MD,C53H58O16,possibly undescribed,none,[M+H]+,none,C10H14O2,C30H32O6 / C20H18O4,1041503.3125 / 32748.828125,1.8663,C14H24O4,C30H36O6 / C16H12O2,40756.34375 / 52777.87109375,0.372,C9H16O2,C29H32O5 / C20H16O3,890659.875 / 18385.798828125,1.5571,C3H4O2,C30H32O6 / C27H28O4,1041503.3125 / 66879.90625,2.0089,C2H4O2,C32H36O8 / C30H32O6,861941.75 / 1041503.3125,8.0066,C7H6O2,C37H38O8 / C30H32O6,317344.9375 / 1041503.3125,3.2888,C5H10O2,C25H28O4 / C20H18O2,101070.1484375 / 305350.625,1.0134,C4H8O2,C24H26O5 / C20H18O3,19401.373046875 / 473667.90625,0.8673
79,951.3797,7.6,470000,DA58_daphneodorin C (DOL-E2),C=C(C)C12CC(COC(C)=O)C34OC5(OC1C3C1OC1(COC(=O)c1ccccc1)C(O)C1(O)C(O)C(C)C(C(C)CC(OC(=O)c3ccccc3)C(OC(C)=O)C(OC(=O)c3ccccc3)CCC5O)C14)O2,MD,24,13,MD,C53H58O16,possibly undescribed,none,[M+H]+,none,C10H16O3,C30H32O6 / C20H16O3,1041503.3125 / 18385.798828125,1.8083,C14H24O4,C30H36O6 / C16H12O2,40756.34375 / 52777.87109375,0.372,C9H16O2,C29H32O5 / C20H16O3,890659.875 / 18385.798828125,1.5571,C3H4O2,C30H32O6 / C27H28O4,1041503.3125 / 66879.90625,2.0089,C2H4O2,C32H36O8 / C30H32O6,861941.75 / 1041503.3125,8.0066,C7H6O2,C37H38O8 / C30H32O6,317344.9375 / 1041503.3125,3.2888,C5H10O2,C25H28O4 / C20H18O2,101070.1484375 / 305350.625,1.0134,C4H8O2,C24H26O5 / C20H18O3,19401.373046875 / 473667.90625,0.8673
