row ID,row m/z,row retention time,CUP_MeOH,PC_MeOH,AFI_MeOH,CUPI_MeOH,CUP_EtOAc,PC_EtOAc,Limonoid Score,type,elemental composition,adduct ion,same peak,CO2 loss,CO2 loss_ion_pair,CO2 loss_intensity_pair,CO2 loss_score,C2 loss,C2 loss_ion_pair,C2 loss_intensity_pair,C2 loss_score,identification,same composition
286,556.238,3.6,0,30742.72,0,0,0,0,10,Limonoid,C26H37O12N1,[M+NH4]+,none,none,none,none,none,none,none,none,none,possibly undescribed,none
533,570.2538,5.4,0,0,0,0,0,68035.39,10,Limonoid,C27H39O12N1,[M+NH4]+,none,CH2O2,C24H28O9 / C23H26O7,4100.0 / 4600.0,0.039,none,none,none,none,possibly undescribed,none
647,519.186,6.1,0,0,0,0,0,58456.734,10,Limonoid,C26H30O11,[M+H]+,none,CH4O2,C24H26O9 / C23H22O7,66000.0 / 27000.0,0.2529,C2H4O2,C26H26O9 / C24H22O7,4400.0 / 16000.0,0.0477,possibly undescribed,none
647,519.186,6.1,0,0,0,0,0,58456.734,10,Limonoid,C26H30O11,[M+H]+,none,CH2O2,C24H24O8 / C23H22O6,27000.0 / 21000.0,0.192,C2H4O2,C26H26O9 / C24H22O7,4400.0 / 16000.0,0.0477,possibly undescribed,none
1702,425.2891,13.5,0,0,0,0,75179.53,0,10,Limonoid,C24H40O6,[M+H]+,none,none,none,none,none,none,none,none,none,possibly undescribed,none
1798,427.3044,14.3,0,0,0,0,74542.73,16534.297,10,Limonoid,C24H42O6,[M+H]+,none,none,none,none,none,none,none,none,none,possibly undescribed,none
1808,516.3892,14.4,0,0,0,0,0,163242.69,10,Limonoid,C28H53O7N1,[M+NH4]+,none,none,none,none,none,none,none,none,none,possibly undescribed,none
1937,437.3263,15.6,0,0,0,0,0,69204.93,10,Limonoid,C26H44O5,[M+H]+,none,CH2O2,C26H42O4 / C25H40O2,23000.0 / 3900.0,0.0556,none,none,none,none,possibly undescribed,none
1937,437.3263,15.6,0,0,0,0,0,69204.93,10,Limonoid,C26H44O5,[M+H]+,none,CH6O2,C26H36O1 / C25H42O3,1800.0 / 2200.0,0.0167,none,none,none,none,possibly undescribed,none
1959,496.3628,15.9,0,0,0,0,0,68078.36,10,Limonoid,C28H49O6N1,[M+NH4]+,none,none,none,none,none,none,none,none,none,possibly undescribed,none
1976,462.342,16,67572.15,65501.203,111630.086,132356.4,105462.93,113668.445,10,Limonoid,C24H47O7N1,[M+NH4]+,none,CH16O2,C24H42O6 / C23H58O8,77000.0 / 6100.0,0.1535,none,none,none,none,possibly undescribed,none
1985,458.3476,16.1,0,20867.18,0,0,0,103831.98,10,Limonoid,C25H47O6N1,[M+NH4]+,none,none,none,none,none,none,none,none,none,possibly undescribed,none
2017,462.3417,16.4,56848.188,49470.664,53921.633,51008.15,0,47958.617,10,Limonoid,C24H47O7N1,[M+NH4]+,none,none,none,none,none,none,none,none,none,possibly undescribed,none
2248,557.4558,18.7,0,0,0,0,0,77503.375,10,Limonoid,C36H60O4,[M+H]+,none,none,none,none,none,none,none,none,none,possibly undescribed,none
2282,454.3883,19,0,0,0,0,17439.846,60863.043,10,Limonoid,C27H51O4N1,[M+NH4]+,none,none,none,none,none,none,none,none,none,possibly undescribed,none
2293,578.477,19.2,0,0,0,0,591089.8,0,10,Limonoid,C35H63O5N1,[M+NH4]+,none,none,none,none,none,none,none,none,none,possibly undescribed,none
2327,542.4837,19.6,395843.06,0,0,0,0,0,10,Limonoid,C32H64O5N,[M+NH4]+,none,none,none,none,none,none,none,none,none,possibly undescribed,none
2345,626.5346,19.9,0,12597.007,0,0,60515.668,80868.41,10,Limonoid,C37H71O6N1,[M+NH4]+,none,none,none,none,none,none,none,none,none,possibly undescribed,none
274,538.2272,3.5,0,55889.082,0,0,0,0,11,Limonoid,C26H35O11N1,[M+NH4]+,none,CH0O2,C26H28O9 / C25H28O7,32000.0 / 24000.0,0.2178,C2H4O2,C26H28O9 / C24H24O7,32000.0 / 4700.0,0.0738,possibly undescribed,none
274,538.2272,3.5,0,55889.082,0,0,0,0,11,Limonoid,C26H35O11N1,[M+NH4]+,none,CH4O2,C25H30O8 / C24H26O6,35000.0 / 20000.0,0.1779,C2H4O2,C26H28O9 / C24H24O7,32000.0 / 4700.0,0.0738,possibly undescribed,none
274,538.2272,3.5,0,55889.082,0,0,0,0,11,Limonoid,C26H35O11N1,[M+NH4]+,none,CH2O2,C25H28O8 / C24H26O6,8500.0 / 20000.0,0.0789,C2H4O2,C26H28O9 / C24H24O7,32000.0 / 4700.0,0.0738,possibly undescribed,none
829,487.1957,7.2,0,15075.422,0,0,0,222880.72,11,Limonoid,C26H30O9,[M+H-H2O]+,"829, 830",CH6O2,C25H30O8 / C24H24O6,3400.0 / 3300.0,0.0325,C2H4O2,C26H30O9 / C24H26O7,12000.0 / 3000.0,0.0341,possibly undescribed,none
829,487.1957,7.2,0,15075.422,0,0,0,222880.72,11,Limonoid,C26H30O9,[M+H-H2O]+,"829, 830",CH2O2,C26H30O9 / C25H28O7,12000.0 / 2100.0,0.0293,C2H4O2,C26H30O9 / C24H26O7,12000.0 / 3000.0,0.0341,possibly undescribed,none
829,487.1957,7.2,0,15075.422,0,0,0,222880.72,11,Limonoid,C26H30O9,[M+H-H2O]+,"829, 830",CH4O2,C24H28O7 / C23H24O5,2900.0 / 2900.0,0.029,C2H4O2,C26H30O9 / C24H26O7,12000.0 / 3000.0,0.0341,possibly undescribed,none
1286,455.2057,10.5,0,268701.1,510842.38,192418.4,0,1792740.5,11,Limonoid,C26H30O7,[M+H]+,"1285, 1286",CH2O2,C26H30O7 / C25H28O5,640000.0 / 1400000.0,5.8449,C2H4O2,C26H28O6 / C24H24O4,260000.0 / 56000.0,0.6896,possibly undescribed,none
1286,455.2057,10.5,0,268701.1,510842.38,192418.4,0,1792740.5,11,Limonoid,C26H30O7,[M+H]+,"1285, 1286",CH0O2,C26H30O7 / C25H30O5,640000.0 / 290000.0,2.6531,C2H4O2,C26H28O6 / C24H24O4,260000.0 / 56000.0,0.6896,possibly undescribed,none
1324,504.2585,10.8,0,0,0,0,28503.865,605344.1,11,Limonoid,C27H37O8N1,[M+NH4]+,"1324, 1325",CH8O2,C26H32O5 / C25H24O3,15000.0 / 15000.0,0.15,C2H4O2,C26H30O4 / C24H26O2,12000.0 / 8300.0,0.0744,possibly undescribed,none
1324,504.2585,10.8,0,0,0,0,28503.865,605344.1,11,Limonoid,C27H37O8N1,[M+NH4]+,"1324, 1325",CH6O2,C26H30O5 / C25H24O3,36000.0 / 15000.0,0.1398,C2H4O2,C26H30O4 / C24H26O2,12000.0 / 8300.0,0.0744,possibly undescribed,none
2056,476.3577,16.8,87222.54,271401.78,215485.95,326132.9,258304.16,107728.14,11,Limonoid,C25H49O7N1,[M+NH4]+,none,none,none,none,none,none,none,none,none,possibly undescribed,none
2128,608.4887,17.4,0,0,0,0,0,206935.38,11,Limonoid,C36H65O6N1,[M+NH4]+,none,none,none,none,none,none,none,none,none,possibly undescribed,none
2315,606.5086,19.5,0,43343.4,0,0,49637.055,135211.34,11,Limonoid,C37H67O5N1,[M+NH4]+,none,none,none,none,none,none,none,none,none,possibly undescribed,none
688,554.2594,6.4,0,0,0,0,0,39246.46,12,Limonoid,C27H39O11N1,[M+NH4]+,none,CH2O2,C26H32O10 / C25H30O8,12000.0 / 7400.0,0.0658,C2H4O2,C26H32O10 / C24H28O8,12000.0 / 6600.0,0.0588,possibly undescribed,none
830,505.2062,7.2,0,32614.602,0,0,0,565067.06,12,Limonoid,C26H32O10,[M+H]+,"829, 830",CH2O2,C26H32O10 / C25H30O8,24000.0 / 19000.0,0.1744,C2H4O2,C26H32O10 / C24H28O8,24000.0 / 14000.0,0.1245,possibly undescribed,none
830,505.2062,7.2,0,32614.602,0,0,0,565067.06,12,Limonoid,C26H32O10,[M+H]+,"829, 830",CH6O2,C25H32O9 / C24H26O7,11000.0 / 14000.0,0.1008,C2H4O2,C26H32O10 / C24H28O8,24000.0 / 14000.0,0.1245,possibly undescribed,none
869,522.2325,7.5,0,0,0,0,0,1177401.1,12,Limonoid,C26H35O10N1,[M+NH4]+,"860, 869",CH2O2,C24H28O8 / C23H26O6,1500000.0 / 270000.0,3.7032,C2H4O2,C26H30O9 / C24H26O7,350000.0 / 860000.0,3.2827,possibly undescribed,none
978,489.2107,8.3,0,0,0,0,110709.125,10397.664,12,Limonoid,C26H32O9,[M+H]+,none,CH0O2,C26H28O7 / C25H28O5,6900.0 / 21000.0,0.0694,none,none,none,none,possibly undescribed,none
978,489.2107,8.3,0,0,0,0,110709.125,10397.664,12,Limonoid,C26H32O9,[M+H]+,none,CH4O2,C25H30O6 / C24H26O4,25000.0 / 3000.0,0.0544,none,none,none,none,possibly undescribed,none
978,489.2107,8.3,0,0,0,0,110709.125,10397.664,12,Limonoid,C26H32O9,[M+H]+,none,CH2O2,C25H28O5 / C24H26O3,21000.0 / 4000.0,0.053,none,none,none,none,possibly undescribed,none
1619,463.3052,12.8,51420.547,72408.195,61584.043,67621.33,69447.25,97347.61,12,Limonoid,C27H42O6,[M+H]+,none,CH2O2,C26H40O4 / C25H38O2,6200.0 / 4300.0,0.0385,C2H4O2,C26H40O4 / C24H36O2,6200.0 / 5500.0,0.0522,possibly undescribed,none
1825,516.3889,14.6,0,0,0,0,0,259288.94,12,Limonoid,C28H53O7N1,[M+NH4]+,none,none,none,none,none,none,none,none,none,possibly undescribed,none
2030,498.3784,16.6,0,39645.664,0,0,0,500245.78,12,Limonoid,C28H51O6N1,[M+NH4]+,none,none,none,none,none,none,none,none,none,possibly undescribed,none
2050,435.3459,16.8,0,35169.707,0,0,12162.543,167439.33,12,Limonoid,C27H46O4,[M+H]+,none,none,none,none,none,none,none,none,none,possibly undescribed,none
2065,417.3678,16.8,197683.97,239471.3,335943.4,182045.44,177618.92,131980.61,12,Limonoid,C23H28O7,[M+H]+,none,none,none,none,none,none,none,none,none,possibly undescribed,none
2076,490.3733,17,83345.766,144642.22,67383.4,90029.484,0,62675.977,12,Limonoid,C26H51O7N1,[M+NH4]+,none,none,none,none,none,none,none,none,none,possibly undescribed,none
2092,457.3278,17,31789.63,15626.243,35548.14,24611.496,103179.44,24098.686,12,Limonoid,C29H45O4,[M+H]+,none,CH2O2,C25H34O1 / C24H32O3,6600.0 / 8000.0,0.0613,none,none,none,none,possibly undescribed,none
2092,457.3278,17,31789.63,15626.243,35548.14,24611.496,103179.44,24098.686,12,Limonoid,C29H45O4,[M+H]+,none,CH6O2,C26H40O3 / C25H34O1,2700.0 / 6600.0,0.0253,none,none,none,none,possibly undescribed,none
2245,582.4057,18.6,0,0,0,0,226674,0,12,Limonoid,C25H59O13N1,[M+NH4]+,none,none,none,none,none,none,none,none,none,possibly undescribed,none
2253,550.6278,18.7,0,695179.06,0,619112.9,0,557230.75,12,Limonoid,C38H79N,[M+NH4]+,none,none,none,none,none,none,none,none,none,possibly undescribed,none
2299,442.3668,19.3,116415.93,74565.15,56822.53,80662.37,68744.875,63317.555,12,Limonoid,C29H47O2N1,[M+NH4]+,none,none,none,none,none,none,none,none,none,possibly undescribed,none
2300,456.3464,19.3,165259.2,102704.125,109459.65,119279.26,103226.375,105296.945,12,Limonoid,C29H45O3N1,[M+NH4]+,none,none,none,none,none,none,none,none,none,possibly undescribed,none
1325,487.2319,10.8,0,0,0,0,0,224352.73,13,Limonoid,C27H34O8,[M+H]+,"1324, 1325",CH6O2,C26H32O6 / C25H26O4,27000.0 / 22000.0,0.2035,C2H4O2,C26H30O5 / C24H26O3,66000.0 / 13000.0,0.1687,possibly undescribed,none
1325,487.2319,10.8,0,0,0,0,0,224352.73,13,Limonoid,C27H34O8,[M+H]+,"1324, 1325",CH4O2,C26H30O5 / C25H26O3,66000.0 / 14000.0,0.1739,C2H4O2,C26H30O5 / C24H26O3,66000.0 / 13000.0,0.1687,possibly undescribed,none
2100,423.3978,17.2,355420.34,0,0,0,0,0,13,Limonoid,C31H50,[M+H]+,none,none,none,none,none,none,none,none,none,possibly undescribed,none
2119,514.4099,17.3,0,0,0,0,0,188553.31,13,Limonoid,C29H55O6N1,[M+NH4]+,none,none,none,none,none,none,none,none,none,possibly undescribed,none
2242,622.5034,18.6,0,0,0,0,58280.6,103900.28,13,Limonoid,C37H67O6N1,[M+NH4]+,none,none,none,none,none,none,none,none,none,possibly undescribed,none
724,505.206,6.6,0,0,0,0,0,54550.35,14,Limonoid,C26H32O10,[M+H]+,none,CH2O2,C25H26O6 / C24H28O8,5700.0 / 13000.0,0.0525,C2H4O2,C26H32O10 / C24H28O8,9100.0 / 13000.0,0.0817,possibly undescribed,none
724,505.206,6.6,0,0,0,0,0,54550.35,14,Limonoid,C26H32O10,[M+H]+,none,CH0O2,C25H28O6 / C24H28O8,4500.0 / 13000.0,0.0444,C2H4O2,C26H32O10 / C24H28O8,9100.0 / 13000.0,0.0817,possibly undescribed,none
772,584.2697,6.9,0,0,0,58321.35,0,34590.332,14,Limonoid,C28H41O12N1,[M+NH4]+,none,CH2O2,C24H28O9 / C23H26O7,16000.0 / 13000.0,0.1201,C2H4O2,C26H32O9 / C24H28O7,17000.0 / 15000.0,0.1422,possibly undescribed,none
772,584.2697,6.9,0,0,0,58321.35,0,34590.332,14,Limonoid,C28H41O12N1,[M+NH4]+,none,CH0O2,C24H28O8 / C23H28O6,4700.0 / 4900.0,0.0461,C2H4O2,C26H32O9 / C24H28O7,17000.0 / 15000.0,0.1422,possibly undescribed,none
822,522.2342,7.1,0,0,0,0,0,334611.84,14,Limonoid,C26H35O10N1,[M+NH4]+,"804, 822",CH2O2,C26H30O9 / C25H28O7,100000.0 / 43000.0,0.3978,C2H4O2,C26H30O9 / C24H26O7,100000.0 / 5200.0,0.1877,possibly undescribed,none
1171,501.2116,9.7,0,0,0,0,0,67478,14,Limonoid,C27H32O9,[M+H]+,"1171, 1172",CH6O2,C26H32O8 / C25H26O6,7000.0 / 2300.0,0.0231,none,none,none,none,possibly undescribed,none
1955,417.3358,15.8,101439.98,96969.72,84121.62,101800.01,88842.445,90542.055,14,Limonoid,C27H44O3,[M+H]+,none,none,none,none,none,none,none,none,none,possibly undescribed,none
2160,575.4674,17.7,0,0,0,0,10960.396,206116.75,15,Limonoid,C36H62O5,[M+H]+,none,none,none,none,none,none,none,none,none,possibly undescribed,none
682,536.2125,6.4,0,0,0,0,0,43450.562,16,Limonoid,C26H33O11N1,[M+NH4]+,none,CH2O2,C24H26O9 / C23H24O7,13000.0 / 7200.0,0.0642,C2H4O2,C26H30O11 / C24H26O9,4600.0 / 13000.0,0.045,possibly undescribed,none
682,536.2125,6.4,0,0,0,0,0,43450.562,16,Limonoid,C26H33O11N1,[M+NH4]+,none,CH0O2,C24H22O7 / C23H22O9,2300.0 / 2300.0,0.023,C2H4O2,C26H30O11 / C24H26O9,4600.0 / 13000.0,0.045,possibly undescribed,none
811,554.2596,7.1,0,0,0,0,0,130251.695,16,Limonoid,C27H39O11N1,[M+NH4]+,none,CH2O2,C26H32O10 / C25H30O8,39000.0 / 11000.0,0.1179,C2H4O2,C26H32O10 / C24H28O8,39000.0 / 29000.0,0.2627,possibly undescribed,none
923,487.1957,7.9,0,99507.32,10302.998,0,0,1699144.4,16,Limonoid,C26H30O9,[M+H]+,none,CH2O2,C26H30O9 / C25H28O7,200000.0 / 32000.0,0.4738,C2H4O2,C26H30O9 / C24H26O7,200000.0 / 10000.0,0.3737,possibly undescribed,none
445,556.2382,4.8,0,0,0,0,0,213281.34,17,Limonoid,C26H37O12N1,[M+NH4]+,none,CH2O2,C24H28O9 / C23H26O7,12000.0 / 21000.0,0.1068,C2H4O2,C26H32O11 / C24H28O9,10000.0 / 12000.0,0.0931,possibly undescribed,none
618,536.2122,6,0,0,0,0,0,86489.41,18,Limonoid,C26H33O11N1,[M+NH4]+,none,CH2O2,C24H26O9 / C23H24O7,30000.0 / 48000.0,0.2668,C2H4O2,C26H28O10 / C24H24O8,11000.0 / 15000.0,0.0994,possibly undescribed,none
974,501.2114,8.3,0,0,0,0,0,219804.89,18,Limonoid,C27H32O9,[M+H]+,none,CH6O2,C26H30O7 / C25H24O5,14000.0 / 17000.0,0.1299,C2H4O2,C26H32O8 / C24H28O6,29000.0 / 5500.0,0.073,possibly undescribed,none
974,501.2114,8.3,0,0,0,0,0,219804.89,18,Limonoid,C27H32O9,[M+H]+,none,CH2O2,C26H26O7 / C25H24O5,12000.0 / 17000.0,0.1078,C2H4O2,C26H32O8 / C24H28O6,29000.0 / 5500.0,0.073,possibly undescribed,none
860,505.2051,7.5,0,8421.193,5175.3975,0,0,669512,19,Limonoid,C26H32O10,[M+H]+,"860, 869",CH2O2,C24H28O8 / C23H26O6,63000.0 / 31000.0,0.2796,C2H4O2,C26H30O9 / C24H26O7,36000.0 / 58000.0,0.3201,possibly undescribed,none
860,505.2051,7.5,0,8421.193,5175.3975,0,0,669512,19,Limonoid,C26H32O10,[M+H]+,"860, 869",CH6O2,C24H30O7 / C23H24O5,29000.0 / 20000.0,0.1792,C2H4O2,C26H30O9 / C24H26O7,36000.0 / 58000.0,0.3201,possibly undescribed,none
894,501.1748,7.7,0,0,0,0,0,251040.84,19,Limonoid,C26H28O10,[M+H]+,none,CH2O2,C24H24O6 / C23H22O4,14000.0 / 14000.0,0.14,none,none,none,none,possibly undescribed,none
2108,450.3213,17.2,17894.074,0,0,0,83842.586,0,19,Limonoid,C26H43O5N1,[M+NH4]+,none,CH2O2,C24H32O3 / C23H30O1,21000.0 / 20000.0,0.1955,C2H4O2,C26H38O4 / C24H34O2,12000.0 / 5600.0,0.0509,possibly undescribed,none
2108,450.3213,17.2,17894.074,0,0,0,83842.586,0,19,Limonoid,C26H43O5N1,[M+NH4]+,none,CH6O2,C25H36O4 / C24H30O2,12000.0 / 25000.0,0.1087,C2H4O2,C26H38O4 / C24H34O2,12000.0 / 5600.0,0.0509,possibly undescribed,none
2127,573.4513,17.4,0,0,0,0,0,164764.17,19,Limonoid,C36H60O5,[M+H]+,none,none,none,none,none,none,none,none,none,possibly undescribed,none
1272,564.2791,10.4,0,0,0,0,1184836.8,0,20,Limonoid,C29H41O10N1,[M+NH4]+,none,CH2O2,C25H26O4 / C24H28O6,10000.0 / 9900.0,0.0985,C2H4O2,C26H28O4 / C24H24O2,6200.0 / 6200.0,0.062,possibly undescribed,none
1272,564.2791,10.4,0,0,0,0,1184836.8,0,20,Limonoid,C29H41O10N1,[M+NH4]+,none,CH0O2,C24H28O6 / C23H28O4,9900.0 / 27000.0,0.0958,C2H4O2,C26H28O4 / C24H24O2,6200.0 / 6200.0,0.062,possibly undescribed,none
966,504.2224,8.2,0,91377.66,0,0,0,2755372.2,21,Limonoid,C26H33O9N1,[M+NH4]+,"966, 969",CH2O2,C26H30O9 / C25H28O7,1800000.0 / 830000.0,7.5677,C2H4O2,C26H30O9 / C24H26O7,1800000.0 / 140000.0,3.5776,possibly undescribed,none
966,504.2224,8.2,0,91377.66,0,0,0,2755372.2,21,Limonoid,C26H33O9N1,[M+NH4]+,"966, 969",CH6O2,C24H24O4 / C23H18O6,330000.0 / 700000.0,2.9969,C2H4O2,C26H30O9 / C24H26O7,1800000.0 / 140000.0,3.5776,possibly undescribed,none
985,534.2341,8.4,0,0,0,0,0,61898.273,22,Limonoid,C27H35O10N1,[M+NH4]+,none,CH2O2,C24H24O7 / C23H22O5,10000.0 / 11000.0,0.0959,C2H4O2,C26H30O8 / C24H26O6,3600.0 / 6500.0,0.0321,possibly undescribed,none
985,534.2341,8.4,0,0,0,0,0,61898.273,22,Limonoid,C27H35O10N1,[M+NH4]+,none,CH6O2,C25H30O9 / C24H24O7,15000.0 / 10000.0,0.0893,C2H4O2,C26H30O8 / C24H26O6,3600.0 / 6500.0,0.0321,possibly undescribed,none
559,570.2538,5.5,0,0,0,0,0,155436.5,23,Limonoid,C27H39O12N1,[M+NH4]+,none,CH10O2,C25H28O8 / C24H18O6,21000.0 / 16000.0,0.1456,C2H4O2,C26H32O9 / C24H28O7,24000.0 / 10000.0,0.0932,possibly undescribed,none
559,570.2538,5.5,0,0,0,0,0,155436.5,23,Limonoid,C27H39O12N1,[M+NH4]+,none,CH2O2,C24H26O8 / C23H28O6,9800.0 / 11000.0,0.0932,C2H4O2,C26H32O9 / C24H28O7,24000.0 / 10000.0,0.0932,possibly undescribed,none
726,568.238,6.6,0,0,0,0,0,68075.71,23,Limonoid,C27H37O12N1,[M+NH4]+,none,CH2O2,C24H26O9 / C23H24O7,11000.0 / 6400.0,0.0569,C2H4O2,C26H28O10 / C24H24O8,9100.0 / 6200.0,0.0555,possibly undescribed,none
898,564.2434,7.7,0,0,121226.56,367192.3,0,0,24,Limonoid,C28H37O11N1,[M+NH4]+,none,CH2O2,C25H26O6 / C24H28O8,16000.0 / 51000.0,0.1638,C2H4O2,C26H24O6 / C24H28O8,13000.0 / 51000.0,0.1463,possibly undescribed,none
1163,501.2117,9.6,0,30757.582,0,0,0,76220.336,24,Limonoid,C27H32O9,[M+H]+,none,CH2O2,C26H28O8 / C25H26O6,8000.0 / 3900.0,0.0352,none,none,none,none,possibly undescribed,none
2022,417.3358,16.5,69934.5,70280.33,78548.516,75564.914,62020.344,60743.152,24,Limonoid,C27H44O3,[M+H]+,none,none,none,none,none,none,none,none,none,possibly undescribed,none
805,522.2333,7.1,0,40387.21,0,0,0,111524.95,26,Limonoid,C26H35O10N1,[M+NH4]+,"804, 805",CH2O2,C26H32O10 / C25H30O8,35000.0 / 38000.0,0.3373,C2H4O2,C26H32O10 / C24H28O8,35000.0 / 2800.0,0.0699,possibly undescribed,none
1033,473.2166,8.8,0,0,300336.5,66548.4,0,7620.636,27,Limonoid,C26H32O8,[M+H]+,"1030, 1033",CH2O2,C26H32O8 / C25H30O6,54000.0 / 86000.0,0.4804,C2H4O2,C26H32O8 / C24H28O6,54000.0 / 43000.0,0.3953,possibly undescribed,none
1033,473.2166,8.8,0,0,300336.5,66548.4,0,7620.636,27,Limonoid,C26H32O8,[M+H]+,"1030, 1033",CH0O2,C24H28O6 / C23H28O4,43000.0 / 110000.0,0.4078,C2H4O2,C26H32O8 / C24H28O6,54000.0 / 43000.0,0.3953,possibly undescribed,none
1172,518.2382,9.7,0,0,0,0,0,240056.1,27,Limonoid,C27H35O9N1,[M+NH4]+,"1171, 1172",CH6O2,C26H32O8 / C25H26O6,94000.0 / 21000.0,0.2534,C2H4O2,C26H28O6 / C24H24O8,20000.0 / 20000.0,0.2,possibly undescribed,none
1172,518.2382,9.7,0,0,0,0,0,240056.1,27,Limonoid,C27H35O9N1,[M+NH4]+,"1171, 1172",CH2O2,C25H26O6 / C24H24O8,21000.0 / 20000.0,0.1955,C2H4O2,C26H28O6 / C24H24O8,20000.0 / 20000.0,0.2,possibly undescribed,none
1019,536.2485,8.7,0,0,0,0,0,446349.06,28,Limonoid,C27H37O10N1,[M+NH4]+,"1018, 1019",CH2O2,C24H28O8 / C23H26O6,110000.0 / 60000.0,0.5352,C2H4O2,C26H30O9 / C24H26O7,15000.0 / 150000.0,0.3129,possibly undescribed,none
1019,536.2485,8.7,0,0,0,0,0,446349.06,28,Limonoid,C27H37O10N1,[M+NH4]+,"1018, 1019",CH6O2,C25H30O8 / C24H24O6,40000.0 / 43000.0,0.387,C2H4O2,C26H30O9 / C24H26O7,15000.0 / 150000.0,0.3129,possibly undescribed,none
1285,411.2156,10.5,0,0,0,0,0,164251.78,28,Limonoid,C25H30O5,[M+H-CO2]+,"1285, 1286",CH2O2,C25H30O5 / C24H28O3,40000.0 / 13000.0,0.1313,none,none,none,none,possibly undescribed,none
969,487.1955,8.2,0,0,0,0,0,1999476.4,29,Limonoid,C26H30O9,[M+H]+,"966, 969",CH2O2,C26H30O9 / C25H28O7,520000.0 / 190000.0,1.8398,C2H4O2,C26H28O8 / C24H24O6,130000.0 / 31000.0,0.361,possibly undescribed,none
1030,490.2431,8.8,0,0,212225.75,0,0,0,30,Limonoid,C26H35O8N1,[M+NH4]+,"1030, 1033",CH0O2,C24H28O6 / C23H28O4,57000.0 / 62000.0,0.5489,C2H4O2,C26H32O8 / C24H28O6,29000.0 / 57000.0,0.2604,possibly undescribed,none
1030,490.2431,8.8,0,0,212225.75,0,0,0,30,Limonoid,C26H35O8N1,[M+NH4]+,"1030, 1033",CH2O2,C26H32O8 / C25H30O6,29000.0 / 38000.0,0.2641,C2H4O2,C26H32O8 / C24H28O6,29000.0 / 57000.0,0.2604,possibly undescribed,none
1065,520.2548,9,0,0,0,0,0,102841.19,32,Limonoid,C27H37O9N1,[M+NH4]+,none,CH6O2,C24H24O3 / C23H18O5,23000.0 / 26000.0,0.2183,C2H4O2,C26H32O7 / C24H28O5,13000.0 / 12000.0,0.1157,possibly undescribed,none
1065,520.2548,9,0,0,0,0,0,102841.19,32,Limonoid,C27H37O9N1,[M+NH4]+,none,CH2O2,C26H26O6 / C25H24O4,18000.0 / 26000.0,0.1613,C2H4O2,C26H32O7 / C24H28O5,13000.0 / 12000.0,0.1157,possibly undescribed,none
594,570.2542,5.8,0,0,0,0,7979.456,268780.8,33,Limonoid,C27H39O12N1,[M+NH4]+,none,CH2O2,C24H28O9 / C23H26O7,40000.0 / 30000.0,0.2722,C2H4O2,C26H32O11 / C24H28O9,17000.0 / 40000.0,0.1577,possibly undescribed,none
594,570.2542,5.8,0,0,0,0,7979.456,268780.8,33,Limonoid,C27H39O12N1,[M+NH4]+,none,CH0O2,C24H28O9 / C23H28O7,40000.0 / 6400.0,0.0948,C2H4O2,C26H32O11 / C24H28O9,17000.0 / 40000.0,0.1577,possibly undescribed,none
804,505.2063,7.1,0,22803.129,0,0,0,122791.67,33,Limonoid,C26H32O10,[M+H]+,"804, 805, 822",CH2O2,C26H32O10 / C25H30O8,24000.0 / 14000.0,0.1245,C2H4O2,C26H32O10 / C24H28O8,24000.0 / 9000.0,0.0864,possibly undescribed,none
804,505.2063,7.1,0,22803.129,0,0,0,122791.67,33,Limonoid,C26H32O10,[M+H]+,"804, 805, 822",CH6O2,C24H26O5 / C23H20O7,9600.0 / 11000.0,0.0907,C2H4O2,C26H32O10 / C24H28O8,24000.0 / 9000.0,0.0864,possibly undescribed,none
892,712.3166,7.7,6371.1963,0,12644.291,25695.773,63639.047,0,34,Limonoid,C34H49O15N1,[M+NH4]+,none,CH0O2,C25H28O4 / C24H28O6,9800.0 / 9300.0,0.0907,C2H4O2,C26H30O7 / C24H26O5,5800.0 / 8200.0,0.0521,possibly undescribed,none
892,712.3166,7.7,6371.1963,0,12644.291,25695.773,63639.047,0,34,Limonoid,C34H49O15N1,[M+NH4]+,none,CH2O2,C25H26O4 / C24H28O6,11000.0 / 9300.0,0.0869,C2H4O2,C26H30O7 / C24H26O5,5800.0 / 8200.0,0.0521,possibly undescribed,none
975,536.2485,8.3,0,0,0,0,0,811502.75,34,Limonoid,C27H37O10N1,[M+NH4]+,none,CH6O2,C26H30O7 / C25H24O5,89000.0 / 150000.0,0.7911,C2H4O2,C26H30O7 / C24H26O5,89000.0 / 66000.0,0.5976,possibly undescribed,none
975,536.2485,8.3,0,0,0,0,0,811502.75,34,Limonoid,C27H37O10N1,[M+NH4]+,none,CH2O2,C25H26O6 / C24H24O4,76000.0 / 77000.0,0.7551,C2H4O2,C26H30O7 / C24H26O5,89000.0 / 66000.0,0.5976,possibly undescribed,none
1018,519.222,8.7,0,11438.659,0,0,0,209348.5,34,Limonoid,C27H34O10,[M+H]+,"1018, 1019",CH2O2,C24H28O8 / C23H26O6,33000.0 / 28000.0,0.262,C2H4O2,C26H32O8 / C24H28O6,11000.0 / 26000.0,0.1022,possibly undescribed,none
745,461.1798,6.7,0,0,0,0,0,107287.25,35,Limonoid,C24H28O9,[M+H]+,none,CH2O2,C24H22O6 / C23H20O4,21000.0 / 12000.0,0.1068,none,none,none,none,possibly undescribed,none
775,520.2173,6.9,0,0,98156.81,218880.05,37122.43,2502244.2,36,Limonoid,C26H33O10N1,[M+NH4]+,"775, 777",CH2O2,C24H28O9 / C23H26O7,56000.0 / 59000.0,0.5465,C2H4O2,C26H30O10 / C24H26O8,65000.0 / 120000.0,0.5801,possibly undescribed,none
896,505.2058,7.7,0,0,0,22144.637,0,189189.78,38,Limonoid,C26H32O10,[M+H]+,none,CH6O2,C24H30O7 / C23H24O5,17000.0 / 17000.0,0.17,C2H4O2,C26H30O9 / C24H26O7,21000.0 / 30000.0,0.1885,possibly undescribed,none
896,505.2058,7.7,0,0,0,22144.637,0,189189.78,38,Limonoid,C26H32O10,[M+H]+,none,CH2O2,C25H30O8 / C24H28O6,17000.0 / 38000.0,0.1559,C2H4O2,C26H30O9 / C24H26O7,21000.0 / 30000.0,0.1885,possibly undescribed,none
949,501.2113,8.1,0,0,0,0,0,405622.56,38,Limonoid,C27H32O9,[M+H]+,none,CH6O2,C24H24O4 / C23H18O6,28000.0 / 51000.0,0.2496,C2H4O2,C26H28O6 / C24H24O4,9200.0 / 28000.0,0.0925,possibly undescribed,none
949,501.2113,8.1,0,0,0,0,0,405622.56,38,Limonoid,C27H32O9,[M+H]+,none,CH2O2,C25H26O6 / C24H24O4,24000.0 / 28000.0,0.2253,C2H4O2,C26H28O6 / C24H24O4,9200.0 / 28000.0,0.0925,possibly undescribed,none
1204,550.264,9.9,0,0,0,0,0,64830.42,41,Limonoid,C28H39O10N1,[M+NH4]+,none,CH6O2,C25H28O5 / C24H22O3,4400.0 / 4500.0,0.0435,C2H4O2,C26H28O6 / C24H24O4,4600.0 / 3200.0,0.0287,possibly undescribed,none
1204,550.264,9.9,0,0,0,0,0,64830.42,41,Limonoid,C28H39O10N1,[M+NH4]+,none,CH2O2,C26H26O7 / C25H24O5,4700.0 / 6000.0,0.043,C2H4O2,C26H28O6 / C24H24O4,4600.0 / 3200.0,0.0287,possibly undescribed,none
773,461.1797,6.9,0,0,0,20534.977,0,295768.7,61,Limonoid,C24H28O9,[M+H]+,none,CH2O2,C24H22O6 / C23H20O4,53000.0 / 44000.0,0.4091,none,none,none,none,possibly undescribed,none
773,461.1797,6.9,0,0,0,20534.977,0,295768.7,61,Limonoid,C24H28O9,[M+H]+,none,CH4O2,C24H24O7 / C23H20O5,42000.0 / 22000.0,0.1969,none,none,none,none,possibly undescribed,none
777,503.1905,6.9,0,0,30342.807,70832.76,0,1014784.06,94,Limonoid,C26H30O10,[M+H]+,"775, 777",CH2O2,C24H26O8 / C23H24O6,140000.0 / 100000.0,0.9,C2H4O2,C26H28O9 / C24H24O7,63000.0 / 80000.0,0.5777,possibly undescribed,none
777,503.1905,6.9,0,0,30342.807,70832.76,0,1014784.06,94,Limonoid,C26H30O10,[M+H]+,"775, 777",CH6O2,C24H28O7 / C23H22O5,53000.0 / 130000.0,0.4969,C2H4O2,C26H28O9 / C24H24O7,63000.0 / 80000.0,0.5777,possibly undescribed,none
