row ID,row m/z,row retention time,20220601_100AGC_pluskal_mce_1D1_A1_id.mzML Peak area,VGF141_H06_pos.mzML Peak area,VGF141_A07_pos.mzML Peak area,VGF141_G06_pos.mzML Peak area,VGF142_A05_pos.mzML Peak area,VGF142_B03_pos.mzML Peak area,ThyW01_500ppm_cent_pos.mzML Peak area,Thy50_01_500ppm_cent_pos.mzML Peak area,ThyE01_500ppm_cent_pos.mzML Peak area,ThyW02_500ppm_cent_pos.mzML Peak area,ThyE02_500ppm_cent_pos.mzML Peak area,Thy50_02_500ppm_cent_pos.mzML Peak area,D Score,MD Score,type,elemental composition,identification,same composition,adduct ion,same peak
11906,363.1793097,3.0,0.0,4835.249,0.0,0.0,11055.422,0.0,176739.92,142927.11,0.0,0.0,0.0,0.0,13,0,D,C20H26O6,possibly undescribed,none,[M+H]+,none
16023,389.1958773,3.7,0.0,0.0,0.0,0.0,0.0,0.0,12862.954,9967.224,0.0,130069.8,55026.176,68151.54,10,0,D,C22H28O6,possibly undescribed,none,[M+H]+,none
16070,363.180253,3.7,0.0,0.0,0.0,0.0,0.0,0.0,62378.324,36112.01,0.0,0.0,0.0,0.0,11,0,D,C20H26O6,possibly undescribed,none,[M+H]+,none
18421,363.1795275,4.2,0.0,0.0,0.0,0.0,0.0,0.0,57382.934,54951.836,0.0,7286.15,0.0,0.0,10,0,D,C20H26O6,possibly undescribed,none,[M+H]+,none
18806,528.2803536,4.2,0.0,0.0,0.0,0.0,0.0,0.0,44340.56,44351.348,0.0,0.0,0.0,0.0,6,0,D,C26H41O10N1,possibly undescribed,none,[M+NH4]+,none
21232,366.2274214,4.6,0.0,0.0,0.0,0.0,0.0,0.0,37103.223,42161.28,0.0,0.0,0.0,0.0,6,0,D,C20H31O5N1,possibly undescribed,none,[M+NH4]+,none
24271,512.2853938,5.2,0.0,0.0,0.0,0.0,0.0,0.0,30889.11,36790.258,0.0,0.0,0.0,0.0,7,0,D,C26H41O9N1,possibly known,daphnediterp A,[M+NH4]+,none
27408,451.2115372,5.8,0.0,0.0,0.0,0.0,0.0,0.0,34797.914,41644.293,0.0,0.0,0.0,0.0,7,0,D,C27H30O6,possibly undescribed,none,[M+H]+,none
27643,487.232564,5.9,0.0,5368.4355,18884.115,0.0,0.0,13896.364,48540.445,56320.75,0.0,0.0,0.0,0.0,14,0,D,C27H34O8,possibly known,orthobenzoate 2,[M+H]+,none
28449,315.1955016,6.0,0.0,0.0,0.0,0.0,0.0,0.0,74575.086,102702.35,0.0,0.0,0.0,0.0,7,0,D,C20H26O3,possibly undescribed,none,[M+H]+,none
29308,315.1936736,6.2,0.0,0.0,0.0,0.0,3220.9292,10121.553,80818.914,92730.54,0.0,0.0,0.0,0.0,8,0,D,,possibly undescribed,none,[M+H]+,none
30746,487.2323469,6.4,0.0,0.0,8944.977,0.0,0.0,0.0,64396.516,84251.94,0.0,0.0,0.0,0.0,24,0,D,C27H34O8,possibly known,orthobenzoate 2,[M+H]+,none
30903,347.1853194,6.4,0.0,0.0,0.0,0.0,0.0,0.0,56993.73,79740.74,0.0,0.0,0.0,0.0,7,0,D,C20H26O5,possibly undescribed,none,[M+H]+,none
30945,469.2220514,6.5,0.0,0.0,0.0,0.0,0.0,0.0,106238.67,146556.62,0.0,0.0,0.0,0.0,8,0,D,C27H32O7,possibly undescribed,none,[M+H]+,none
30946,505.2433527,6.5,0.0,0.0,0.0,0.0,0.0,0.0,252016.34,352467.62,0.0,0.0,0.0,0.0,22,0,D,C27H36O9,possibly known,"genkwanine O, neogenkwanine A, neogenkwanine B, neogenkwanine H, genkwanine A, neogenkwanine I",[M+H]+,none
30963,329.1740446,6.5,0.0,0.0,0.0,0.0,0.0,0.0,60590.76,81602.62,0.0,4493.6504,0.0,0.0,8,0,D,C20H24O4,possibly undescribed,none,[M+H]+,none
34525,469.222092,7.1,0.0,0.0,0.0,0.0,0.0,0.0,40779.594,82072.87,0.0,0.0,0.0,0.0,12,0,D,C27H32O7,possibly undescribed,none,[M+H-H2O]+,"34525, 34526"
34526,487.2327116,7.1,0.0,0.0,0.0,0.0,0.0,0.0,38191.156,77429.47,0.0,0.0,0.0,0.0,10,0,D,C27H34O8,possibly known,orthobenzoate 2,[M+H]+,"34525, 34526"
38643,503.2276703,7.9,0.0,0.0,0.0,0.0,0.0,0.0,74712.05,113241.61,0.0,0.0,0.0,0.0,24,0,D,C27H34O9,possibly known,"1,2α-dihydro-5β-hydroxy-6α,7α-epoxy-resiniferonol-14-benzoate, 1,2β-dihydro-5β-hydroxy-6α,7α-epoxy-resiniferonol-14-benzoate",[M+H]+,none
38742,521.2381602,7.9,0.0,0.0,0.0,0.0,0.0,0.0,25122.598,59013.91,0.0,0.0,0.0,0.0,25,0,D,C27H36O10,possibly undescribed,none,[M+H]+,none
38755,559.2174342,7.9,0.0,0.0,0.0,0.0,0.0,0.0,59390.996,88866.6,0.0,0.0,0.0,0.0,23,0,D,C29H34O11,possibly undescribed,none,[M+H]+,none
39342,577.2280807,8.1,0.0,0.0,0.0,0.0,0.0,0.0,49030.414,101749.74,0.0,0.0,0.0,0.0,20,0,D,C29H36O12,possibly undescribed,none,[M+H]+,none
39457,501.2119811,8.1,0.0,0.0,0.0,0.0,0.0,0.0,21323.547,39099.56,0.0,0.0,0.0,0.0,14,0,D,C27H32O9,possibly known,daphnegiraldigin,[M+H]+,none
42200,559.2174194,8.7,0.0,0.0,0.0,0.0,0.0,0.0,23954.16,103778.68,0.0,0.0,0.0,0.0,14,0,D,C29H34O11,possibly undescribed,none,[M+H]+,none
42384,561.2332042,8.8,0.0,0.0,0.0,0.0,0.0,0.0,51281.33,133576.55,0.0,0.0,0.0,0.0,23,0,D,C29H36O11,possibly known,genkwanine L,[M+H]+,none
42505,505.2433094,8.8,0.0,0.0,0.0,0.0,0.0,0.0,57024.34,207036.84,0.0,0.0,0.0,0.0,20,0,D,C27H36O9,possibly known,"genkwanine O, neogenkwanine A, neogenkwanine B, neogenkwanine H, genkwanine A, neogenkwanine I",[M+H]+,none
43955,561.2332001,9.1,0.0,0.0,0.0,0.0,0.0,0.0,23104.7,74156.76,0.0,0.0,0.0,0.0,21,0,D,C29H36O11,possibly known,genkwanine L,[M+H]+,none
44056,609.2695129,9.2,0.0,0.0,0.0,0.0,0.0,0.0,8266.385,50683.32,0.0,0.0,0.0,0.0,15,0,D,C34H40O10,possibly undescribed,(DA12)std_genkwanine H isomer,[M+H]+,none
44081,505.2432994,9.2,0.0,0.0,0.0,0.0,0.0,0.0,278153.0,1620485.2,0.0,0.0,0.0,0.0,26,0,D,C27H36O9,possibly known,"genkwanine O, neogenkwanine A, neogenkwanine B, neogenkwanine H, genkwanine A, neogenkwanine I",[M+H]+,none
44759,487.2326136,9.4,0.0,0.0,0.0,0.0,0.0,0.0,715387.6,2554206.2,0.0,0.0,0.0,0.0,20,0,D,C27H34O8,possibly known,orthobenzoate 2,[M+H]+,none
44789,605.2958792,9.4,0.0,0.0,0.0,0.0,0.0,0.0,11504.392,46745.54,0.0,0.0,0.0,0.0,17,0,D,C32H44O11,possibly known,"tianchaterpene A, genkwadane I, pimelotide B, pimelotide D",[M+H]+,none
44802,541.2069604,9.4,0.0,0.0,0.0,0.0,0.0,0.0,62008.31,306337.8,0.0,0.0,0.0,0.0,15,0,D,C29H32O10,possibly known,"yuanhuakine E, yuanhuafine, yuanhuaoate F",[M+H]+,none
45127,543.2225446,9.6,0.0,0.0,0.0,0.0,0.0,0.0,457602.56,1604941.5,0.0,0.0,0.0,0.0,22,0,D,C29H34O10,possibly known,yuanhuapine,[M+H]+,none
45341,591.2589933,9.7,0.0,0.0,0.0,0.0,0.0,0.0,5684.752,43775.62,0.0,0.0,0.0,0.0,19,0,D,C34H38O9,possibly undescribed,"(DA08)std_genkwanine M isomer, (DA07)std_genkwanine N isomer",[M+H]+,none
45548,639.2439148,9.8,0.0,0.0,0.0,0.0,0.0,0.0,0.0,31328.889,0.0,0.0,0.0,0.0,11,0,D,C34H38O12,possibly undescribed,none,[M+H]+,none
45702,485.2170571,9.9,0.0,0.0,0.0,0.0,0.0,0.0,14555.363,92204.94,0.0,0.0,0.0,0.0,21,0,D,C27H32O8,possibly known,daphne factor F4,[M+H]+,none
46342,605.2958739,10.2,0.0,0.0,0.0,0.0,0.0,0.0,5100.686,38481.016,0.0,0.0,0.0,0.0,15,0,D,C32H44O11,possibly known,"tianchaterpene A, genkwadane I, pimelotide B, pimelotide D",[M+H]+,none
46395,513.2119384,10.2,0.0,0.0,0.0,0.0,0.0,0.0,7390.8213,39631.35,0.0,0.0,0.0,0.0,13,0,D,C28H32O9,possibly undescribed,none,[M+H]+,none
46931,623.2491305,10.6,0.0,0.0,0.0,0.0,0.0,0.0,0.0,25858.307,0.0,0.0,0.0,0.0,15,0,D,C34H38O11,possibly undescribed,none,[M+H]+,none
47516,573.2483329,10.9,0.0,0.0,0.0,0.0,0.0,0.0,0.0,44406.863,0.0,0.0,0.0,0.0,12,0,D,C34H36O8,possibly undescribed,none,[M+H]+,none
47536,591.2590162,10.9,0.0,0.0,0.0,0.0,0.0,0.0,0.0,68100.16,0.0,0.0,0.0,0.0,10,0,D,C34H38O9,possibly undescribed,"(DA08)std_genkwanine M isomer, (DA07)std_genkwanine N isomer",[M+H]+,none
47670,571.25387,11.0,0.0,0.0,0.0,0.0,0.0,0.0,0.0,37434.688,0.0,0.0,0.0,0.0,14,0,D,C31H38O10,possibly undescribed,none,[M+H]+,none
47826,621.2333223,11.1,0.0,0.0,0.0,0.0,0.0,0.0,0.0,42187.88,0.0,0.0,0.0,0.0,19,0,D,C34H36O11,possibly known,"yuanhuaoate B, genkwadane A",[M+H]+,none
48135,603.2226944,11.3,0.0,0.0,0.0,0.0,0.0,0.0,0.0,228314.36,0.0,0.0,0.0,0.0,16,0,D,C34H34O10,possibly undescribed,(DA10)std_genkwadaphnin isomer,[M+H]+,none
48221,667.3117176,11.4,0.0,0.0,0.0,0.0,0.0,0.0,0.0,79440.39,0.0,0.0,0.0,0.0,15,0,D,C37H46O11,possibly known,"genkwadane H, tianchaterpene B, yuanhuaoate E, yuanhuakine A, daphgenkin A, daphnane-type diterpene ester-7 (daphgenkin B)",[M+H]+,none
48334,605.2384027,11.5,0.0,0.0,0.0,0.0,0.0,0.0,0.0,230566.19,0.0,0.0,0.0,0.0,21,0,D,C34H36O10,possibly known,"3-hydrogenkwadaphin, yuanhuatine (yuanhuatin)",[M+H]+,none
48722,653.3324566,11.6,0.0,0.0,0.0,0.0,0.0,0.0,0.0,97389.59,0.0,0.0,0.0,0.0,14,0,D,C37H48O10,possibly undescribed,(DA19)std_daphneodorin H isomer,[M+H]+,none
48816,545.2746622,11.7,0.0,0.0,0.0,0.0,0.0,0.0,0.0,40590.105,0.0,0.0,0.0,0.0,18,0,D,C30H40O9,possibly known,tianchaterpene E,[M+H]+,none
49077,389.1936785,11.7,0.0,0.0,0.0,0.0,0.0,0.0,0.0,152509.95,18132.244,0.0,0.0,0.0,8,0,D,C4H36O19,possibly undescribed,none,[M+H]+,none
49322,591.2584506,11.9,0.0,0.0,0.0,0.0,0.0,0.0,0.0,84479.52,0.0,0.0,0.0,0.0,9,0,D,C34H38O9,possibly undescribed,"(DA08)std_genkwanine M isomer, (DA07)std_genkwanine N isomer",[M+H]+,none
49367,655.3480191,12.0,0.0,0.0,0.0,0.0,0.0,0.0,0.0,49157.78,0.0,0.0,0.0,0.0,15,0,D,C37H50O10,possibly known,"genkwanine F, yuanhuakine B, neogenkwanine C, neogenkwanine D, neogenkwanine E, neogenkwanine F, genkwanine B, kraussianin, linimacrin c, wikstroelide X",[M+H]+,none
49400,667.3115945,12.1,0.0,0.0,0.0,0.0,0.0,0.0,0.0,96480.07,0.0,0.0,0.0,0.0,20,0,D,C37H46O11,possibly known,"genkwadane H, tianchaterpene B, yuanhuaoate E, yuanhuakine A, daphgenkin A, daphnane-type diterpene ester-7 (daphgenkin B)",[M+H]+,none
49487,655.3481646,12.1,0.0,0.0,0.0,0.0,0.0,0.0,0.0,83486.734,0.0,0.0,0.0,0.0,11,0,D,C37H50O10,possibly known,"genkwanine F, yuanhuakine B, neogenkwanine C, neogenkwanine D, neogenkwanine E, neogenkwanine F, genkwanine B, kraussianin, linimacrin c, wikstroelide X",[M+H]+,none
49562,609.2695698,12.2,0.0,0.0,0.0,0.0,0.0,0.0,0.0,329900.97,0.0,0.0,0.0,0.0,23,0,D,C34H40O10,possibly undescribed,(DA12)std_genkwanine H isomer,[M+H]+,none
49750,389.1959414,12.4,0.0,0.0,0.0,0.0,0.0,0.0,0.0,273873.47,0.0,0.0,0.0,0.0,7,0,D,C22H28O6,possibly undescribed,none,[M+H]+,none
49759,371.1852984,12.4,0.0,0.0,0.0,0.0,0.0,0.0,0.0,63961.324,0.0,0.0,0.0,0.0,10,0,D,C22H26O5,possibly undescribed,none,[M+H]+,none
49878,585.2696539,12.5,0.0,0.0,0.0,0.0,0.0,0.0,0.0,119090.17,0.0,0.0,0.0,0.0,15,0,D,C32H40O10,possibly known,kirkinine D,[M+H]+,none
49881,653.33239,12.5,0.0,0.0,0.0,0.0,0.0,0.0,0.0,41480.523,0.0,0.0,0.0,0.0,7,0,D,C37H48O10,possibly undescribed,(DA19)std_daphneodorin H isomer,[M+H]+,none
49901,403.1751166,12.5,0.0,0.0,0.0,0.0,0.0,0.0,0.0,67735.086,0.0,0.0,0.0,0.0,7,0,D,C22H26O7,possibly undescribed,none,[M+H]+,none
50084,609.269666,12.6,0.0,0.0,0.0,0.0,0.0,0.0,0.0,189922.22,0.0,0.0,0.0,0.0,25,0,D,C34H40O10,possibly undescribed,(DA12)std_genkwanine H isomer,[M+H]+,none
50182,587.2853242,12.7,0.0,0.0,0.0,0.0,0.0,0.0,0.0,38360.15,0.0,0.0,0.0,0.0,13,0,D,C32H42O10,possibly known,"yuanhuadine (yuanhuadin, synaptolepis factor K4), isoyuanhuadine (isoyuanhuadin), yuanhuamine A, tianchaterpene D",[M+H]+,none
50239,591.2590454,12.8,0.0,0.0,0.0,0.0,0.0,0.0,0.0,550480.5,0.0,0.0,0.0,0.0,20,0,D,C34H38O9,possibly undescribed,"(DA08)std_genkwanine M isomer, (DA07)std_genkwanine N isomer",[M+H]+,none
50688,587.2852198,13.1,0.0,0.0,0.0,0.0,0.0,0.0,0.0,794129.4,0.0,0.0,0.0,0.0,16,0,D,C32H42O10,possibly known,"yuanhuadine (yuanhuadin, synaptolepis factor K4), isoyuanhuadine (isoyuanhuadin), yuanhuamine A, tianchaterpene D",[M+H]+,none
51303,601.3010462,13.7,0.0,0.0,0.0,0.0,0.0,0.0,0.0,58597.0,0.0,0.0,0.0,0.0,13,0,D,C33H44O10,possibly known,yuanhuahine,[M+H]+,none
51371,409.3101631,13.8,0.0,0.0,0.0,0.0,0.0,0.0,0.0,0.0,0.0,0.0,37771.953,88038.35,9,0,D,C28H40O2,possibly undescribed,none,[M+H]+,none
51510,637.3375112,13.9,0.0,0.0,0.0,0.0,0.0,0.0,0.0,38191.305,0.0,0.0,0.0,0.0,6,0,D,C37H48O9,possibly known,wikstroemia factor M1/M2,[M+H]+,none
51668,647.2853932,14.1,0.0,0.0,0.0,0.0,0.0,0.0,0.0,51548.234,0.0,0.0,0.0,0.0,8,0,D,C37H42O10,possibly undescribed,"(DA16)std_yuanhuajine isomer, (DA17)std_gniditrin isomer",[M+H]+,none
51751,615.3166439,14.2,0.0,0.0,0.0,0.0,0.0,0.0,0.0,27303.006,0.0,0.0,0.0,0.0,9,0,D,C34H46O10,possibly undescribed,(DA13)std_wikstroelide H isomer,[M+H]+,none
51841,615.3166378,14.3,0.0,0.0,0.0,0.0,0.0,0.0,0.0,53191.816,0.0,0.0,0.0,0.0,13,0,D,C34H46O10,possibly undescribed,(DA13)std_wikstroelide H isomer,[M+H]+,none
51890,653.3324394,14.4,0.0,0.0,0.0,0.0,0.0,0.0,0.0,60861.62,0.0,0.0,0.0,0.0,18,0,D,C37H48O10,possibly undescribed,(DA19)std_daphneodorin H isomer,[M+H]+,none
51900,649.300952,14.4,0.0,0.0,0.0,0.0,0.0,0.0,0.0,36095.67,0.0,0.0,0.0,0.0,13,0,D,C37H44O10,possibly undescribed,(DA18)std_yuanhuacine isomer,[M+H]+,none
51985,653.3324765,14.5,0.0,0.0,0.0,0.0,0.0,0.0,0.0,156709.67,0.0,0.0,0.0,0.0,17,0,D,C37H48O10,possibly undescribed,(DA19)std_daphneodorin H isomer,[M+H]+,none
52168,649.3010847,14.7,0.0,0.0,0.0,0.0,0.0,0.0,0.0,530770.75,0.0,0.0,0.0,0.0,16,0,D,C37H44O10,possibly undescribed,(DA18)std_yuanhuacine isomer,[M+H]+,none
52336,655.3482203,14.9,0.0,0.0,0.0,0.0,0.0,0.0,0.0,127004.89,0.0,0.0,0.0,0.0,23,0,D,C37H50O10,possibly known,"genkwanine F, yuanhuakine B, neogenkwanine C, neogenkwanine D, neogenkwanine E, neogenkwanine F, genkwanine B, kraussianin, linimacrin c, wikstroelide X",[M+H]+,none
52460,655.3484774,15.0,0.0,0.0,0.0,0.0,0.0,0.0,0.0,145059.48,0.0,0.0,0.0,0.0,23,0,D,C37H50O10,possibly known,"genkwanine F, yuanhuakine B, neogenkwanine C, neogenkwanine D, neogenkwanine E, neogenkwanine F, genkwanine B, kraussianin, linimacrin c, wikstroelide X",[M+H]+,none
52650,635.3218673,15.1,0.0,0.0,0.0,0.0,0.0,0.0,0.0,116853.52,0.0,0.0,0.0,0.0,11,0,D,C37H46O9,possibly known,acutilonine F,[M+H]+,none
52712,653.3324973,15.2,0.0,0.0,0.0,0.0,0.0,0.0,0.0,47801.562,0.0,0.0,0.0,0.0,13,0,D,C37H48O10,possibly undescribed,(DA19)std_daphneodorin H isomer,[M+H]+,none
52854,465.2997964,15.4,0.0,0.0,0.0,0.0,0.0,0.0,0.0,0.0,0.0,0.0,63615.875,104069.52,6,0,D,C30H40O4,possibly undescribed,none,[M+H]+,none
52874,635.3218156,15.4,0.0,0.0,0.0,0.0,0.0,0.0,0.0,57034.812,0.0,0.0,0.0,0.0,11,0,D,C37H46O9,possibly known,acutilonine F,[M+H]+,none
53348,637.3375602,15.7,0.0,0.0,0.0,0.0,0.0,0.0,0.0,159315.31,0.0,0.0,0.0,0.0,14,0,D,C37H48O9,possibly known,wikstroemia factor M1/M2,[M+H]+,none
53854,637.3375738,16.0,0.0,0.0,0.0,0.0,0.0,0.0,0.0,103194.44,0.0,0.0,0.0,0.0,15,0,D,C37H48O9,possibly known,wikstroemia factor M1/M2,[M+H]+,none
