row ID,row m/z,row retention time,Peak area,Standards Identification,SMILES,True Type,Unnamed: 7,D Score,MD Score,type
1,615.3149109,11.17,1180000000,DA13_wikstroelide H (NSC-13),C=C(C)C12OC3(C=CC=CCCCCCCC)OC1C1C4OC4(CO)C(O)C4(O)C(=O)C(C)=CC4C1(O3)C(C)C2OC(C)=O,D,,15,0,D
2,643.3462219,13.31,1160000000,DA15_wikstroelide A (NSC-1),C=C(C)C12OC3(C=CC=CCCCCCCCCC)OC1C1C4OC4(CO)C(O)C4(O)C(=O)C(C)=CC4C1(O3)C(C)C2OC(C)=O,D,,13,0,D
3,689.2946777,9.18,1200000000,DA23_daphneodorin E (DOL-J),C=C(C)C12OC3(C=CC=CC=CCCC)OC1C1C4OC4(CO)C(O)C4(O)C(=O)C(C)=CC4C1(O3)C(C)C2OC(=O)C=Cc1ccc(O)cc1,D,,12,0,D
4,649.300354,10.83,1660000000,DA18_yuanhuacine (DOL-C),C=C(C)C12OC3(C=CC=CCCCCC)OC1C1C4OC4(CO)C(O)C4(O)C(=O)C(C)=CC4C1(O3)C(C)C2OC(=O)c1ccccc1,D,,15,0,D
5,691.3101807,9.97,818000000,DA24_daphneodorin D (DOL-H),C=C(C)C12OC3(C=CC=CCCCCC)OC1C1C4OC4(CO)C(O)C4(O)C(=O)C(C)=CC4C1(O3)C(C)C2OC(=O)C=Cc1ccc(O)cc1,D,,11,0,D
6,647.2842407,9.94,1190000000,DA16_yuanhuajine (DOL-A),C=C(C)C12OC3(C=CC=CC=CCCC)OC1C1C4OC4(CO)C(O)C4(O)C(=O)C(C)=CC4C1(O3)C(C)C2OC(=O)c1ccccc1,D,,12,0,D
7,673.300293,10.7,776000000,"DA21_12-O-(E)-cinnamoyl-9,13,14-ortho-(2E,4E,6E)-decatrienylidyne-5b,12b-dihydroxyresiniferonol-6a,7a-oxide (DOL-B)",C=C(C)C12OC3(C=CC=CCCCCC)OC1C1C4OC4(CO)C(O)C4(O)C(=O)C(C)=CC4C1(O3)C(C)C2OC(=O)C=Cc1ccccc1,D,,14,0,D
8,667.3109741,10.46,18800000,DA43_stelleralide C (TDPE-29),C=C(C)C12CC(COC(=O)c3ccccc3)C34OC5(CCCCCCCC(C)C6C3C3(OC6(C)OC3=O)C(O)C3(CO)OC3C4C1O5)O2,MD,,8,24,MD
9,585.3413391,13.73,1520000000,DA06_huratoxin (NSC-2),C=C(C)C12CC(C)C34OC(C=CC=CCCCCCCCCC)(OC1C3C1OC1(CO)C(O)C1(O)C(=O)C(C)=CC14)O2,D,,13,0,D
10,599.3563843,14.52,890000000,DA09_wikstrotoxin A (NSC-3),C=C(C)C12CC(C)C34OC(C=CC=CCCCCCCCCCC)(OC1C3C1OC1(CO)C(O)C1(O)C(=O)C(C)=CC14)O2,D,,13,0,D
11,519.2947693,10.15,967000000,DA02_daphnepedunin J (TDPE-19),C=C(C)C12CC(C)C34OC(CCCCCCCC)(OC1C3C1OC1(CO)C(O)C1(O)C(=O)C(C)=CC14)O2,D,,17,0,D
12,585.3414,8.72,95600000,DA11_wikstroelide M (NSC-8),C=C(C)C1(O)CC(C)C2(O)C(C1OC(=O)C=CC=CCCCCCCCCC)C1OC1(CO)C(O)C1(O)C(=O)C(C)=CC12,D,,19,0,D
13,633.3262329,7.43,59200000,DA14_stelleralide K (NSC-5),C=C(C)C1(O)C(OC(C)=O)C(C)C2(O)C(C3OC3(CO)C(O)C3(O)C(=O)C(C)=CC32)C1OC(=O)C=CC=CCCCCCCC,D,,20,0,D
14,529.27948,9.55,257000000,DA03_excoecariatoxin (WLI-k),C=C(C)C12CC(C)C34OC(C=CC=CCCCCC)(OC1C3C1OC1(CO)C(O)C1(O)C(=O)C(C)=CC14)O2,D,,14,0,D
15,533.3103638,11.6,877000000,DA04_simplexin (WSC-n),C=C(C)C12CC(C)C34OC(CCCCCCCCC)(OC1C3C1OC1(CO)C(O)C1(O)C(=O)C(C)=CC14)O2,D,,14,0,D
16,719.3053284,9.01,723000000,DA26_acutilobin C (DOL-K),C=C(C)C12OC3(C=CC=CC=CCCC)OC1C1C4OC4(CO)C(O)C4(O)C(=O)C(C)=CC4C1(O3)C(C)C2OC(=O)C=Cc1ccc(O)c(OC)c1,D,,14,0,D
17,533.3107147,9.21,147000000,DA31_pimelea factor S6 (TDPE-6),C=C(C)C12CC(C)C34OC5(CCCCCCCC(C)C6C(C)C(=O)C(O)(C(O)C7(CO)OC7C3C1O5)C64)O2,MD,,13,17,MD
18,639.3519135,12.49,506000000,DA38_wikstromacrin (WLI-b),C=C(C)C12CC(C)C34OC5(CCCCCCCC(C)C6C(C)C(O)C(O)(C(O)C7(COC(=O)c8ccccc8)OC7C3C1O5)C64)O2,MD,,12,10,MD
19,639.3522186,13.3,378000000,DA39_pimela factor P2 (WLI-d2),C=C(C)C12CC(C)C34OC5(CCCCCCCC(C)C6C(C)C(OC(=O)c7ccccc7)C(O)(C(O)C7(CO)OC7C3C1O5)C64)O2,MD,,24,15,MD
20,1011.399323,8.17,785000000,DA57_daphneodorin B (DOSO-E),C=C(C)C12CC(COC(C)=O)C34OC5(OC1C3C1OC1(CO)C(O)C1(O)C(OC(=O)c3ccccc3)C(C)C(C(C)CC(OC(=O)c3ccccc3)C(OC(C)=O)C(OC(=O)c3ccccc3)CCC5O)C14)O2,MD,,41,14,MD
21,1011.39888,7.63,825000000,DA58_daphneodorin C (DOL-E2),C=C(C)C12CC(COC(C)=O)C34OC5(OC1C3C1OC1(COC(=O)c1ccccc1)C(O)C1(O)C(O)C(C)C(C(C)CC(OC(=O)c3ccccc3)C(OC(C)=O)C(OC(=O)c3ccccc3)CCC5O)C14)O2,MD,,24,13,MD
22,675.3155518,11.47,1060000000,"DA22_12-O-(E)-cinnamoyl-9,13,14-ortho-(2E,4E)-decadienylidyne-5b,12b-dihydroxyresiniferonol-6α,7α-oxide (DOSO-M)",C=C(C)C12OC3(C=CC=CC=CCCC)OC1C1C4OC4(CO)C(O)C4(O)C(=O)C(C)=CC4C1(O3)C(C)C2OC(=O)C=Cc1ccccc1,D,,12,0,D
23,647.2842712,9.59,1480000000,DA17_gniditrin (DOSO-N),C=C(C)C12OC3(c4ccccc4)OC1C1C4OC4(CO)C(O)C4(O)C(=O)C(C)=CC4C1(O3)C(C)C2OC(=O)C=CC=CC=CCCC,D,,14,0,D
24,721.3204651,9.77,652000000,DA27_acutilobin D (DOL-I),C=C(C)C12OC3(C=CC=CCCCCC)OC1C1C4OC4(CO)C(O)C4(O)C(=O)C(C)=CC4C1(O3)C(C)C2OC(=O)C=Cc1ccc(O)c(OC)c1,D,,12,0,D
25,549.3056641,5.58,652000000,DA35_daphnepedunin A (TDPE-17),C=C(C)C12CC(C)C34OC5(CCCCCCCC(C)C6C3C(O)(C(=O)C6(C)O)C(O)C3(CO)OC3C4C1O5)O2,MD,,12,24,MD
26,775.3684082,10.24,34600000,DA51_gnidimacrin (DOSO-B),C=C(C)C12CC(COC(=O)c3ccccc3)C34OC5(OC1C3C1OC1(CO)C(O)C1(O)C(OC(=O)c3ccccc3)C(C)C(C(C)CCCCCCC5O)C14)O2,MD,,24,17,MD
27,775.3675232,9.57,83000000,DA50_stelleralide H (WLI-j),C=C(C)C12CC(COC(=O)c3ccccc3)C34OC5(OC1C3C1OC1(COC(=O)c1ccccc1)C(O)C1(O)C(O)C(C)C(C(C)CCCCCCC5O)C14)O2,MD,,28,24,MD
28,693.3251953,7.99,503000000,DA25_daphneodorin G (DOSO-Q),C=C(C)C1(O)C(OC(=O)C=Cc2ccccc2)C(C)C2(O)C(C3OC3(CO)C(O)C3(O)C(=O)C(C)=CC32)C1OC(=O)C=CC=CCCCCC,D,,18,0,D
29,653.3314209,9.15,2110000000,DA19_daphneodorin H (DOSO-H),C=C(C)C1(O)CC(C)C2(O)C(C1O)C1OC3(C(OC(=O)C=CC=CC=CCCC)C(C)CC23)C(O)C1(O)COC(=O)c1ccccc1,D,,9,0,D
30,737.3158569,5.4,124000000,DA28_daphneodorin F (DOL-U),C=C(C)C1(O)C(OC(=O)C=Cc2ccc(O)c(OC)c2)C(C)C2(O)C(C3OC3(CO)C(O)C3(O)C(=O)C(C)=CC32)C1OC(=O)C=CC=CC=CCCC,D,,18,0,D
31,549.3059387,5.98,32700000,DA34_daphnepedunin B (TDPE-27),C=C(C)C12CC(C)C34OC5(CCCCCCCC(C)C6C3C(O)(C(=O)C6(C)O)C(O)C3(CO)OC3C4C1O5)O2,MD,,17,20,MD
32,653.3320313,10.48,18800000,DA41_wikstroelide F (TDPE-20),C=C(C)C12CC(COC(=O)c3ccccc3)C34OC5(CCCCCCCC(C)C6C(C)C(=O)C(O)(C(O)C7(CO)OC7C3C1O5)C64)O2,MD,,17,16,MD
33,519.2951965,8.36,1590000000,DA29_daphnepedunin C (TDPE-32),C=C(C)C12CC(C)C34OC5(CCCCCCCCC6C(C)C(=O)C(O)(C(O)C7(CO)OC7C3C1O5)C64)O2,MD,,0,17,MD
34,547.289856,8.32,24000000,DA33_pimelotide C (TDPE-4),C=C(C)C12CC(C)C34OC5(CCCCCCCC(C)C6C3C3(OC6(C)OC3=O)C(O)C3(CO)OC3C4C1O5)O2,MD,,10,26,MD
35,895.3883972,10.15,8466765.443,DA55_stelleralide G (WIS-12),C=C(C)C12CC(COC(=O)c3ccccc3)C34OC5(OC1C3C1OC1(CO)C(O)C1(O)C(OC(=O)c3ccccc3)C(C)C(C(C)CC(OC(=O)c3ccccc3)CCCCC5O)C14)O2,MD,,13,23,MD
36,669.3265381,5.51,1560000000,DA45_daphnepedunin D (TDPE-11),C=C(C)C12CC(COC(=O)c3ccccc3)C34OC5(CCCCCC(O)CC(C)C6C(C)C(=O)C(O)(C(O)C7(CO)OC7C3C1O5)C64)O2,MD,,32,20,MD
37,731.3989868,11.04,2340000000,DA47_edgeworthianin E (ECH-2),C=C(C)C12OC34CCCC=CCCCCC(CCC)C5C(C)C(=O)C6(O)C(O)C7(CO)OC7C(C1O3)C(O4)(C(COC(=O)C(C)C)C2OC(C)=O)C56,MD,,13,24,MD
38,659.3412933,10.92,2290000000,DA42_edgeworthianin A (ECH-3),C=C(C)C12OC34CCCC=CCCCCC(CCC)C5C6C7(OC5(C)OC7=O)C(O)C5(CO)OC5C(C1O3)C6(O4)C(C)C2OC(C)=O,MD,,8,12,MD
39,953.394165,8.95,238000000,DA56_daphneodorin A (DOSO-K),C=C(C)C12CC(COC(C)=O)C34OC5(OC1C3C1OC1(CO)C(O)C1(O)C(OC(=O)c3ccccc3)C(C)C(C(C)CC(OC(=O)c3ccccc3)C(OC(=O)c3ccccc3)CCCC5O)C14)O2,MD,,39,22,MD
40,787.331604,10.94,16500000,DA53_daphnepedunin F (TDPE-39),C=C(C)C12CC(COC(=O)c3ccccc3)C34OC5(CCCCCC(OC(=O)c6ccccc6)CC(C)C6C3C3(OC6(C)OC3=O)C(O)C3(CO)OC3C4C1O5)O2,MD,,7,14,MD
41,667.3114014,10.68,8148135.142,DA44_daphnepedunin E (TDPE-28),C=C(C)C12CC(COC(=O)c3ccccc3)C34OC5(CCCCCCCC(C)C6C3C3(OC6(C)OC3=O)C(O)C3(CO)OC3C4C1O5)O2,MD,,8,24,MD
42,645.3621521,10.85,1310000000,DA40_edgeworthianin D (ECH-1),C=C(C)C12OC34CCCC=CCCCCC(CCC)C5C(C)C(=O)C6(O)C(O)C7(CO)OC7C(C1O3)C(O4)(C(C)C2OC(C)=O)C56,MD,,10,11,MD
43,549.3053894,5.39,32900000,DA36_daphnepedunin G (TDPE-41),C=C(C)C12CC(C)C34OC5(CCCCCCCC(C)C(C(C)C(=O)O)C3C(=O)C(O)C3(CO)OC3C4C1O5)O2,MD,,8,19,MD
44,745.37937,11.65,1130000000,DA48_edgeworthianin B (ECH-4),C=C(C)C12OC34CCCC=CCCCCC(CCC)C5C6C7(OC5(C)OC7=O)C(O)C5(CO)OC5C(C1O3)C6(O4)C(COC(=O)C(C)C)C2OC(C)=O,MD,,6,10,MD
45,547.2891235,9.31,701000000,DA32_pimelotide A (NSC-7),C=C(C)C12CC(C)C34OC5(CCCCCCCC(C)C6C3C3(OC6(C)OC3=O)C(O)C3(CO)OC3C4C1O5)O2,MD,,25,39,MD
46,779.3619995,12.13,760000000,DA52_edgeworthianin C (ECH-5),C=C(C)C12OC34CCCC=CCCCCC(CCC)C5C6C7(OC5(C)OC7=O)C(O)C5(CO)OC5C(C1O3)C6(O4)C(COC(=O)c1ccccc1)C2OC(C)=O,MD,,10,13,MD
47,703.3681641,10.24,89000000,DA46_edgeworthianin F (ECF-7),C=C(C)C12OC34CCCC=CCCCCC(CCC)C5C6C7(OC5(C)OC7=O)C(O)C5(CO)OC5C(C1O3)C6(O4)C(COC(=O)C(C)C)C2O,MD,,13,22,MD
48,759.394165,12.31,136000000,DA49_edgeworthianin G (ECH-6),C=C(C)C12OC34CCCC=CCCCCC(CCC)C5C6C7(OC5(C)OC7=O)C(O)C5(CO)OC5C(C1O3)C6(O4)C(COC(=O)C(C)CC)C2OC(C)=O,MD,,9,13,MD
49,533.3104858,9.22,147000000,DA30_pimelea factor S7 (TDPE-5),C=C(C)C12CC(C)C34OC5(CCCCCCCC(C)C6C(C)C(=O)C(O)(C(O)C7(CO)OC7C3C1O5)C64)O2,MD,,20,19,MD
50,549.3053894,5.42,32900000,DA37_daphnepedunin H (TDPE-42),C=C(C)C12CC(C)C34OC5(CCCCCCCC(C)C(C(C)C(=O)O)C3C(=O)C(O)C3(CO)OC3C4C1O5)O2,MD,,8,19,MD
51,483.2007141,4.5,2810000000,DA01_daphnetoxin (DPSft-28),C=C(C)C12CC(C)C34OC(c5ccccc5)(OC1C3C1OC1(CO)C(O)C1(O)C(=O)C(C)=CC14)O2,D,,15,0,D
52,603.2209473,6.68,2260000000,DA10_genkwadaphnin (DPSft-21),C=C(C)C12OC3(c4ccccc4)OC1C1C4OC4(CO)C(O)C4(O)C(=O)C(C)=CC4C1(O3)C(C)C2OC(=O)c1ccccc1,D,,10,0,D
53,609.2678223,8.32,5380000000,DA12_genkwanine H (DPSft-2),C=C(C)C12CC(C)C34OC(c5ccccc5)(OC1C3C(O)C(O)(COC(=O)c1ccccc1)C(O)C1(O)C(O)C(C)CC14)O2,D,,22,0,D
54,655.2536621,8.64,4360000000,DA20_mezereine (DPSft-16),C=C(C)C12OC3(c4ccccc4)OC1C1C4OC4(CO)C(O)C4(O)C(=O)C(C)=CC4C1(O3)C(C)C2OC(=O)C=CC=Cc1ccccc1,D,,14,0,D
55,833.3741455,7.98,105000000,DA54_stelleralide F (DPSft-11),C=C(C)C12CC(COC(C)=O)C34OC5(OC1C3C1OC1(CO)C(O)C1(O)C(OC(=O)c3ccccc3)C(C)C(C(C)CC(OC(=O)c3ccccc3)CCCCC5O)C14)O2,MD,,25,26,MD
56,591.2587585,8.39,4030000000,DA08_genkwanine M (DPSft12),C=C(C)C12CC(C)C34OC(c5ccccc5)(OC1C3C1OC1(COC(=O)c1ccccc1)C(O)C1(O)C(O)C(C)CC14)O2,D,,6,0,D
57,547.3265991,12.7,2880000000,DA05_daphnepedunin I (TDPE-60),C=C(C)C12CC(C)C34OC(CCCCCCCCCC)(OC1C3C1OC1(CO)C(O)C1(O)C(=O)C(C)=CC14)O2,D,,14,0,D
58,591.2589569,8.75,206000000,DA07_genkwanine N (Dpsft15),C=C(C)C12CC(C)C34OC(c5ccccc5)(OC1C3C1OC1(CO)C(O)C1(O)C(OC(=O)c3ccccc3)C(C)CC14)O2,D,,19,0,D
59,603.3528,8.72,68400639.45,DA11_wikstroelide M (NSC-8),C=C(C)C1(O)CC(C)C2(O)C(C1OC(=O)C=CC=CCCCCCCCCC)C1OC1(CO)C(O)C1(O)C(=O)C(C)=CC12,D,,14,0,D
60,615.3154,7.43,40637896.57,DA14_stelleralide K (NSC-5),C=C(C)C1(O)C(OC(C)=O)C(C)C2(O)C(C3OC3(CO)C(O)C3(O)C(=O)C(C)=CC32)C1OC(=O)C=CC=CCCCCCCC,D,,12,0,D
61,635.3198,9.15,474013707.4,DA19_daphneodorin H (DOSO-H),C=C(C)C1(O)CC(C)C2(O)C(C1O)C1OC3(C(OC(=O)C=CC=CC=CCCC)C(C)CC23)C(O)C1(O)COC(=O)c1ccccc1,D,,10,0,D
62,719.3047,5.4,431219695,DA28_daphneodorin F (DOL-U),C=C(C)C1(O)C(OC(=O)C=Cc2ccc(O)c(OC)c2)C(C)C2(O)C(C3OC3(CO)C(O)C3(O)C(=O)C(C)=CC32)C1OC(=O)C=CC=CC=CCCC,D,,8,0,D
63,531.2954,10.46,390000,DA41_wikstroelide F (TDPE-20),C=C(C)C12CC(COC(=O)c3ccccc3)C34OC5(CCCCCCCC(C)C6C(C)C(=O)C(O)(C(O)C7(CO)OC7C3C1O5)C64)O2,MD,no,17,15,MD
64,545.2744,10.5,450000,DA43_stelleralide C (TDPE-29),C=C(C)C12CC(COC(=O)c3ccccc3)C34OC5(CCCCCCCC(C)C6C3C3(OC6(C)OC3=O)C(O)C3(CO)OC3C4C1O5)O2,MD,no,8,28,MD
65,545.2741,10.68,8600000,DA44_daphnepedunin E (TDPE-28),C=C(C)C12CC(COC(=O)c3ccccc3)C34OC5(CCCCCCCC(C)C6C3C3(OC6(C)OC3=O)C(O)C3(CO)OC3C4C1O5)O2,MD,,0,6,MD
66,547.2899,5.51,2800000,DA45_daphnepedunin D (TDPE-11),C=C(C)C12CC(COC(=O)c3ccccc3)C34OC5(CCCCCC(O)CC(C)C6C(C)C(=O)C(O)(C(O)C7(CO)OC7C3C1O5)C64)O2,MD,no,32,19,MD
67,615.3157,10.24,4800000,DA46_edgeworthianin F (ECF-7),C=C(C)C12OC34CCCC=CCCCCC(CCC)C5C6C7(OC5(C)OC7=O)C(O)C5(CO)OC5C(C1O3)C6(O4)C(COC(=O)C(C)C)C2O,MD,,0,6,MD
68,643.3461,11.04,15000000,DA47_edgeworthianin E (ECH-2),C=C(C)C12OC34CCCC=CCCCCC(CCC)C5C(C)C(=O)C6(O)C(O)C7(CO)OC7C(C1O3)C(O4)(C(COC(=O)C(C)C)C2OC(C)=O)C56,MD,no,13,24,MD
69,657.3252,11.65,42000000,DA48_edgeworthianin B (ECH-4),C=C(C)C12OC34CCCC=CCCCCC(CCC)C5C6C7(OC5(C)OC7=O)C(O)C5(CO)OC5C(C1O3)C6(O4)C(COC(=O)C(C)C)C2OC(C)=O,MD,,8,12,MD
70,657.3262,12.31,4300000,DA49_edgeworthianin G (ECH-6),C=C(C)C12OC34CCCC=CCCCCC(CCC)C5C6C7(OC5(C)OC7=O)C(O)C5(CO)OC5C(C1O3)C6(O4)C(COC(=O)C(C)CC)C2OC(C)=O,MD,,0,12,MD
71,653.3317,9.57,10000000,DA50_stelleralide H (WLI-j),C=C(C)C12CC(COC(=O)c3ccccc3)C34OC5(OC1C3C1OC1(COC(=O)c1ccccc1)C(O)C1(O)C(O)C(C)C(C(C)CCCCCCC5O)C14)O2,MD,,6,11,MD
72,653.331,10.24,110000000,DA51_gnidimacrin (DOSO-B),C=C(C)C12CC(COC(=O)c3ccccc3)C34OC5(OC1C3C1OC1(CO)C(O)C1(O)C(OC(=O)c3ccccc3)C(C)C(C(C)CCCCCCC5O)C14)O2,MD,,17,21,MD
73,657.3254,12.13,47000000,DA52_edgeworthianin C (ECH-5),C=C(C)C12OC34CCCC=CCCCCC(CCC)C5C6C7(OC5(C)OC7=O)C(O)C5(CO)OC5C(C1O3)C6(O4)C(COC(=O)c1ccccc1)C2OC(C)=O,MD,,7,14,MD
74,665.2947,10.94,14000000,DA53_daphnepedunin F (TDPE-39),C=C(C)C12CC(COC(=O)c3ccccc3)C34OC5(CCCCCC(OC(=O)c6ccccc6)CC(C)C6C3C3(OC6(C)OC3=O)C(O)C3(CO)OC3C4C1O5)O2,MD,,10,8,MD
75,711.337,7.98,110000000,DA54_stelleralide F (DPSft-11),C=C(C)C12CC(COC(C)=O)C34OC5(OC1C3C1OC1(CO)C(O)C1(O)C(OC(=O)c3ccccc3)C(C)C(C(C)CC(OC(=O)c3ccccc3)CCCCC5O)C14)O2,MD,,25,25,MD
76,773.3517,10.15,11000000,DA55_stelleralide G (WIS-12),C=C(C)C12CC(COC(=O)c3ccccc3)C34OC5(OC1C3C1OC1(CO)C(O)C1(O)C(OC(=O)c3ccccc3)C(C)C(C(C)CC(OC(=O)c3ccccc3)CCCCC5O)C14)O2,MD,,16,21,MD
77,893.3734,8.95,5200000,DA56_daphneodorin A (DOSO-K),C=C(C)C12CC(COC(C)=O)C34OC5(OC1C3C1OC1(CO)C(O)C1(O)C(OC(=O)c3ccccc3)C(C)C(C(C)CC(OC(=O)c3ccccc3)C(OC(=O)c3ccccc3)CCCC5O)C14)O2,MD,no,39,22,MD
78,951.3799,8.18,48000000,DA57_daphneodorin B (DOSO-E),C=C(C)C12CC(COC(C)=O)C34OC5(OC1C3C1OC1(CO)C(O)C1(O)C(OC(=O)c3ccccc3)C(C)C(C(C)CC(OC(=O)c3ccccc3)C(OC(C)=O)C(OC(=O)c3ccccc3)CCC5O)C14)O2,MD,,24,13,MD
79,951.3797,7.61,470000,DA58_daphneodorin C (DOL-E2),C=C(C)C12CC(COC(C)=O)C34OC5(OC1C3C1OC1(COC(=O)c1ccccc1)C(O)C1(O)C(O)C(C)C(C(C)CC(OC(=O)c3ccccc3)C(OC(C)=O)C(OC(=O)c3ccccc3)CCC5O)C14)O2,MD,no,24,13,MD
80,675.3157,7.99,780000000,DA25_daphneodorin G (DOSO-Q),C=C(C)C1(O)C(OC(=O)C=Cc2ccccc2)C(C)C2(O)C(C3OC3(CO)C(O)C3(O)C(=O)C(C)=CC32)C1OC(=O)C=CC=CCCCCC,D,,12,0,D
