row ID,row m/z,row retention time,Dta-ap Peak area,Dbh-w Peak area,Dax-tl Peak area,Dgr-ap Peak area,Dfe-w Peak area,Dgem-w Peak area,Dgi-w Peak area,Dac-tl Peak area,Dyu-w Peak area,Dau-tl Peak area,Dre-tl Peak area,Dpa-tl Peak area,Dpe-w Peak area,Dat-ls Peak area,Dki-w Peak area,Dho-w Peak area,Dde-w Peak area,Dod-fr Peak area,Dod-b Peak area,Dod-l Peak area,Dod-r Peak area,Dod-s Peak area,Dje-fr Peak area,Dje-ft Peak area,Dge-fr Peak area,Dps-fr Peak area,Dps-ft Peak area,Dpo-fr Peak area,Dpo-l Peak area,Dpo-s Peak area,Wdo-w Peak area,Wla-w Peak area,Wsc-w Peak area,Wpi-w Peak area,Wli-w Peak area,Wpa-w Peak area,Win-l Peak area,Win-s Peak area,Wca-w Peak area,Wal-w Peak area,Wli-ap Peak area,Wli-r Peak area,Wst-w Peak area,Wnu-w Peak area,Wlu-w Peak area,Wmi-tl Peak area,Wde-w Peak area,Wtr Peak area,Ega-w Peak area,Eal-w Peak area,Ech-ft Peak area,Ech-b Peak area,Ech-l Peak area,Ech-s Peak area,Ech-fr Peak area,Sch-r Peak area,D Score,MD Score,type,elemental composition,identification,same composition,adduct ion,same peak
16,775.3679716,10.2,3575075.771,0.0,0.0,0.0,0.0,0.0,0.0,0.0,0.0,0.0,0.0,611928.8588,0.0,0.0,0.0,82500000.0,0.0,0.0,0.0,0.0,6380419.218,0.0,1194476.847,23300000.0,0.0,0.0,9040970.941,0.0,0.0,6996557.122,0.0,0.0,0.0,0.0,0.0,0.0,4048369.318,16800000.0,0.0,0.0,0.0,0.0,0.0,0.0,3627873.601,0.0,0.0,1229502.768,0.0,0.0,0.0,0.0,0.0,0.0,0.0,52000000.0,8,22,MD,C44H54O12,possibly known,(DA51)std_gnidimacrin,[M+H]+,"16, 32"
20,970.4214134,9.0,0.0,0.0,0.0,4225507.416,0.0,0.0,0.0,0.0,0.0,0.0,0.0,5488395.887,0.0,0.0,0.0,0.0,1440324.583,0.0,0.0,0.0,12700000.0,0.0,0.0,19200000.0,0.0,0.0,8248074.505,0.0,0.0,0.0,0.0,0.0,0.0,0.0,0.0,0.0,0.0,514577.1618,0.0,0.0,0.0,0.0,0.0,0.0,0.0,0.0,0.0,6310115.849,0.0,0.0,0.0,0.0,0.0,0.0,0.0,0.0,15,22,MD,C53H63O16N1,possibly known,(DA56)std_daphneodorin A,[M+NH4]+,"112, 20"
32,792.3946505,10.2,0.0,0.0,0.0,0.0,0.0,0.0,0.0,0.0,0.0,0.0,0.0,0.0,0.0,0.0,0.0,61000000.0,0.0,0.0,0.0,0.0,4033430.55,2185321.339,0.0,13000000.0,0.0,0.0,4540547.97,0.0,17200000.0,4885940.394,0.0,0.0,0.0,0.0,14800000.0,0.0,1526551.276,9449974.532,0.0,0.0,0.0,0.0,0.0,0.0,0.0,0.0,0.0,0.0,0.0,0.0,0.0,0.0,0.0,0.0,0.0,39000000.0,9,24,MD,C44H57O12N1,possibly known,(DA51)std_gnidimacrin,[M+NH4]+,"16, 32"
35,759.3734538,13.6,0.0,0.0,0.0,0.0,0.0,0.0,0.0,0.0,0.0,0.0,0.0,0.0,0.0,0.0,0.0,5160331.024,0.0,0.0,0.0,0.0,0.0,0.0,0.0,13100000.0,0.0,0.0,1022381.014,0.0,0.0,5130401.603,0.0,0.0,0.0,0.0,0.0,0.0,0.0,2759556.444,0.0,0.0,0.0,0.0,0.0,0.0,0.0,0.0,0.0,0.0,0.0,0.0,0.0,0.0,0.0,0.0,0.0,2835042.728,6,17,MD,C44H54O11,possibly undescribed,none,[M+H]+,none
62,850.4003092,8.1,0.0,0.0,0.0,0.0,0.0,0.0,0.0,0.0,0.0,0.0,0.0,0.0,9784699.718,0.0,0.0,0.0,0.0,0.0,0.0,0.0,0.0,0.0,0.0,8969766.806,0.0,0.0,167000000.0,0.0,0.0,0.0,0.0,0.0,0.0,0.0,0.0,0.0,996461.1821,10200000.0,0.0,0.0,0.0,0.0,0.0,0.0,0.0,0.0,0.0,0.0,0.0,0.0,0.0,0.0,0.0,0.0,0.0,6256313.642,8,19,MD,C46H59O14N1,possibly known,(DA54)std_stelleralide F,[M+NH4]+,none
79,817.3795013,11.2,0.0,0.0,0.0,0.0,0.0,0.0,0.0,0.0,0.0,0.0,0.0,613768.7254,0.0,0.0,0.0,0.0,0.0,0.0,0.0,0.0,0.0,0.0,0.0,7702782.099,0.0,0.0,9942707.084,0.0,0.0,0.0,0.0,0.0,0.0,0.0,836336.1283,0.0,0.0,0.0,0.0,0.0,0.0,0.0,0.0,0.0,0.0,0.0,0.0,0.0,0.0,0.0,0.0,0.0,0.0,0.0,0.0,0.0,16,17,MD,C46H56O13,possibly undescribed,none,[M+H]+,"157, 79"
112,953.3941193,9.0,0.0,0.0,0.0,0.0,0.0,0.0,0.0,0.0,0.0,0.0,0.0,0.0,0.0,0.0,0.0,0.0,0.0,0.0,0.0,0.0,0.0,0.0,0.0,5384303.626,0.0,0.0,0.0,0.0,0.0,0.0,0.0,0.0,0.0,0.0,0.0,0.0,0.0,0.0,0.0,0.0,0.0,0.0,0.0,0.0,0.0,0.0,0.0,1764773.713,0.0,0.0,0.0,0.0,0.0,0.0,0.0,0.0,9,18,MD,C53H60O16,possibly known,(DA56)std_daphneodorin A,[M+H]+,"112, 20"
127,653.3309583,10.4,560639.7952,1609257.863,0.0,9440233.956,1921272.007,0.0,2391233.071,11500000.0,1859725.618,0.0,7132395.393,13100000.0,2812239.308,0.0,0.0,13500000.0,706173.729,0.0,0.0,0.0,1998473.375,327497.1948,0.0,11600000.0,339863.2789,0.0,19500000.0,0.0,0.0,0.0,0.0,0.0,0.0,0.0,5277584.847,0.0,0.0,0.0,0.0,0.0,0.0,273537.9249,0.0,0.0,0.0,0.0,0.0,0.0,0.0,0.0,0.0,0.0,0.0,0.0,0.0,0.0,6,15,MD,C37H48O10,possibly known,(DA41)std_wikstroelide F,[M+H]+,none
157,834.4063314,11.2,0.0,0.0,0.0,0.0,0.0,0.0,0.0,0.0,0.0,0.0,0.0,0.0,0.0,0.0,0.0,0.0,0.0,0.0,0.0,0.0,0.0,0.0,0.0,3592756.855,0.0,0.0,5598968.189,0.0,0.0,0.0,0.0,0.0,0.0,0.0,442359.7474,0.0,0.0,0.0,0.0,0.0,0.0,0.0,0.0,0.0,0.0,0.0,0.0,0.0,0.0,0.0,0.0,0.0,0.0,0.0,0.0,0.0,0,11,MD,C46H59O13N1,possibly undescribed,none,[M+NH4]+,"157, 79"
191,653.3317784,10.8,705032.8282,0.0,0.0,0.0,0.0,931900.8308,0.0,0.0,0.0,0.0,0.0,879920.2736,58600000.0,0.0,0.0,513439.6919,0.0,0.0,0.0,0.0,931000.4047,0.0,0.0,2574582.541,0.0,0.0,3307537.049,0.0,4076848.965,1999763.494,0.0,0.0,0.0,0.0,386031.4912,0.0,0.0,367446.965,0.0,0.0,847010.1496,0.0,0.0,0.0,0.0,0.0,525913.0829,0.0,0.0,0.0,0.0,0.0,0.0,0.0,0.0,0.0,6,18,MD,C37H48O10,possibly undescribed,(DA41)std_wikstroelide F isomer,[M+H]+,none
309,713.3534495,7.3,0.0,0.0,0.0,0.0,0.0,0.0,0.0,0.0,0.0,0.0,0.0,0.0,493963.4265,0.0,0.0,0.0,0.0,0.0,0.0,0.0,0.0,0.0,0.0,1253664.532,0.0,0.0,6058683.77,0.0,0.0,0.0,0.0,0.0,0.0,0.0,0.0,0.0,0.0,653382.8076,0.0,0.0,0.0,0.0,0.0,0.0,1109780.484,0.0,0.0,0.0,0.0,0.0,0.0,0.0,0.0,0.0,0.0,15200000.0,0,15,MD,C39H52O12,possibly undescribed,none,[M+H]+,none
408,775.3680318,8.7,0.0,0.0,0.0,0.0,0.0,0.0,0.0,0.0,0.0,0.0,0.0,1495694.058,1505133.022,0.0,0.0,0.0,0.0,0.0,0.0,0.0,0.0,0.0,0.0,710505.5532,0.0,0.0,173096.5783,0.0,0.0,2892705.153,0.0,0.0,0.0,0.0,0.0,0.0,0.0,11800000.0,0.0,0.0,0.0,0.0,0.0,0.0,0.0,0.0,0.0,0.0,0.0,0.0,0.0,0.0,0.0,0.0,0.0,0.0,13,18,MD,C44H54O12,possibly undescribed,"(DA50)std_stelleralide H isomer, (DA51)std_gnidimacrin isomer",[M+H]+,none
505,533.3108635,9.4,0.0,1271136.144,0.0,437605.8232,0.0,0.0,0.0,0.0,0.0,0.0,437379.0732,1399152.773,686000000.0,0.0,0.0,463921.5438,0.0,0.0,0.0,0.0,0.0,0.0,0.0,570442.3955,1233212.784,0.0,2567244.556,0.0,68500000.0,79500000.0,0.0,578894.8956,0.0,0.0,0.0,0.0,516409.0698,21300000.0,0.0,0.0,0.0,0.0,0.0,349720.3582,0.0,0.0,0.0,0.0,0.0,0.0,0.0,0.0,0.0,0.0,0.0,2307648.992,0,9,MD,C30H44O8,possibly known,"(DA31)std_pimelea factor S6, (DA30)std_pimelea factor S7",[M+H]+,none
596,775.3683472,9.6,0.0,0.0,0.0,0.0,0.0,0.0,0.0,0.0,0.0,0.0,0.0,0.0,550413.2962,0.0,0.0,772492.0204,0.0,0.0,0.0,0.0,0.0,0.0,0.0,244876.4918,0.0,0.0,0.0,0.0,0.0,0.0,0.0,0.0,0.0,0.0,217529.9975,0.0,0.0,11800000.0,0.0,0.0,0.0,0.0,0.0,0.0,0.0,0.0,0.0,0.0,0.0,0.0,0.0,0.0,0.0,0.0,0.0,1125066.781,14,19,MD,C44H54O12,possibly known,(DA50)std_stelleralide H,[M+H]+,"596, 628"
628,792.3947398,9.6,0.0,0.0,0.0,0.0,0.0,0.0,0.0,0.0,0.0,0.0,0.0,0.0,0.0,0.0,0.0,882199.7784,0.0,0.0,0.0,0.0,0.0,0.0,0.0,218351.4579,0.0,0.0,0.0,0.0,0.0,0.0,0.0,0.0,0.0,0.0,244645.8108,0.0,173011.7096,15800000.0,0.0,0.0,0.0,0.0,0.0,0.0,0.0,0.0,0.0,0.0,0.0,0.0,0.0,0.0,0.0,0.0,0.0,620340.7141,0,13,MD,C44H57O12N1,possibly known,(DA50)std_stelleralide H,[M+NH4]+,"596, 628"
634,759.3738491,13.1,0.0,0.0,0.0,0.0,0.0,0.0,0.0,0.0,0.0,0.0,0.0,0.0,0.0,0.0,0.0,0.0,0.0,0.0,0.0,0.0,0.0,0.0,0.0,309932.9274,290418.7818,0.0,710156.2671,0.0,0.0,0.0,0.0,0.0,0.0,0.0,0.0,0.0,11200000.0,17200000.0,0.0,0.0,0.0,0.0,0.0,2432647.864,0.0,0.0,0.0,0.0,0.0,0.0,0.0,0.0,0.0,0.0,0.0,9414671.638,10,18,MD,C44H54O11,possibly undescribed,none,[M+H]+,none
644,667.3112488,10.9,0.0,0.0,0.0,1029459.108,0.0,0.0,0.0,381685.1929,0.0,0.0,0.0,2213961.481,64500000.0,855061.5424,0.0,1336657.189,476090.833,0.0,0.0,0.0,0.0,0.0,0.0,223150.1129,0.0,0.0,232891.6346,0.0,32400000.0,3813884.157,0.0,0.0,0.0,0.0,0.0,0.0,4099998.739,4288827.847,1124326.218,0.0,0.0,0.0,0.0,0.0,0.0,0.0,0.0,0.0,0.0,0.0,0.0,0.0,0.0,0.0,0.0,71300000.0,14,33,MD,C37H46O11,possibly known,(DA43)std_stelleralide C,[M+H]+,none
668,876.4155579,9.1,0.0,0.0,0.0,0.0,0.0,0.0,0.0,0.0,0.0,0.0,0.0,2462382.009,0.0,0.0,0.0,0.0,0.0,0.0,0.0,0.0,0.0,0.0,0.0,0.0,0.0,0.0,29300000.0,0.0,0.0,0.0,0.0,0.0,0.0,0.0,0.0,0.0,0.0,0.0,0.0,0.0,0.0,0.0,0.0,0.0,0.0,0.0,0.0,0.0,0.0,0.0,0.0,0.0,0.0,0.0,0.0,0.0,10,21,MD,C48H61O14N1,possibly undescribed,none,[M+NH4]+,none
669,833.3733114,8.0,0.0,0.0,0.0,0.0,0.0,0.0,0.0,0.0,0.0,0.0,0.0,0.0,0.0,0.0,0.0,0.0,0.0,0.0,0.0,0.0,0.0,0.0,0.0,0.0,0.0,0.0,24100000.0,0.0,0.0,0.0,0.0,0.0,0.0,0.0,0.0,0.0,0.0,1159111.66,0.0,0.0,0.0,0.0,0.0,0.0,0.0,0.0,0.0,0.0,0.0,0.0,0.0,0.0,0.0,0.0,0.0,667933.4346,18,26,MD,C46H56O14,possibly known,(DA54)std_stelleralide F,[M+H]+,none
672,864.4141235,8.1,0.0,0.0,0.0,0.0,0.0,0.0,0.0,0.0,0.0,0.0,0.0,0.0,0.0,0.0,0.0,0.0,0.0,0.0,0.0,0.0,0.0,0.0,0.0,0.0,0.0,0.0,18600000.0,0.0,0.0,0.0,0.0,0.0,0.0,0.0,0.0,0.0,0.0,0.0,0.0,0.0,0.0,0.0,0.0,0.0,0.0,0.0,0.0,0.0,0.0,0.0,0.0,0.0,0.0,0.0,0.0,0.0,6,18,MD,C29H69O27N1,possibly known,(DA54)std_stelleralide F,[M+NH4]+,none
680,876.4144287,8.1,0.0,0.0,0.0,0.0,0.0,0.0,0.0,0.0,0.0,0.0,0.0,0.0,0.0,0.0,0.0,0.0,0.0,0.0,0.0,0.0,0.0,0.0,0.0,0.0,0.0,0.0,10400000.0,0.0,0.0,0.0,0.0,0.0,0.0,0.0,0.0,0.0,0.0,0.0,0.0,0.0,0.0,0.0,0.0,0.0,0.0,0.0,0.0,0.0,0.0,0.0,0.0,0.0,0.0,0.0,0.0,0.0,0,14,MD,C30H69O27N1,possibly undescribed,none,[M+NH4]+,none
692,801.3842529,11.0,0.0,0.0,0.0,0.0,0.0,0.0,0.0,0.0,0.0,0.0,1515890.113,0.0,0.0,0.0,0.0,7735004.947,0.0,0.0,0.0,0.0,0.0,0.0,0.0,0.0,0.0,0.0,9536761.631,0.0,8079632.823,942420.32,0.0,0.0,0.0,0.0,0.0,0.0,0.0,0.0,0.0,0.0,0.0,0.0,0.0,0.0,0.0,0.0,0.0,0.0,0.0,0.0,0.0,0.0,0.0,0.0,0.0,0.0,7,22,MD,C46H56O12,possibly undescribed,none,[M+H]+,"692, 9887, 9896"
699,739.3675842,8.4,0.0,0.0,0.0,0.0,0.0,0.0,0.0,0.0,0.0,0.0,0.0,0.0,0.0,0.0,0.0,0.0,0.0,0.0,0.0,0.0,0.0,0.0,0.0,0.0,0.0,0.0,6083347.835,0.0,3301313.284,0.0,0.0,0.0,0.0,0.0,0.0,0.0,0.0,0.0,0.0,0.0,0.0,0.0,0.0,0.0,0.0,0.0,0.0,0.0,0.0,0.0,0.0,0.0,0.0,0.0,0.0,0.0,6,20,MD,C41H54O12,possibly undescribed,none,[M+H]+,none
707,1090.44294,10.3,0.0,0.0,0.0,0.0,0.0,0.0,0.0,0.0,0.0,0.0,0.0,1098458.746,0.0,1959953.754,0.0,0.0,0.0,0.0,0.0,0.0,2880181.294,600322.201,0.0,0.0,0.0,6469269.614,6019414.032,0.0,0.0,0.0,0.0,0.0,0.0,0.0,0.0,0.0,3120393.835,10800000.0,0.0,0.0,0.0,0.0,0.0,0.0,0.0,0.0,0.0,0.0,0.0,0.0,0.0,0.0,0.0,0.0,0.0,0.0,9,14,MD,C60H67O18N1,possibly undescribed,none,[M+NH4]+,none
715,737.3517456,9.0,0.0,0.0,0.0,0.0,0.0,0.0,0.0,0.0,0.0,0.0,0.0,0.0,0.0,0.0,0.0,0.0,0.0,0.0,0.0,0.0,0.0,0.0,0.0,0.0,0.0,0.0,4720133.368,0.0,0.0,0.0,0.0,0.0,0.0,0.0,0.0,0.0,0.0,0.0,0.0,0.0,0.0,0.0,0.0,0.0,0.0,0.0,0.0,0.0,0.0,2046585.371,0.0,0.0,0.0,0.0,0.0,0.0,13,14,MD,C41H52O12,possibly undescribed,none,[M+H]+,none
721,859.3881226,9.1,0.0,0.0,0.0,0.0,0.0,0.0,0.0,0.0,0.0,0.0,0.0,0.0,0.0,0.0,0.0,0.0,0.0,0.0,0.0,0.0,0.0,0.0,0.0,0.0,0.0,0.0,3565510.166,0.0,0.0,0.0,0.0,0.0,0.0,0.0,0.0,0.0,0.0,0.0,0.0,0.0,0.0,0.0,0.0,0.0,0.0,0.0,0.0,0.0,0.0,0.0,0.0,0.0,0.0,0.0,0.0,0.0,0,7,MD,C30H66O27,possibly undescribed,none,[M+H]+,none
723,890.4297485,8.1,0.0,0.0,0.0,0.0,0.0,0.0,0.0,0.0,0.0,0.0,0.0,0.0,0.0,0.0,0.0,0.0,0.0,0.0,0.0,0.0,0.0,0.0,0.0,0.0,0.0,0.0,3580922.289,0.0,0.0,0.0,0.0,0.0,0.0,0.0,0.0,0.0,0.0,0.0,0.0,0.0,0.0,0.0,0.0,0.0,0.0,0.0,0.0,0.0,0.0,0.0,0.0,0.0,0.0,0.0,0.0,0.0,0,7,MD,C31H71O27N1,possibly undescribed,none,[M+NH4]+,none
749,850.4007263,7.3,0.0,0.0,0.0,0.0,0.0,0.0,0.0,0.0,0.0,0.0,0.0,0.0,0.0,0.0,0.0,0.0,0.0,0.0,0.0,0.0,0.0,0.0,0.0,0.0,0.0,0.0,2750084.393,0.0,0.0,0.0,0.0,0.0,0.0,0.0,0.0,0.0,0.0,0.0,0.0,0.0,0.0,0.0,0.0,0.0,0.0,0.0,0.0,0.0,0.0,0.0,0.0,0.0,0.0,0.0,0.0,181248.4525,0,8,MD,C46H59O14N1,possibly undescribed,(DA54)std_stelleralide F isomer,[M+NH4]+,none
751,850.3999634,6.9,0.0,0.0,0.0,0.0,0.0,0.0,0.0,0.0,0.0,0.0,0.0,0.0,0.0,0.0,0.0,0.0,0.0,0.0,0.0,0.0,0.0,0.0,0.0,0.0,0.0,0.0,2053521.353,0.0,0.0,0.0,0.0,0.0,0.0,0.0,0.0,0.0,0.0,0.0,0.0,0.0,0.0,0.0,0.0,0.0,0.0,0.0,0.0,0.0,0.0,0.0,0.0,0.0,0.0,0.0,0.0,0.0,0,9,MD,C46H59O14N1,possibly undescribed,(DA54)std_stelleralide F isomer,[M+NH4]+,none
785,833.3735962,9.7,0.0,0.0,0.0,0.0,0.0,0.0,0.0,0.0,0.0,0.0,0.0,0.0,0.0,0.0,0.0,0.0,0.0,0.0,0.0,0.0,0.0,0.0,0.0,0.0,0.0,0.0,1353693.798,0.0,0.0,0.0,0.0,0.0,0.0,0.0,0.0,0.0,0.0,0.0,0.0,0.0,0.0,0.0,0.0,0.0,0.0,0.0,0.0,0.0,0.0,0.0,0.0,0.0,0.0,0.0,0.0,0.0,0,6,MD,C46H56O14,possibly undescribed,(DA54)std_stelleralide F isomer,[M+H]+,none
791,876.4159546,7.5,0.0,0.0,0.0,0.0,0.0,0.0,0.0,0.0,0.0,0.0,0.0,0.0,0.0,0.0,0.0,0.0,0.0,0.0,0.0,0.0,0.0,0.0,0.0,0.0,0.0,0.0,1144019.231,0.0,0.0,0.0,0.0,0.0,0.0,0.0,0.0,0.0,0.0,0.0,0.0,0.0,0.0,0.0,0.0,0.0,0.0,0.0,0.0,0.0,0.0,0.0,0.0,0.0,0.0,0.0,0.0,0.0,0,7,MD,C48H61O14N1,possibly undescribed,none,[M+NH4]+,none
796,730.3791962,7.2,0.0,0.0,0.0,0.0,0.0,0.0,0.0,0.0,0.0,0.0,0.0,0.0,0.0,0.0,0.0,0.0,0.0,0.0,0.0,0.0,0.0,0.0,0.0,0.0,0.0,0.0,1200392.601,0.0,0.0,0.0,0.0,0.0,0.0,0.0,0.0,0.0,0.0,0.0,0.0,0.0,0.0,0.0,0.0,0.0,0.0,0.0,0.0,0.0,0.0,0.0,0.0,0.0,0.0,0.0,0.0,5344557.997,0,19,MD,C39H55O12N1,possibly undescribed,none,[M+NH4]+,none
799,669.3264291,8.6,0.0,0.0,0.0,0.0,0.0,0.0,0.0,0.0,0.0,0.0,0.0,454057.007,24100000.0,0.0,0.0,179185.2095,0.0,0.0,0.0,0.0,0.0,0.0,0.0,0.0,0.0,0.0,2183258.222,0.0,1827945.691,3298309.93,0.0,0.0,0.0,0.0,0.0,0.0,0.0,0.0,0.0,0.0,0.0,0.0,0.0,0.0,0.0,0.0,0.0,0.0,0.0,0.0,0.0,0.0,0.0,0.0,0.0,2702798.457,19,28,MD,C37H48O11,possibly undescribed,(DA45)std_daphnepedunin D isomer,[M+H]+,none
806,653.3318441,10.3,12400000.0,0.0,0.0,0.0,0.0,0.0,453500.8958,0.0,0.0,0.0,0.0,1028642.326,34900000.0,955337.619,0.0,0.0,336025.731,0.0,0.0,0.0,1125409.227,0.0,0.0,0.0,0.0,0.0,463120.2559,0.0,13300000.0,1028243.894,0.0,0.0,0.0,0.0,0.0,0.0,1166685.134,6629317.642,0.0,0.0,4153625.112,0.0,0.0,0.0,0.0,0.0,229101.7002,0.0,0.0,0.0,0.0,0.0,0.0,0.0,0.0,19000000.0,0,14,MD,C37H48O10,possibly known,(DA41)std_wikstroelide F,[M+H]+,none
848,655.3471015,9.0,276694.2865,0.0,0.0,203813.348,0.0,0.0,0.0,0.0,0.0,0.0,240951.525,1520209.667,289686.9407,0.0,0.0,571331.0003,304805.9593,0.0,0.0,0.0,0.0,0.0,0.0,0.0,0.0,0.0,305302.3836,0.0,0.0,0.0,0.0,0.0,2716596.477,0.0,944499.276,0.0,0.0,16200000.0,0.0,0.0,4159624.723,2075173.173,11200000.0,0.0,3326132.679,0.0,11200000.0,0.0,0.0,0.0,0.0,0.0,0.0,0.0,0.0,204440.8969,10,15,MD,C37H50O10,possibly undescribed,none,[M+H]+,none
1304,669.3276435,5.7,2007743.966,0.0,0.0,1289880.008,0.0,0.0,1030593.857,4221562.482,0.0,0.0,563577.1656,3233933.612,41400000.0,0.0,0.0,0.0,0.0,0.0,0.0,0.0,0.0,0.0,0.0,0.0,1442171.415,0.0,0.0,0.0,0.0,0.0,0.0,0.0,0.0,0.0,0.0,0.0,0.0,0.0,0.0,0.0,956315.4669,0.0,0.0,0.0,0.0,0.0,0.0,0.0,0.0,0.0,0.0,0.0,0.0,0.0,0.0,0.0,20,22,MD,C37H48O11,possibly known,(DA45)std_daphnepedunin D,[M+H]+,none
1448,795.5217508,12.8,2207664.988,0.0,3056817.134,3914042.698,3173315.257,0.0,961811.9256,2513360.296,2481295.735,0.0,3070534.219,0.0,885297.2518,2958538.948,0.0,0.0,0.0,0.0,5804473.32,3377347.638,0.0,0.0,0.0,0.0,0.0,1666316.784,0.0,0.0,355400.3872,416641.4144,0.0,3409039.3,1958672.661,1839478.709,5401052.394,0.0,3515355.311,2187460.791,6226984.575,6026664.381,3806612.693,3127046.657,1325172.103,0.0,0.0,0.0,0.0,0.0,0.0,0.0,0.0,0.0,0.0,0.0,0.0,0.0,0,6,MD,C26H82O25,possibly undescribed,none,[M+H]+,none
2111,639.3520218,13.3,781242.8176,790136.5448,0.0,0.0,0.0,0.0,0.0,0.0,0.0,0.0,0.0,2470606.407,1706108.637,0.0,0.0,267000000.0,0.0,0.0,0.0,0.0,0.0,0.0,0.0,0.0,0.0,0.0,0.0,0.0,0.0,0.0,0.0,415223.914,7114098.036,0.0,180000000.0,7005395.635,31300000.0,319000000.0,9785268.054,4259313.511,1332733.026,495083.7838,78300000.0,33000000.0,20200000.0,4466744.68,0.0,0.0,0.0,0.0,0.0,0.0,0.0,0.0,0.0,345000000.0,13,16,MD,C37H50O9,possibly known,(DA39)std_pimela factor P2,[M+H]+,none
2261,669.3269043,7.2,578155.2982,0.0,0.0,0.0,0.0,0.0,0.0,0.0,0.0,0.0,0.0,633314.3604,25800000.0,0.0,0.0,0.0,0.0,0.0,0.0,0.0,0.0,0.0,0.0,0.0,1351194.728,0.0,0.0,0.0,1577798.403,686089.7585,0.0,0.0,0.0,0.0,0.0,0.0,0.0,628304.5152,0.0,0.0,0.0,0.0,0.0,0.0,0.0,0.0,0.0,0.0,0.0,0.0,0.0,0.0,0.0,0.0,0.0,0.0,0,14,MD,C37H48O11,possibly undescribed,(DA45)std_daphnepedunin D isomer,[M+H]+,none
3049,1054.44458,8.0,0.0,1124764.726,0.0,0.0,0.0,0.0,0.0,0.0,0.0,0.0,0.0,0.0,0.0,0.0,0.0,0.0,0.0,0.0,0.0,0.0,0.0,0.0,0.0,0.0,0.0,0.0,0.0,0.0,0.0,0.0,0.0,0.0,0.0,0.0,0.0,0.0,0.0,0.0,0.0,0.0,0.0,0.0,0.0,0.0,0.0,0.0,0.0,0.0,0.0,0.0,0.0,0.0,0.0,0.0,0.0,0.0,0,6,MD,C57H67O18N1,possibly undescribed,none,[M+NH4]+,none
3519,547.2900529,9.1,0.0,0.0,0.0,0.0,0.0,0.0,0.0,0.0,0.0,0.0,0.0,0.0,404000000.0,0.0,0.0,1418718.358,0.0,0.0,0.0,0.0,0.0,0.0,0.0,0.0,0.0,0.0,0.0,0.0,217000000.0,345000000.0,0.0,195087.6697,0.0,0.0,3238331.038,289897.0714,7061427.013,43300000.0,0.0,0.0,0.0,0.0,0.0,926370.0299,0.0,0.0,0.0,0.0,0.0,0.0,0.0,0.0,0.0,0.0,0.0,29200000.0,0,14,MD,C30H42O9,possibly known,(DA32)std_pimelotide A,[M+H]+,"3519, 3527"
3520,549.3056274,5.6,0.0,0.0,0.0,0.0,0.0,0.0,0.0,0.0,0.0,0.0,0.0,0.0,356000000.0,0.0,0.0,0.0,0.0,0.0,0.0,0.0,0.0,0.0,0.0,0.0,0.0,0.0,0.0,0.0,38400000.0,70500000.0,0.0,0.0,0.0,0.0,0.0,0.0,0.0,7622217.171,0.0,0.0,0.0,0.0,0.0,0.0,0.0,0.0,0.0,0.0,0.0,0.0,0.0,0.0,0.0,0.0,0.0,9598352.223,0,11,MD,C30H44O9,possibly known,"(DA35)std_daphnepedunin A, (DA36)std_daphnepedunin G, (DA37)std_daphnepedunin H",[M+H]+,none
3521,806.3734741,8.5,0.0,0.0,0.0,0.0,0.0,0.0,0.0,0.0,0.0,0.0,0.0,0.0,122000000.0,0.0,0.0,0.0,0.0,0.0,0.0,0.0,0.0,0.0,0.0,0.0,0.0,0.0,0.0,0.0,0.0,0.0,0.0,0.0,0.0,0.0,0.0,0.0,0.0,0.0,0.0,0.0,0.0,0.0,0.0,0.0,0.0,0.0,0.0,0.0,0.0,0.0,0.0,0.0,0.0,0.0,0.0,0.0,0,8,MD,C44H55O13N1,possibly undescribed,none,[M+NH4]+,"3521, 3568"
3523,565.3010254,6.7,0.0,0.0,0.0,0.0,0.0,0.0,0.0,0.0,0.0,0.0,0.0,0.0,71200000.0,0.0,0.0,0.0,0.0,0.0,0.0,0.0,0.0,0.0,0.0,0.0,0.0,0.0,0.0,0.0,766207.2072,76600000.0,0.0,0.0,0.0,0.0,0.0,0.0,555805.413,2571302.123,0.0,0.0,0.0,0.0,0.0,0.0,0.0,0.0,0.0,0.0,0.0,0.0,0.0,0.0,0.0,0.0,0.0,0.0,10,19,MD,C30H44O10,possibly undescribed,none,[M+H]+,"3523, 3561"
3524,547.2900085,8.6,0.0,0.0,0.0,0.0,0.0,0.0,0.0,0.0,0.0,0.0,0.0,0.0,64000000.0,0.0,0.0,0.0,0.0,0.0,0.0,0.0,0.0,0.0,0.0,0.0,0.0,0.0,0.0,0.0,24000000.0,78300000.0,0.0,0.0,0.0,0.0,649241.59,0.0,0.0,1143121.143,0.0,0.0,0.0,0.0,0.0,0.0,0.0,0.0,0.0,0.0,0.0,0.0,0.0,0.0,0.0,0.0,0.0,0.0,6,25,MD,C30H42O9,possibly known,(DA33)std_pimelotide C,[M+H]+,none
3526,804.3572998,11.3,0.0,0.0,0.0,0.0,0.0,0.0,0.0,0.0,0.0,0.0,0.0,0.0,59700000.0,0.0,0.0,0.0,0.0,0.0,0.0,0.0,0.0,0.0,0.0,0.0,0.0,0.0,0.0,0.0,0.0,0.0,0.0,0.0,0.0,0.0,0.0,0.0,0.0,0.0,0.0,0.0,0.0,0.0,0.0,0.0,0.0,0.0,0.0,0.0,0.0,0.0,0.0,0.0,0.0,0.0,0.0,0.0,0,13,MD,C44H53O13N1,possibly undescribed,(DA53)std_daphnepedunin F isomer,[M+NH4]+,none
3527,578.331992,9.1,0.0,0.0,0.0,0.0,0.0,0.0,0.0,0.0,0.0,0.0,0.0,0.0,60300000.0,0.0,0.0,499025.2111,0.0,0.0,0.0,0.0,0.0,0.0,0.0,0.0,0.0,0.0,0.0,0.0,30700000.0,54100000.0,0.0,0.0,0.0,0.0,0.0,0.0,1860570.459,11000000.0,0.0,0.0,0.0,0.0,0.0,0.0,0.0,0.0,0.0,0.0,0.0,0.0,0.0,0.0,0.0,0.0,0.0,4199341.803,0,8,MD,C31H47O9N1,possibly known,(DA32)std_pimelotide A,[M+CH3NH2+H]+,"3519, 3527"
3528,773.3527985,11.3,0.0,0.0,0.0,0.0,0.0,0.0,0.0,0.0,0.0,0.0,0.0,1408136.413,50400000.0,0.0,0.0,0.0,0.0,0.0,0.0,0.0,0.0,0.0,0.0,0.0,0.0,0.0,0.0,0.0,0.0,0.0,0.0,0.0,0.0,0.0,0.0,0.0,0.0,0.0,0.0,0.0,0.0,0.0,0.0,0.0,0.0,0.0,0.0,0.0,0.0,0.0,0.0,0.0,0.0,0.0,0.0,0.0,13,17,MD,C44H52O12,possibly undescribed,none,[M+H]+,none
3534,790.380127,11.1,0.0,0.0,0.0,0.0,0.0,0.0,0.0,0.0,0.0,0.0,0.0,0.0,31200000.0,0.0,0.0,0.0,0.0,0.0,0.0,0.0,0.0,0.0,0.0,0.0,0.0,0.0,0.0,0.0,0.0,0.0,0.0,0.0,0.0,0.0,0.0,0.0,0.0,157885.5558,0.0,0.0,0.0,0.0,0.0,0.0,0.0,0.0,0.0,0.0,0.0,0.0,0.0,0.0,0.0,0.0,0.0,0.0,0,12,MD,C44H55O12N1,possibly undescribed,none,[M+NH4]+,none
3535,1028.427782,8.2,0.0,0.0,0.0,2911384.042,0.0,0.0,0.0,0.0,0.0,0.0,0.0,0.0,28800000.0,4388356.492,0.0,0.0,0.0,0.0,0.0,0.0,17600000.0,9479773.293,0.0,0.0,0.0,0.0,0.0,0.0,0.0,0.0,0.0,0.0,0.0,0.0,9883264.516,0.0,10100000.0,4541094.945,0.0,0.0,0.0,0.0,0.0,2256942.789,0.0,0.0,0.0,0.0,0.0,0.0,0.0,0.0,0.0,0.0,0.0,0.0,15,16,MD,C55H65O18N1,possibly known,(DA57)std_daphneodorin B,[M+NH4]+,none
3537,564.3165894,8.5,0.0,0.0,0.0,0.0,0.0,0.0,0.0,0.0,0.0,0.0,0.0,0.0,28400000.0,0.0,0.0,0.0,0.0,0.0,0.0,0.0,0.0,0.0,0.0,0.0,0.0,0.0,0.0,0.0,13900000.0,45900000.0,0.0,0.0,0.0,0.0,0.0,0.0,0.0,241233.7167,0.0,0.0,0.0,0.0,0.0,0.0,0.0,0.0,0.0,0.0,0.0,0.0,0.0,0.0,0.0,0.0,0.0,0.0,0,10,MD,C30H45O9N1,possibly known,(DA33)std_pimelotide C,[M+NH4]+,none
3539,549.3062897,6.0,0.0,0.0,0.0,0.0,0.0,0.0,0.0,0.0,0.0,0.0,0.0,0.0,31500000.0,0.0,0.0,0.0,0.0,0.0,0.0,0.0,0.0,0.0,0.0,0.0,0.0,0.0,0.0,0.0,5624117.672,39200000.0,0.0,0.0,0.0,0.0,0.0,0.0,489441.755,5859016.459,0.0,0.0,0.0,0.0,0.0,0.0,0.0,0.0,0.0,0.0,0.0,0.0,0.0,0.0,0.0,0.0,0.0,176320.2335,0,6,MD,C30H44O9,possibly known,(DA34)std_daphnepedunin B,[M+H]+,none
3542,806.3745728,9.4,0.0,0.0,0.0,0.0,0.0,0.0,0.0,0.0,0.0,0.0,0.0,0.0,23500000.0,0.0,0.0,0.0,0.0,0.0,0.0,0.0,0.0,0.0,0.0,0.0,0.0,0.0,0.0,0.0,0.0,0.0,0.0,0.0,0.0,0.0,0.0,0.0,0.0,0.0,0.0,0.0,0.0,0.0,0.0,0.0,0.0,0.0,0.0,0.0,0.0,0.0,0.0,0.0,0.0,0.0,0.0,0.0,0,14,MD,C44H55O13N1,possibly undescribed,none,[M+NH4]+,"3542, 3554"
3543,519.295433,8.1,0.0,0.0,0.0,0.0,0.0,0.0,0.0,0.0,0.0,0.0,0.0,0.0,27600000.0,0.0,0.0,0.0,0.0,0.0,0.0,0.0,0.0,0.0,0.0,0.0,0.0,0.0,0.0,0.0,9009714.288,32300000.0,0.0,0.0,0.0,0.0,0.0,0.0,0.0,1148414.433,0.0,0.0,0.0,0.0,0.0,0.0,0.0,0.0,0.0,0.0,0.0,0.0,0.0,0.0,0.0,0.0,0.0,0.0,6,13,MD,C29H42O8,possibly known,(DA29)std_daphnepedunin C,[M+H]+,none
3548,531.294548,5.4,0.0,0.0,0.0,0.0,0.0,0.0,0.0,0.0,0.0,0.0,0.0,0.0,19500000.0,0.0,0.0,0.0,0.0,0.0,0.0,0.0,0.0,0.0,0.0,0.0,0.0,0.0,0.0,0.0,1220621.738,1473566.851,0.0,0.0,0.0,0.0,0.0,0.0,0.0,0.0,0.0,0.0,225431.1922,0.0,0.0,0.0,0.0,0.0,0.0,0.0,0.0,0.0,0.0,0.0,0.0,0.0,0.0,0.0,0,15,MD,C30H42O8,possibly undescribed,none,[M+H]+,none
3549,578.3319906,8.5,0.0,0.0,0.0,0.0,0.0,0.0,0.0,0.0,0.0,0.0,0.0,0.0,18700000.0,0.0,0.0,0.0,0.0,0.0,0.0,0.0,0.0,0.0,0.0,0.0,0.0,0.0,0.0,0.0,5934792.842,18400000.0,0.0,0.0,0.0,0.0,0.0,0.0,0.0,0.0,0.0,0.0,0.0,0.0,0.0,0.0,0.0,0.0,0.0,0.0,0.0,0.0,0.0,0.0,0.0,0.0,0.0,0.0,0,11,MD,C31H47O9N1,possibly known,(DA33)std_pimelotide C,[M+NH4]+,none
3550,669.3263931,7.0,0.0,0.0,0.0,0.0,0.0,0.0,0.0,0.0,0.0,0.0,0.0,246602.587,17600000.0,0.0,0.0,0.0,0.0,0.0,0.0,0.0,0.0,0.0,0.0,0.0,1977555.175,0.0,0.0,0.0,0.0,0.0,0.0,0.0,0.0,0.0,0.0,0.0,0.0,0.0,0.0,0.0,0.0,0.0,0.0,0.0,0.0,0.0,0.0,0.0,0.0,0.0,0.0,0.0,0.0,0.0,0.0,648905.2546,16,28,MD,C37H48O11,possibly undescribed,(DA45)std_daphnepedunin D isomer,[M+H]+,none
3552,698.3534677,10.8,0.0,0.0,0.0,0.0,0.0,0.0,0.0,0.0,0.0,0.0,0.0,0.0,21600000.0,0.0,0.0,1899487.487,0.0,0.0,0.0,0.0,0.0,0.0,0.0,0.0,0.0,0.0,0.0,0.0,7098487.346,1185805.264,0.0,0.0,0.0,0.0,0.0,0.0,942964.0704,807471.3177,0.0,0.0,0.0,0.0,0.0,0.0,0.0,0.0,0.0,0.0,0.0,0.0,0.0,0.0,0.0,0.0,0.0,12900000.0,0,6,MD,C38H51O11N1,possibly known,"(DA43)std_stelleralide C, (DA44)std_daphnepedunin E",[M+NH4]+,none
3554,789.3475342,9.4,0.0,0.0,0.0,0.0,0.0,0.0,0.0,0.0,0.0,0.0,0.0,0.0,15800000.0,0.0,0.0,0.0,0.0,0.0,0.0,0.0,0.0,0.0,0.0,0.0,0.0,0.0,0.0,0.0,0.0,0.0,0.0,0.0,0.0,0.0,0.0,0.0,0.0,0.0,0.0,0.0,0.0,0.0,0.0,0.0,0.0,0.0,0.0,0.0,0.0,0.0,0.0,0.0,0.0,0.0,0.0,0.0,12,20,MD,C44H52O13,possibly undescribed,none,[M+H]+,"3542, 3554"
3561,547.2900879,6.7,0.0,0.0,0.0,0.0,0.0,0.0,0.0,0.0,0.0,0.0,0.0,0.0,13100000.0,0.0,0.0,0.0,0.0,0.0,0.0,0.0,0.0,0.0,0.0,0.0,0.0,0.0,0.0,0.0,3048137.341,9370690.269,0.0,0.0,0.0,0.0,0.0,0.0,0.0,1073709.321,0.0,0.0,0.0,0.0,0.0,0.0,0.0,0.0,0.0,0.0,0.0,0.0,0.0,0.0,0.0,0.0,0.0,450511.7555,6,15,MD,C30H42O9,possibly undescribed,"(DA32)std_pimelotide A isomer, (DA33)std_pimelotide C isomer",[M+H-H2O]+,"3523, 3561"
3563,565.3004354,6.6,0.0,0.0,0.0,0.0,0.0,0.0,0.0,0.0,0.0,0.0,0.0,0.0,13200000.0,0.0,0.0,0.0,0.0,0.0,0.0,0.0,0.0,0.0,0.0,0.0,0.0,0.0,0.0,0.0,20300000.0,0.0,0.0,0.0,0.0,0.0,0.0,0.0,0.0,0.0,0.0,0.0,0.0,0.0,0.0,0.0,0.0,0.0,0.0,0.0,0.0,0.0,0.0,0.0,0.0,0.0,0.0,3199956.96,9,18,MD,C30H44O10,possibly undescribed,none,[M+H]+,none
3565,822.3687134,9.4,0.0,0.0,0.0,0.0,0.0,0.0,0.0,0.0,0.0,0.0,0.0,0.0,14400000.0,0.0,0.0,0.0,0.0,0.0,0.0,0.0,0.0,0.0,0.0,0.0,0.0,0.0,0.0,0.0,0.0,0.0,0.0,0.0,0.0,0.0,0.0,0.0,0.0,0.0,0.0,0.0,0.0,0.0,0.0,0.0,0.0,0.0,0.0,0.0,0.0,0.0,0.0,0.0,0.0,0.0,0.0,0.0,0,10,MD,C44H55O14N1,possibly undescribed,none,[M+NH4]+,none
3568,789.3468323,8.5,0.0,0.0,0.0,0.0,0.0,0.0,0.0,0.0,0.0,0.0,0.0,0.0,9757017.087,0.0,0.0,0.0,0.0,0.0,0.0,0.0,0.0,0.0,0.0,0.0,0.0,0.0,0.0,0.0,0.0,0.0,0.0,0.0,0.0,0.0,0.0,0.0,0.0,0.0,0.0,0.0,0.0,0.0,0.0,0.0,0.0,0.0,0.0,0.0,0.0,0.0,0.0,0.0,0.0,0.0,0.0,0.0,0,15,MD,C44H52O13,possibly undescribed,none,[M+H]+,"3521, 3568"
3570,686.3539124,7.3,0.0,0.0,0.0,0.0,0.0,0.0,0.0,0.0,0.0,0.0,0.0,0.0,10600000.0,0.0,0.0,0.0,0.0,0.0,0.0,0.0,0.0,0.0,0.0,0.0,0.0,0.0,0.0,0.0,0.0,0.0,0.0,0.0,0.0,0.0,0.0,0.0,0.0,0.0,0.0,0.0,0.0,0.0,0.0,0.0,0.0,0.0,0.0,0.0,0.0,0.0,0.0,0.0,0.0,0.0,0.0,0.0,0,22,MD,C37H51O11N1,possibly undescribed,(DA45)std_daphnepedunin D isomer,[M+NH4]+,none
3582,685.3208008,4.1,0.0,0.0,0.0,0.0,0.0,0.0,0.0,0.0,0.0,0.0,0.0,0.0,8700948.276,0.0,0.0,0.0,0.0,0.0,0.0,0.0,0.0,0.0,0.0,0.0,0.0,0.0,0.0,0.0,0.0,0.0,0.0,0.0,0.0,0.0,0.0,0.0,0.0,0.0,0.0,0.0,0.0,0.0,0.0,0.0,0.0,0.0,0.0,0.0,0.0,0.0,0.0,0.0,0.0,0.0,0.0,0.0,13,18,MD,C37H48O12,possibly undescribed,none,[M+H]+,none
3591,515.2996292,9.5,0.0,0.0,0.0,0.0,0.0,0.0,0.0,0.0,372734.9153,0.0,0.0,0.0,8929468.473,0.0,0.0,0.0,0.0,0.0,0.0,0.0,0.0,0.0,0.0,0.0,143586.6674,0.0,0.0,0.0,0.0,174723.682,0.0,0.0,0.0,0.0,0.0,0.0,0.0,0.0,0.0,0.0,0.0,0.0,0.0,0.0,0.0,0.0,0.0,0.0,0.0,0.0,0.0,0.0,0.0,0.0,0.0,0.0,0,8,MD,C30H42O7,possibly undescribed,none,[M+H]+,none
3603,592.3466644,8.9,0.0,0.0,0.0,0.0,0.0,0.0,0.0,0.0,0.0,558349.9644,0.0,0.0,6152709.737,0.0,0.0,0.0,0.0,0.0,0.0,0.0,0.0,0.0,0.0,0.0,0.0,0.0,0.0,0.0,0.0,0.0,0.0,0.0,0.0,0.0,0.0,0.0,0.0,0.0,0.0,0.0,0.0,0.0,0.0,0.0,0.0,0.0,0.0,0.0,0.0,0.0,0.0,0.0,0.0,0.0,0.0,0.0,0,7,MD,C32H49O9N1,possibly undescribed,none,[M+NH4]+,none
3621,685.3216248,8.1,0.0,0.0,0.0,0.0,0.0,0.0,0.0,0.0,0.0,0.0,0.0,0.0,5852191.128,0.0,0.0,0.0,0.0,0.0,0.0,0.0,0.0,0.0,0.0,0.0,0.0,0.0,0.0,0.0,692871.5436,0.0,0.0,0.0,0.0,0.0,0.0,0.0,0.0,0.0,0.0,0.0,0.0,0.0,0.0,0.0,0.0,0.0,0.0,0.0,0.0,0.0,0.0,0.0,0.0,0.0,0.0,0.0,7,17,MD,C37H48O12,possibly undescribed,none,[M+H]+,none
3622,685.3228149,3.8,0.0,0.0,0.0,0.0,0.0,0.0,0.0,0.0,0.0,0.0,0.0,0.0,3495005.652,0.0,0.0,0.0,0.0,0.0,0.0,0.0,0.0,0.0,0.0,0.0,0.0,0.0,0.0,0.0,0.0,0.0,0.0,0.0,0.0,0.0,0.0,0.0,0.0,0.0,0.0,0.0,0.0,0.0,0.0,0.0,0.0,0.0,0.0,0.0,0.0,0.0,0.0,0.0,0.0,0.0,0.0,0.0,0,8,MD,C37H48O12,possibly undescribed,none,[M+H]+,none
3628,669.3267822,7.9,0.0,0.0,0.0,0.0,0.0,0.0,0.0,0.0,0.0,0.0,0.0,993517.508,5082627.906,0.0,0.0,0.0,0.0,0.0,0.0,0.0,0.0,0.0,0.0,0.0,0.0,0.0,0.0,0.0,0.0,0.0,0.0,0.0,0.0,0.0,0.0,0.0,0.0,521331.2285,0.0,0.0,300584.3458,0.0,0.0,0.0,0.0,0.0,0.0,0.0,0.0,0.0,0.0,0.0,0.0,0.0,0.0,19300000.0,14,30,MD,C37H48O11,possibly undescribed,(DA45)std_daphnepedunin D isomer,[M+H]+,none
3631,513.2832794,5.5,0.0,0.0,0.0,0.0,0.0,0.0,0.0,0.0,0.0,6767308.893,0.0,0.0,5518739.821,0.0,0.0,0.0,0.0,0.0,0.0,0.0,0.0,0.0,0.0,0.0,0.0,0.0,0.0,0.0,179240.3634,0.0,0.0,0.0,0.0,0.0,0.0,0.0,0.0,0.0,0.0,0.0,456745.7792,0.0,0.0,0.0,326369.8248,0.0,0.0,0.0,5098434.94,0.0,0.0,0.0,0.0,0.0,0.0,0.0,0,6,MD,C30H40O7,possibly undescribed,none,[M+H]+,none
3635,565.3008423,6.4,0.0,0.0,0.0,0.0,0.0,0.0,0.0,0.0,0.0,0.0,0.0,0.0,4003529.728,0.0,0.0,0.0,0.0,0.0,0.0,0.0,0.0,0.0,0.0,0.0,0.0,0.0,0.0,0.0,3899415.6,0.0,0.0,0.0,0.0,0.0,0.0,0.0,0.0,0.0,0.0,0.0,0.0,0.0,0.0,0.0,0.0,0.0,0.0,0.0,0.0,0.0,0.0,0.0,0.0,0.0,0.0,0.0,0,15,MD,C30H44O10,possibly undescribed,none,[M+H]+,none
3643,685.3213562,7.7,0.0,0.0,0.0,0.0,0.0,0.0,0.0,0.0,0.0,0.0,0.0,0.0,4787010.03,0.0,0.0,0.0,0.0,2681141.204,0.0,0.0,0.0,0.0,0.0,0.0,3325703.368,0.0,0.0,0.0,2186483.192,0.0,0.0,0.0,0.0,0.0,0.0,0.0,0.0,0.0,0.0,0.0,0.0,0.0,0.0,0.0,0.0,0.0,0.0,0.0,0.0,0.0,0.0,0.0,0.0,0.0,0.0,4426545.323,9,22,MD,C37H48O12,possibly undescribed,none,[M+H]+,none
3644,639.3165894,10.0,0.0,0.0,0.0,0.0,0.0,0.0,0.0,0.0,0.0,0.0,0.0,0.0,3041774.222,0.0,0.0,0.0,0.0,0.0,0.0,0.0,0.0,0.0,0.0,0.0,0.0,0.0,0.0,0.0,2141781.328,0.0,0.0,0.0,0.0,0.0,0.0,0.0,0.0,0.0,0.0,0.0,0.0,0.0,0.0,0.0,0.0,0.0,0.0,0.0,0.0,0.0,0.0,0.0,0.0,0.0,0.0,0.0,0,14,MD,C36H46O10,possibly undescribed,none,[M+H]+,none
3657,684.3386536,6.7,0.0,0.0,0.0,0.0,0.0,0.0,0.0,0.0,0.0,0.0,0.0,0.0,3214517.746,0.0,0.0,0.0,0.0,0.0,0.0,0.0,0.0,0.0,0.0,0.0,0.0,0.0,0.0,0.0,0.0,0.0,0.0,0.0,0.0,0.0,0.0,0.0,0.0,0.0,0.0,0.0,0.0,0.0,0.0,0.0,0.0,0.0,0.0,0.0,0.0,0.0,0.0,0.0,0.0,0.0,0.0,0.0,0,13,MD,C37H49O11N1,possibly undescribed,"(DA43)std_stelleralide C isomer, (DA44)std_daphnepedunin E isomer",[M+NH4]+,none
3660,583.3112793,5.8,0.0,0.0,0.0,0.0,0.0,0.0,0.0,0.0,0.0,0.0,0.0,0.0,2885670.833,0.0,0.0,0.0,0.0,0.0,0.0,0.0,0.0,0.0,0.0,0.0,0.0,0.0,0.0,0.0,0.0,0.0,0.0,0.0,0.0,0.0,0.0,0.0,0.0,0.0,0.0,0.0,0.0,0.0,0.0,0.0,0.0,0.0,0.0,0.0,0.0,0.0,0.0,0.0,0.0,0.0,0.0,0.0,0,12,MD,C30H46O11,possibly undescribed,none,[M+H]+,none
3663,547.2909953,6.1,0.0,0.0,0.0,0.0,0.0,0.0,0.0,0.0,0.0,0.0,0.0,0.0,3528116.997,0.0,0.0,0.0,0.0,0.0,0.0,0.0,0.0,0.0,0.0,0.0,0.0,0.0,0.0,0.0,0.0,1666355.0,0.0,0.0,0.0,0.0,0.0,0.0,0.0,220850.7018,0.0,0.0,0.0,0.0,0.0,0.0,0.0,0.0,0.0,0.0,0.0,0.0,0.0,0.0,0.0,0.0,0.0,0.0,0,9,MD,C30H42O9,possibly undescribed,"(DA32)std_pimelotide A isomer, (DA33)std_pimelotide C isomer",[M+H-H2O]+,"3663, 3690"
3675,533.3109325,9.6,0.0,0.0,0.0,0.0,0.0,0.0,0.0,0.0,0.0,6539493.279,0.0,0.0,4377964.764,0.0,0.0,0.0,364610.7771,0.0,0.0,0.0,0.0,0.0,0.0,0.0,202381.5614,0.0,0.0,0.0,0.0,551295.8543,1787413.454,0.0,1021197.441,0.0,11800000.0,1871452.008,0.0,0.0,0.0,0.0,0.0,0.0,593802.3068,0.0,0.0,0.0,5295916.079,0.0,0.0,0.0,0.0,0.0,0.0,0.0,0.0,0.0,0,12,MD,C30H44O8,possibly undescribed,"(DA31)std_pimelea factor S6 isomer, (DA30)std_pimelea factor S7 isomer",[M+H]+,none
3682,686.3531799,7.1,0.0,0.0,0.0,0.0,0.0,0.0,0.0,0.0,0.0,0.0,0.0,0.0,2761095.05,0.0,0.0,0.0,0.0,0.0,0.0,0.0,0.0,0.0,0.0,0.0,0.0,0.0,0.0,0.0,1154143.571,0.0,0.0,0.0,0.0,0.0,0.0,0.0,0.0,0.0,0.0,0.0,0.0,0.0,0.0,0.0,0.0,0.0,0.0,0.0,0.0,0.0,0.0,0.0,0.0,0.0,0.0,0.0,0,19,MD,C37H51O11N1,possibly undescribed,(DA45)std_daphnepedunin D isomer,[M+NH4]+,none
3686,547.2903366,9.9,0.0,0.0,0.0,0.0,0.0,0.0,0.0,0.0,0.0,0.0,0.0,0.0,3341601.809,0.0,0.0,0.0,0.0,0.0,0.0,0.0,0.0,0.0,0.0,0.0,0.0,0.0,0.0,0.0,1376198.35,4286051.512,0.0,0.0,0.0,0.0,0.0,0.0,0.0,626289.6539,0.0,0.0,0.0,0.0,0.0,0.0,0.0,0.0,0.0,0.0,0.0,0.0,0.0,0.0,0.0,0.0,0.0,0.0,0,10,MD,C30H42O9,possibly undescribed,"(DA32)std_pimelotide A isomer, (DA33)std_pimelotide C isomer",[M+H]+,none
3690,565.3011169,6.1,0.0,0.0,0.0,0.0,0.0,0.0,0.0,0.0,0.0,0.0,0.0,0.0,2356780.2,0.0,0.0,0.0,0.0,0.0,0.0,0.0,0.0,0.0,0.0,0.0,0.0,0.0,0.0,0.0,0.0,1158549.894,0.0,0.0,0.0,0.0,0.0,0.0,0.0,0.0,0.0,0.0,0.0,0.0,0.0,0.0,0.0,0.0,0.0,0.0,0.0,0.0,0.0,0.0,0.0,0.0,0.0,0.0,0,12,MD,C30H44O10,possibly undescribed,none,[M+H]+,"3663, 3690"
3700,519.2950134,8.6,0.0,0.0,0.0,0.0,0.0,0.0,0.0,0.0,0.0,0.0,0.0,0.0,2910250.726,0.0,0.0,0.0,0.0,0.0,0.0,0.0,0.0,0.0,0.0,0.0,0.0,0.0,0.0,0.0,0.0,140022.0521,0.0,0.0,0.0,0.0,0.0,0.0,0.0,0.0,0.0,0.0,0.0,0.0,0.0,0.0,0.0,0.0,0.0,0.0,0.0,0.0,0.0,0.0,0.0,0.0,0.0,0.0,0,9,MD,C29H42O8,possibly known,(DA29)std_daphnepedunin C,[M+H]+,none
3702,686.3530579,6.8,0.0,0.0,0.0,0.0,0.0,0.0,0.0,0.0,0.0,0.0,0.0,0.0,1895613.145,0.0,0.0,0.0,0.0,0.0,0.0,0.0,0.0,0.0,0.0,0.0,0.0,0.0,0.0,0.0,916769.9301,0.0,0.0,0.0,0.0,0.0,0.0,0.0,0.0,0.0,0.0,0.0,0.0,0.0,0.0,0.0,0.0,0.0,0.0,0.0,0.0,0.0,0.0,0.0,0.0,0.0,0.0,0.0,0,8,MD,C37H51O11N1,possibly undescribed,(DA45)std_daphnepedunin D isomer,[M+NH4]+,none
3704,802.545874,14.5,0.0,0.0,0.0,0.0,0.0,0.0,0.0,0.0,0.0,0.0,0.0,0.0,10100000.0,0.0,0.0,0.0,0.0,0.0,0.0,0.0,0.0,0.0,0.0,0.0,0.0,0.0,0.0,0.0,7655109.525,25400000.0,0.0,0.0,0.0,0.0,0.0,0.0,13900000.0,0.0,0.0,0.0,0.0,0.0,0.0,0.0,0.0,0.0,0.0,0.0,0.0,0.0,0.0,0.0,0.0,0.0,0.0,5602949.544,0,10,MD,C46H75O10N1,possibly undescribed,none,[M+NH4]+,none
3705,639.3169454,10.4,0.0,0.0,0.0,0.0,0.0,0.0,0.0,0.0,0.0,0.0,0.0,0.0,2513289.306,0.0,0.0,0.0,0.0,0.0,0.0,0.0,0.0,0.0,0.0,0.0,0.0,0.0,0.0,0.0,2435678.104,3619843.162,0.0,0.0,0.0,0.0,0.0,0.0,0.0,0.0,0.0,0.0,0.0,0.0,0.0,0.0,0.0,0.0,0.0,0.0,0.0,0.0,0.0,0.0,0.0,0.0,0.0,0.0,0,11,MD,C36H46O10,possibly undescribed,none,[M+H]+,none
3710,533.2741699,8.1,0.0,0.0,0.0,0.0,0.0,0.0,0.0,0.0,0.0,0.0,0.0,0.0,2072344.944,0.0,0.0,0.0,0.0,0.0,0.0,0.0,0.0,0.0,0.0,0.0,0.0,0.0,0.0,0.0,0.0,0.0,0.0,0.0,0.0,0.0,0.0,0.0,0.0,0.0,0.0,0.0,0.0,0.0,0.0,0.0,0.0,0.0,0.0,0.0,0.0,0.0,0.0,0.0,0.0,0.0,0.0,0.0,10,12,MD,C29H40O9,possibly undescribed,none,[M+H]+,none
3714,700.3690796,7.3,0.0,0.0,0.0,0.0,0.0,0.0,0.0,0.0,0.0,0.0,0.0,0.0,1657695.981,0.0,0.0,0.0,0.0,0.0,0.0,0.0,0.0,0.0,0.0,0.0,0.0,0.0,0.0,0.0,0.0,0.0,0.0,0.0,0.0,0.0,0.0,0.0,0.0,0.0,0.0,0.0,0.0,0.0,0.0,0.0,0.0,0.0,0.0,0.0,0.0,0.0,0.0,0.0,0.0,0.0,0.0,0.0,0,7,MD,C38H53O11N1,possibly undescribed,(DA45)std_daphnepedunin D isomer,[M+NH4]+,none
3728,547.2903544,6.5,0.0,0.0,0.0,0.0,0.0,0.0,0.0,0.0,0.0,0.0,0.0,0.0,1882525.381,0.0,0.0,0.0,0.0,0.0,0.0,0.0,0.0,0.0,0.0,0.0,0.0,0.0,0.0,0.0,506643.2355,2579754.247,0.0,0.0,0.0,0.0,0.0,0.0,0.0,0.0,0.0,0.0,0.0,0.0,0.0,0.0,0.0,0.0,0.0,0.0,0.0,0.0,0.0,0.0,0.0,0.0,0.0,0.0,0,9,MD,C30H42O9,possibly undescribed,"(DA32)std_pimelotide A isomer, (DA33)std_pimelotide C isomer",[M+H]+,none
3730,551.3221741,8.7,0.0,0.0,0.0,0.0,0.0,0.0,0.0,0.0,0.0,0.0,0.0,0.0,2845539.721,0.0,0.0,0.0,0.0,0.0,0.0,0.0,0.0,0.0,0.0,0.0,650633.2133,0.0,0.0,0.0,0.0,0.0,0.0,0.0,0.0,0.0,0.0,0.0,0.0,0.0,0.0,0.0,0.0,0.0,0.0,0.0,0.0,0.0,0.0,0.0,0.0,0.0,0.0,0.0,0.0,0.0,0.0,0.0,0,11,MD,C30H46O9,possibly undescribed,none,[M+H]+,none
3746,700.3328857,5.9,0.0,0.0,0.0,0.0,0.0,0.0,0.0,0.0,0.0,0.0,0.0,0.0,1479400.734,0.0,0.0,0.0,0.0,0.0,0.0,0.0,0.0,0.0,0.0,0.0,0.0,0.0,0.0,0.0,0.0,0.0,0.0,0.0,0.0,0.0,0.0,0.0,0.0,0.0,0.0,0.0,0.0,0.0,0.0,0.0,0.0,0.0,0.0,0.0,0.0,0.0,0.0,0.0,0.0,0.0,0.0,0.0,0,7,MD,C37H49O12N1,possibly undescribed,none,[M+NH4]+,none
3773,700.3339233,4.9,0.0,0.0,0.0,0.0,0.0,0.0,0.0,0.0,0.0,0.0,0.0,0.0,1375345.607,0.0,0.0,0.0,0.0,0.0,0.0,0.0,0.0,0.0,0.0,0.0,0.0,0.0,0.0,0.0,0.0,0.0,0.0,0.0,0.0,0.0,0.0,0.0,0.0,0.0,0.0,0.0,0.0,0.0,0.0,0.0,0.0,0.0,0.0,0.0,0.0,0.0,0.0,0.0,0.0,0.0,0.0,0.0,0,8,MD,C37H49O12N1,possibly undescribed,none,[M+NH4]+,none
3793,816.5608826,14.5,0.0,0.0,0.0,0.0,0.0,0.0,0.0,0.0,0.0,0.0,0.0,0.0,4521445.039,0.0,0.0,0.0,0.0,0.0,0.0,0.0,0.0,0.0,0.0,0.0,0.0,0.0,0.0,0.0,1244648.879,18800000.0,0.0,0.0,0.0,0.0,0.0,0.0,6806796.447,0.0,0.0,0.0,0.0,0.0,0.0,0.0,0.0,0.0,0.0,0.0,0.0,0.0,0.0,0.0,0.0,0.0,0.0,1894548.689,0,9,MD,C47H77O10N1,possibly undescribed,none,[M+NH4]+,none
3823,789.3486938,10.5,0.0,0.0,0.0,0.0,0.0,0.0,0.0,0.0,0.0,0.0,0.0,0.0,782570.3233,0.0,0.0,0.0,0.0,0.0,0.0,0.0,0.0,0.0,0.0,0.0,0.0,0.0,0.0,0.0,0.0,0.0,0.0,0.0,0.0,0.0,0.0,0.0,0.0,0.0,0.0,0.0,0.0,0.0,0.0,0.0,0.0,0.0,0.0,0.0,0.0,0.0,0.0,0.0,0.0,0.0,0.0,0.0,0,7,MD,C44H52O13,possibly undescribed,none,[M+H]+,none
3834,567.3162842,5.2,0.0,0.0,0.0,0.0,0.0,0.0,0.0,0.0,0.0,0.0,0.0,0.0,894873.6201,0.0,0.0,0.0,0.0,0.0,0.0,0.0,0.0,0.0,0.0,0.0,0.0,0.0,0.0,0.0,0.0,0.0,0.0,0.0,0.0,0.0,0.0,0.0,0.0,0.0,0.0,0.0,0.0,0.0,0.0,0.0,0.0,0.0,0.0,0.0,0.0,0.0,0.0,0.0,0.0,0.0,0.0,0.0,0,6,MD,C30H46O10,possibly undescribed,none,[M+H]+,none
3841,669.326004,9.3,0.0,0.0,0.0,0.0,0.0,0.0,0.0,0.0,0.0,0.0,0.0,0.0,827066.167,0.0,0.0,0.0,0.0,0.0,0.0,0.0,198133.1346,0.0,0.0,0.0,1464900.347,0.0,0.0,0.0,0.0,0.0,0.0,0.0,0.0,0.0,0.0,0.0,0.0,0.0,0.0,0.0,0.0,0.0,0.0,0.0,0.0,0.0,0.0,0.0,0.0,0.0,0.0,0.0,0.0,0.0,0.0,5375946.131,9,18,MD,C37H48O11,possibly undescribed,(DA45)std_daphnepedunin D isomer,[M+H]+,none
3842,639.3506673,9.9,0.0,0.0,0.0,0.0,0.0,0.0,0.0,0.0,0.0,0.0,0.0,0.0,589760.1336,0.0,0.0,0.0,0.0,0.0,0.0,0.0,0.0,0.0,0.0,0.0,0.0,0.0,0.0,0.0,0.0,0.0,0.0,0.0,0.0,0.0,0.0,0.0,0.0,291485.1401,0.0,0.0,0.0,0.0,0.0,0.0,0.0,0.0,0.0,0.0,0.0,0.0,0.0,0.0,0.0,0.0,0.0,547713.1754,0,14,MD,C19H58O22,possibly undescribed,"(DA38)std_wikstromacrin isomer, (DA39)std_pimela factor P2 isomer",[M+H]+,none
3848,669.3271688,6.7,0.0,0.0,0.0,0.0,0.0,0.0,0.0,0.0,0.0,0.0,0.0,0.0,875253.1445,0.0,0.0,0.0,0.0,0.0,0.0,0.0,0.0,0.0,0.0,0.0,348927.8148,0.0,0.0,0.0,5102555.854,0.0,0.0,0.0,0.0,0.0,0.0,0.0,0.0,0.0,0.0,0.0,0.0,0.0,0.0,0.0,0.0,0.0,0.0,0.0,0.0,0.0,0.0,0.0,0.0,0.0,0.0,0.0,0,9,MD,C37H48O11,possibly undescribed,(DA45)std_daphnepedunin D isomer,[M+H]+,none
3920,549.3067932,3.7,0.0,0.0,0.0,0.0,0.0,0.0,0.0,0.0,0.0,0.0,0.0,0.0,368470.2715,0.0,0.0,0.0,0.0,0.0,0.0,0.0,0.0,0.0,0.0,0.0,0.0,0.0,0.0,0.0,172611.2964,0.0,0.0,0.0,0.0,0.0,0.0,0.0,0.0,1483391.042,0.0,0.0,0.0,0.0,0.0,0.0,0.0,0.0,0.0,0.0,0.0,0.0,0.0,0.0,0.0,0.0,0.0,0.0,0,9,MD,C30H44O9,possibly undescribed,"(DA34)std_daphnepedunin B isomer, (DA35)std_daphnepedunin A isomer, (DA36)std_daphnepedunin G isomer, (DA37)std_daphnepedunin H isomer",[M+H]+,none
3945,580.308075,5.6,0.0,0.0,0.0,0.0,0.0,0.0,0.0,0.0,0.0,0.0,0.0,0.0,248374.6601,0.0,0.0,0.0,0.0,0.0,0.0,0.0,0.0,0.0,0.0,0.0,0.0,0.0,0.0,0.0,0.0,0.0,0.0,0.0,0.0,0.0,0.0,0.0,0.0,0.0,0.0,0.0,0.0,0.0,0.0,0.0,0.0,0.0,0.0,0.0,0.0,0.0,0.0,0.0,0.0,0.0,0.0,0.0,0,6,MD,C12H53O23N1,possibly undescribed,none,[M+NH4]+,none
4019,773.3527222,10.6,0.0,0.0,0.0,0.0,0.0,0.0,0.0,0.0,0.0,0.0,0.0,0.0,419678.3511,0.0,0.0,0.0,0.0,0.0,0.0,0.0,0.0,0.0,0.0,0.0,0.0,0.0,0.0,0.0,0.0,0.0,0.0,0.0,0.0,0.0,0.0,0.0,0.0,3865825.977,0.0,0.0,0.0,0.0,0.0,0.0,0.0,0.0,0.0,0.0,0.0,0.0,0.0,0.0,0.0,0.0,0.0,0.0,10,15,MD,C44H52O12,possibly undescribed,none,[M+H]+,none
4132,669.3240356,7.7,0.0,0.0,0.0,0.0,0.0,0.0,0.0,0.0,0.0,0.0,0.0,0.0,205499.5653,0.0,0.0,0.0,0.0,0.0,0.0,0.0,0.0,0.0,0.0,0.0,511874.7695,0.0,0.0,0.0,0.0,0.0,0.0,0.0,0.0,0.0,0.0,0.0,0.0,0.0,0.0,0.0,0.0,0.0,0.0,0.0,0.0,0.0,0.0,0.0,0.0,0.0,0.0,0.0,0.0,0.0,0.0,0.0,10,19,MD,C19H56O24,possibly undescribed,(DA45)std_daphnepedunin D isomer,[M+H]+,none
4162,549.306783,5.3,0.0,0.0,0.0,0.0,0.0,0.0,0.0,0.0,0.0,0.0,0.0,0.0,196072.0036,0.0,0.0,0.0,0.0,0.0,0.0,0.0,0.0,0.0,0.0,0.0,0.0,0.0,0.0,4408866.394,0.0,0.0,0.0,0.0,0.0,0.0,0.0,0.0,0.0,1371944.008,0.0,0.0,0.0,0.0,0.0,0.0,0.0,0.0,0.0,0.0,0.0,0.0,0.0,0.0,0.0,0.0,0.0,0.0,0,12,MD,C30H44O9,possibly known,"(DA35)std_daphnepedunin A, (DA36)std_daphnepedunin G, (DA37)std_daphnepedunin H",[M+H]+,none
4200,481.2945836,11.0,0.0,0.0,0.0,0.0,0.0,0.0,0.0,0.0,7180242.576,0.0,0.0,0.0,0.0,0.0,0.0,0.0,0.0,0.0,0.0,0.0,0.0,0.0,0.0,0.0,0.0,0.0,0.0,0.0,0.0,0.0,0.0,0.0,744944.4071,0.0,0.0,0.0,0.0,0.0,0.0,0.0,6617557.975,558819.8019,0.0,0.0,0.0,0.0,154368.9551,0.0,1176327.505,0.0,0.0,0.0,0.0,0.0,0.0,0.0,0,6,MD,C30H40O5,possibly undescribed,none,[M+H]+,none
4222,498.3216934,10.8,0.0,0.0,0.0,0.0,0.0,0.0,0.0,0.0,4526225.342,1736715.013,264118.2581,0.0,0.0,0.0,0.0,0.0,0.0,0.0,0.0,0.0,0.0,0.0,0.0,0.0,0.0,0.0,0.0,0.0,0.0,0.0,0.0,0.0,0.0,0.0,0.0,0.0,0.0,0.0,0.0,0.0,0.0,0.0,0.0,0.0,569498.1654,0.0,0.0,0.0,0.0,0.0,0.0,0.0,0.0,0.0,0.0,0.0,0,7,MD,C30H43O5N1,possibly undescribed,none,[M+NH4]+,none
4235,498.3219376,11.2,0.0,0.0,0.0,0.0,0.0,0.0,0.0,0.0,4293971.494,1900757.039,0.0,0.0,0.0,0.0,0.0,0.0,0.0,0.0,0.0,0.0,0.0,0.0,0.0,0.0,0.0,0.0,0.0,0.0,0.0,0.0,0.0,0.0,0.0,0.0,0.0,0.0,0.0,0.0,0.0,0.0,0.0,0.0,0.0,0.0,0.0,0.0,0.0,0.0,0.0,0.0,0.0,0.0,0.0,0.0,0.0,0.0,0,7,MD,C30H43O5N1,possibly undescribed,none,[M+NH4]+,none
4248,526.317276,3.3,0.0,0.0,0.0,0.0,0.0,0.0,0.0,0.0,536251.847,0.0,0.0,0.0,0.0,0.0,0.0,0.0,0.0,0.0,0.0,0.0,0.0,0.0,0.0,0.0,0.0,0.0,0.0,0.0,0.0,0.0,0.0,0.0,0.0,0.0,0.0,0.0,0.0,0.0,0.0,0.0,0.0,0.0,0.0,0.0,191073.0449,0.0,0.0,0.0,0.0,0.0,0.0,0.0,0.0,0.0,0.0,0.0,0,7,MD,C31H43O6N1,possibly undescribed,none,[M+NH4]+,none
4249,514.3174744,6.5,0.0,0.0,0.0,0.0,0.0,0.0,0.0,0.0,10500000.0,0.0,0.0,0.0,0.0,0.0,0.0,0.0,0.0,0.0,0.0,0.0,3767175.401,0.0,0.0,0.0,0.0,0.0,0.0,0.0,0.0,0.0,0.0,0.0,0.0,0.0,0.0,0.0,0.0,0.0,0.0,0.0,0.0,205815.199,0.0,0.0,0.0,0.0,221425.0127,0.0,3498693.881,0.0,0.0,0.0,0.0,0.0,0.0,0.0,0,8,MD,C30H43O6N1,possibly undescribed,none,[M+NH4]+,"4249, 4595"
4305,482.3268661,11.6,0.0,0.0,0.0,0.0,0.0,0.0,0.0,0.0,1198634.374,0.0,0.0,0.0,0.0,0.0,0.0,0.0,0.0,0.0,0.0,0.0,0.0,0.0,0.0,0.0,0.0,0.0,0.0,0.0,0.0,0.0,0.0,0.0,0.0,0.0,0.0,0.0,0.0,0.0,0.0,0.0,0.0,0.0,0.0,0.0,0.0,0.0,0.0,0.0,1748408.034,0.0,0.0,0.0,0.0,0.0,0.0,0.0,0,6,MD,C30H43O4N1,possibly undescribed,none,[M+NH4]+,none
4374,513.2847334,6.1,0.0,0.0,0.0,0.0,0.0,0.0,0.0,0.0,698681.4684,0.0,0.0,0.0,0.0,0.0,0.0,0.0,0.0,0.0,0.0,0.0,0.0,0.0,0.0,0.0,0.0,0.0,0.0,0.0,0.0,461768.918,0.0,0.0,1831550.687,0.0,0.0,0.0,0.0,0.0,0.0,0.0,167000000.0,19600000.0,0.0,0.0,0.0,0.0,262665.0454,0.0,1200702.348,0.0,0.0,0.0,0.0,0.0,0.0,0.0,0,7,MD,C30H40O7,possibly undescribed,none,[M+H]+,none
4375,527.2634155,2.7,0.0,0.0,0.0,0.0,0.0,0.0,0.0,0.0,180273.3082,36100000.0,0.0,0.0,0.0,0.0,0.0,0.0,0.0,0.0,0.0,0.0,0.0,0.0,0.0,0.0,0.0,0.0,0.0,0.0,0.0,0.0,0.0,0.0,0.0,0.0,0.0,0.0,0.0,0.0,0.0,0.0,199950.2155,0.0,0.0,0.0,7958612.814,0.0,0.0,0.0,17400000.0,0.0,0.0,0.0,0.0,0.0,0.0,0.0,0,6,MD,C30H38O8,possibly undescribed,none,[M+H]+,none
4412,497.2894135,7.2,0.0,0.0,0.0,0.0,0.0,0.0,0.0,0.0,2592408.032,910792.8484,0.0,0.0,0.0,0.0,0.0,0.0,0.0,0.0,0.0,0.0,0.0,0.0,0.0,0.0,0.0,0.0,0.0,0.0,0.0,0.0,0.0,0.0,0.0,0.0,0.0,0.0,0.0,0.0,0.0,0.0,0.0,0.0,0.0,0.0,0.0,0.0,0.0,0.0,0.0,0.0,0.0,0.0,0.0,0.0,0.0,0.0,0,11,MD,C30H40O6,possibly undescribed,none,[M+H]+,none
4430,498.3219757,7.1,0.0,0.0,0.0,0.0,0.0,0.0,0.0,0.0,182462.422,8277950.092,0.0,0.0,0.0,0.0,0.0,361392.2307,0.0,0.0,0.0,0.0,1444346.186,0.0,0.0,0.0,0.0,0.0,0.0,0.0,0.0,0.0,0.0,0.0,0.0,0.0,0.0,0.0,0.0,0.0,0.0,0.0,0.0,0.0,192827.8615,0.0,500516.7974,0.0,0.0,0.0,0.0,0.0,0.0,0.0,0.0,0.0,0.0,0.0,0,7,MD,C30H43O5N1,possibly undescribed,none,[M+NH4]+,none
4533,513.2844282,3.7,0.0,0.0,0.0,0.0,0.0,1021544.615,0.0,0.0,0.0,28200000.0,0.0,0.0,0.0,0.0,0.0,0.0,0.0,0.0,0.0,0.0,1249697.637,0.0,0.0,0.0,0.0,0.0,0.0,0.0,0.0,0.0,0.0,0.0,0.0,0.0,0.0,0.0,0.0,0.0,0.0,0.0,0.0,426588.4905,0.0,0.0,7851946.09,0.0,1056139.21,0.0,28800000.0,0.0,0.0,0.0,0.0,0.0,0.0,0.0,0,9,MD,C30H40O7,possibly undescribed,none,[M+H]+,none
4582,518.3475952,9.2,0.0,0.0,0.0,0.0,0.0,0.0,0.0,0.0,0.0,7741565.395,0.0,0.0,0.0,0.0,0.0,0.0,0.0,0.0,0.0,0.0,0.0,0.0,0.0,0.0,0.0,0.0,0.0,0.0,0.0,0.0,0.0,0.0,0.0,0.0,0.0,0.0,0.0,0.0,0.0,0.0,0.0,0.0,0.0,0.0,0.0,0.0,0.0,0.0,0.0,0.0,0.0,0.0,0.0,0.0,0.0,0.0,0,7,MD,C30H47O6N1,possibly undescribed,none,[M+NH4]+,none
4583,530.3124695,3.5,0.0,0.0,0.0,0.0,0.0,0.0,0.0,0.0,0.0,12000000.0,0.0,0.0,0.0,0.0,0.0,0.0,0.0,0.0,0.0,0.0,765709.6153,0.0,0.0,0.0,0.0,0.0,0.0,0.0,0.0,0.0,0.0,0.0,0.0,0.0,0.0,0.0,0.0,0.0,0.0,0.0,0.0,0.0,0.0,0.0,0.0,0.0,0.0,0.0,1174110.475,0.0,0.0,0.0,0.0,0.0,0.0,0.0,0,6,MD,C5H55O25N1,possibly undescribed,none,[M+NH4]+,none
4586,561.3302002,2.7,0.0,0.0,0.0,0.0,0.0,0.0,0.0,0.0,0.0,1722345.89,0.0,0.0,0.0,0.0,0.0,0.0,0.0,0.0,0.0,0.0,0.0,0.0,0.0,0.0,0.0,0.0,0.0,0.0,0.0,0.0,0.0,0.0,0.0,0.0,0.0,0.0,0.0,0.0,0.0,0.0,0.0,0.0,0.0,0.0,0.0,0.0,0.0,0.0,0.0,0.0,0.0,0.0,0.0,0.0,0.0,0.0,0,9,MD,C21H52O16,possibly undescribed,none,[M+H]+,none
4595,497.2888641,6.5,0.0,0.0,0.0,0.0,0.0,0.0,0.0,0.0,0.0,5535414.075,0.0,0.0,0.0,0.0,0.0,0.0,0.0,0.0,0.0,0.0,479224.6112,0.0,0.0,0.0,0.0,0.0,0.0,0.0,0.0,0.0,0.0,0.0,0.0,0.0,0.0,0.0,0.0,0.0,0.0,0.0,0.0,0.0,0.0,0.0,0.0,0.0,0.0,0.0,0.0,0.0,0.0,0.0,0.0,0.0,0.0,0.0,0,7,MD,C30H40O6,possibly undescribed,none,[M+H]+,"4249, 4595"
4612,514.3169454,3.1,0.0,0.0,0.0,0.0,0.0,0.0,0.0,0.0,0.0,1259318.673,0.0,0.0,0.0,0.0,0.0,1490245.597,0.0,0.0,0.0,0.0,0.0,0.0,0.0,0.0,0.0,0.0,0.0,0.0,0.0,0.0,0.0,0.0,0.0,0.0,0.0,0.0,0.0,0.0,0.0,0.0,0.0,0.0,0.0,0.0,1850686.419,0.0,0.0,0.0,0.0,0.0,0.0,0.0,0.0,0.0,0.0,0.0,0,6,MD,C30H43O6N1,possibly undescribed,none,[M+NH4]+,none
4651,528.3321228,3.1,0.0,0.0,0.0,0.0,0.0,0.0,0.0,0.0,0.0,878446.388,0.0,0.0,0.0,0.0,0.0,0.0,0.0,0.0,0.0,0.0,0.0,0.0,0.0,0.0,0.0,0.0,0.0,0.0,0.0,0.0,0.0,0.0,0.0,0.0,0.0,0.0,0.0,0.0,0.0,0.0,0.0,0.0,0.0,0.0,0.0,0.0,0.0,0.0,0.0,0.0,0.0,0.0,0.0,0.0,0.0,0.0,0,6,MD,C31H45O6N1,possibly undescribed,none,[M+NH4]+,none
4682,497.2891541,7.9,0.0,0.0,0.0,0.0,0.0,0.0,0.0,0.0,0.0,1018475.099,0.0,0.0,0.0,0.0,0.0,0.0,0.0,0.0,0.0,0.0,0.0,0.0,0.0,0.0,0.0,0.0,0.0,0.0,0.0,0.0,0.0,0.0,0.0,0.0,0.0,0.0,0.0,0.0,0.0,0.0,0.0,0.0,0.0,0.0,0.0,0.0,0.0,0.0,0.0,0.0,0.0,0.0,0.0,0.0,0.0,0.0,0,6,MD,C30H40O6,possibly undescribed,none,[M+H]+,none
4709,497.2888489,8.7,0.0,0.0,0.0,0.0,0.0,0.0,0.0,0.0,0.0,1855057.329,0.0,0.0,0.0,0.0,0.0,0.0,0.0,0.0,0.0,0.0,0.0,0.0,0.0,0.0,0.0,0.0,0.0,0.0,0.0,0.0,0.0,0.0,0.0,0.0,0.0,0.0,0.0,0.0,0.0,0.0,0.0,0.0,0.0,0.0,0.0,0.0,0.0,0.0,854110.8716,0.0,0.0,0.0,0.0,0.0,0.0,0.0,0,6,MD,C30H40O6,possibly undescribed,none,[M+H]+,none
4742,560.3218384,2.8,0.0,0.0,0.0,0.0,0.0,0.0,0.0,0.0,0.0,1889235.406,0.0,0.0,0.0,0.0,0.0,0.0,0.0,0.0,0.0,0.0,0.0,0.0,0.0,0.0,0.0,0.0,0.0,0.0,0.0,0.0,0.0,0.0,0.0,0.0,0.0,0.0,0.0,0.0,0.0,0.0,0.0,0.0,0.0,0.0,5761634.644,0.0,0.0,0.0,0.0,0.0,0.0,0.0,0.0,0.0,0.0,0.0,0,9,MD,C31H45O8N1,possibly undescribed,none,[M+NH4]+,none
4745,485.2545929,6.5,0.0,0.0,0.0,0.0,0.0,0.0,0.0,0.0,0.0,936074.0632,0.0,0.0,0.0,0.0,0.0,0.0,0.0,0.0,0.0,0.0,0.0,0.0,0.0,0.0,0.0,0.0,0.0,0.0,0.0,0.0,0.0,0.0,0.0,0.0,0.0,0.0,0.0,0.0,0.0,0.0,0.0,0.0,0.0,0.0,0.0,0.0,0.0,0.0,0.0,0.0,0.0,0.0,0.0,0.0,0.0,0.0,0,7,MD,C3H48O25,possibly undescribed,none,[M+H]+,none
4759,544.3275859,3.5,0.0,0.0,0.0,0.0,0.0,985386.6411,0.0,0.0,0.0,5272799.864,0.0,0.0,0.0,0.0,0.0,325777.9951,0.0,0.0,0.0,0.0,0.0,0.0,0.0,0.0,0.0,0.0,0.0,0.0,0.0,0.0,0.0,0.0,0.0,0.0,0.0,0.0,0.0,0.0,0.0,0.0,0.0,0.0,0.0,0.0,0.0,0.0,0.0,0.0,0.0,0.0,0.0,0.0,0.0,0.0,0.0,0.0,0,6,MD,C31H45O7N1,possibly undescribed,none,[M+NH4]+,none
4779,497.2868347,3.6,0.0,0.0,0.0,0.0,0.0,0.0,0.0,0.0,0.0,269399.9355,0.0,0.0,0.0,0.0,0.0,0.0,0.0,0.0,0.0,0.0,0.0,0.0,0.0,0.0,0.0,0.0,0.0,0.0,0.0,0.0,0.0,0.0,0.0,0.0,0.0,0.0,0.0,0.0,0.0,0.0,0.0,0.0,0.0,0.0,257860.8601,0.0,0.0,0.0,0.0,0.0,0.0,0.0,0.0,0.0,0.0,0.0,0,7,MD,C12H48O19,possibly undescribed,none,[M+H]+,none
4784,499.3044205,6.3,0.0,0.0,0.0,0.0,0.0,0.0,0.0,0.0,0.0,5089042.71,0.0,0.0,0.0,0.0,0.0,0.0,0.0,0.0,0.0,0.0,0.0,0.0,0.0,0.0,0.0,0.0,0.0,0.0,0.0,0.0,0.0,0.0,0.0,0.0,0.0,0.0,0.0,0.0,0.0,0.0,0.0,0.0,0.0,0.0,0.0,0.0,0.0,0.0,1640627.322,0.0,0.0,0.0,0.0,0.0,0.0,0.0,0,7,MD,C30H42O6,possibly undescribed,none,[M+H]+,none
4820,530.3108978,8.0,0.0,0.0,0.0,0.0,0.0,0.0,0.0,0.0,0.0,966677.5094,0.0,0.0,0.0,0.0,0.0,0.0,0.0,0.0,0.0,0.0,0.0,0.0,0.0,0.0,0.0,0.0,0.0,0.0,0.0,0.0,0.0,0.0,0.0,0.0,0.0,0.0,0.0,0.0,0.0,0.0,0.0,0.0,0.0,0.0,0.0,0.0,0.0,0.0,1349467.912,0.0,0.0,0.0,0.0,0.0,0.0,0.0,0,6,MD,C30H43O7N1,possibly undescribed,none,[M+NH4]+,none
4824,514.3165283,9.4,0.0,0.0,0.0,0.0,0.0,0.0,0.0,0.0,0.0,746384.9319,0.0,0.0,0.0,0.0,0.0,0.0,0.0,0.0,0.0,0.0,0.0,0.0,0.0,0.0,0.0,0.0,0.0,0.0,0.0,0.0,0.0,0.0,0.0,0.0,0.0,0.0,0.0,0.0,0.0,0.0,0.0,0.0,0.0,0.0,0.0,0.0,0.0,0.0,0.0,0.0,0.0,0.0,0.0,0.0,0.0,0.0,0,6,MD,C30H43O6N1,possibly undescribed,none,[M+NH4]+,none
4848,530.3480021,5.4,0.0,0.0,0.0,0.0,0.0,0.0,0.0,0.0,0.0,2970960.124,0.0,0.0,0.0,0.0,0.0,0.0,0.0,0.0,0.0,0.0,0.0,0.0,0.0,0.0,0.0,0.0,0.0,0.0,0.0,0.0,0.0,0.0,0.0,0.0,0.0,0.0,0.0,0.0,0.0,0.0,0.0,0.0,0.0,0.0,0.0,323498.4506,0.0,0.0,755203.1968,0.0,0.0,0.0,0.0,0.0,0.0,0.0,0,6,MD,C31H47O6N1,possibly undescribed,none,[M+NH4]+,none
4857,528.2966919,3.2,0.0,0.0,0.0,0.0,0.0,0.0,0.0,0.0,0.0,1021204.235,0.0,0.0,0.0,0.0,0.0,0.0,0.0,0.0,0.0,0.0,0.0,0.0,0.0,0.0,0.0,0.0,0.0,0.0,0.0,0.0,0.0,0.0,0.0,0.0,0.0,0.0,0.0,0.0,0.0,0.0,0.0,0.0,0.0,0.0,0.0,0.0,0.0,0.0,0.0,0.0,0.0,0.0,0.0,0.0,0.0,0.0,0,8,MD,C30H41O7N1,possibly undescribed,none,[M+NH4]+,none
5051,996.4378967,9.8,0.0,0.0,0.0,1857867.171,0.0,0.0,0.0,0.0,0.0,0.0,2916313.874,7638239.879,0.0,0.0,0.0,0.0,1065013.629,0.0,0.0,0.0,0.0,0.0,0.0,0.0,0.0,0.0,0.0,0.0,0.0,0.0,0.0,0.0,0.0,0.0,0.0,0.0,0.0,0.0,0.0,0.0,0.0,0.0,0.0,0.0,0.0,0.0,0.0,0.0,0.0,0.0,0.0,0.0,0.0,0.0,0.0,0.0,0,17,MD,C55H65O16N1,possibly undescribed,none,[M+NH4]+,none
5178,996.4384613,9.2,0.0,0.0,0.0,493104.9252,0.0,0.0,0.0,0.0,0.0,0.0,553293.7267,3031413.344,0.0,0.0,0.0,0.0,450172.1264,0.0,0.0,0.0,0.0,0.0,0.0,0.0,0.0,0.0,0.0,0.0,0.0,0.0,0.0,0.0,0.0,0.0,0.0,0.0,0.0,0.0,0.0,0.0,0.0,0.0,0.0,0.0,0.0,0.0,0.0,0.0,0.0,0.0,0.0,0.0,0.0,0.0,0.0,0.0,0,6,MD,C55H65O16N1,possibly undescribed,none,[M+NH4]+,none
5203,1032.437195,11.1,0.0,0.0,0.0,0.0,0.0,0.0,0.0,0.0,0.0,0.0,0.0,4718192.752,0.0,0.0,0.0,0.0,0.0,0.0,0.0,0.0,0.0,0.0,0.0,0.0,0.0,0.0,0.0,0.0,0.0,0.0,0.0,0.0,0.0,0.0,0.0,0.0,0.0,0.0,0.0,0.0,0.0,0.0,0.0,0.0,0.0,0.0,0.0,0.0,0.0,0.0,0.0,0.0,0.0,0.0,0.0,0.0,0,14,MD,C58H65O16N1,possibly undescribed,none,[M+NH4]+,none
5216,912.4162292,10.7,0.0,0.0,0.0,0.0,0.0,0.0,0.0,0.0,0.0,0.0,0.0,2060686.403,0.0,2037022.316,0.0,0.0,0.0,0.0,0.0,0.0,0.0,0.0,0.0,0.0,0.0,0.0,0.0,0.0,0.0,0.0,0.0,0.0,0.0,0.0,0.0,0.0,2483588.881,37000000.0,0.0,0.0,0.0,0.0,0.0,0.0,0.0,0.0,0.0,0.0,0.0,0.0,0.0,0.0,0.0,0.0,0.0,3990404.801,11,23,MD,C51H61O14N1,possibly undescribed,(DA55)std_stelleralide G isomer,[M+NH4]+,"5216, 6039"
5293,775.3684845,10.3,0.0,0.0,0.0,0.0,0.0,0.0,0.0,0.0,0.0,0.0,0.0,440674.467,0.0,0.0,0.0,0.0,0.0,0.0,0.0,0.0,0.0,3710363.829,0.0,0.0,0.0,0.0,0.0,0.0,28200000.0,0.0,0.0,0.0,0.0,0.0,24900000.0,0.0,0.0,0.0,0.0,0.0,0.0,0.0,0.0,0.0,0.0,0.0,0.0,0.0,0.0,0.0,0.0,0.0,0.0,0.0,0.0,0.0,0,17,MD,C44H54O12,possibly known,(DA51)std_gnidimacrin,[M+H]+,none
5366,643.3469772,9.5,0.0,0.0,0.0,0.0,0.0,0.0,0.0,0.0,0.0,0.0,0.0,0.0,0.0,0.0,0.0,1180906.599,0.0,0.0,0.0,0.0,0.0,0.0,0.0,0.0,0.0,0.0,0.0,0.0,0.0,0.0,0.0,0.0,0.0,0.0,3681471.398,0.0,0.0,0.0,0.0,0.0,0.0,0.0,3499750.968,0.0,0.0,0.0,0.0,0.0,0.0,0.0,0.0,0.0,0.0,0.0,0.0,4336169.68,0,15,MD,C36H50O10,possibly undescribed,none,[M+H]+,none
5373,714.3843994,12.5,0.0,0.0,0.0,0.0,0.0,0.0,0.0,0.0,0.0,0.0,0.0,0.0,0.0,0.0,0.0,0.0,0.0,0.0,0.0,0.0,0.0,0.0,0.0,0.0,0.0,0.0,0.0,0.0,0.0,0.0,0.0,0.0,0.0,0.0,0.0,0.0,0.0,0.0,0.0,0.0,0.0,0.0,2912439.462,0.0,0.0,0.0,0.0,0.0,0.0,0.0,0.0,0.0,0.0,0.0,0.0,0.0,0,6,MD,C39H55O11N1,possibly undescribed,none,[M+NH4]+,none
5375,665.3691203,13.8,0.0,0.0,0.0,0.0,0.0,0.0,0.0,0.0,0.0,0.0,0.0,0.0,0.0,0.0,0.0,9509038.912,0.0,0.0,0.0,0.0,0.0,0.0,0.0,0.0,0.0,0.0,0.0,0.0,0.0,0.0,0.0,0.0,0.0,0.0,711857.1603,0.0,0.0,0.0,0.0,0.0,0.0,0.0,3578848.941,0.0,0.0,0.0,0.0,0.0,0.0,0.0,0.0,0.0,0.0,0.0,0.0,0.0,6,11,MD,C39H52O9,possibly undescribed,none,[M+H]+,none
5419,639.3521678,13.9,0.0,0.0,0.0,0.0,0.0,0.0,0.0,0.0,0.0,0.0,0.0,0.0,0.0,0.0,0.0,0.0,0.0,0.0,0.0,0.0,0.0,0.0,0.0,0.0,0.0,0.0,0.0,0.0,0.0,0.0,0.0,0.0,193998.9936,0.0,1028287.948,0.0,325505.7286,2608299.216,0.0,0.0,0.0,0.0,643597.6178,0.0,0.0,0.0,0.0,0.0,0.0,0.0,0.0,0.0,0.0,0.0,0.0,650286.9386,7,10,MD,C37H50O9,possibly undescribed,"(DA38)std_wikstromacrin isomer, (DA39)std_pimela factor P2 isomer",[M+H]+,none
5440,639.3518846,12.3,0.0,0.0,0.0,0.0,0.0,0.0,0.0,0.0,0.0,0.0,0.0,0.0,0.0,0.0,0.0,7953652.412,0.0,0.0,0.0,0.0,0.0,0.0,0.0,0.0,0.0,0.0,0.0,0.0,0.0,0.0,0.0,0.0,1410732.072,0.0,2027787.356,0.0,0.0,6056590.195,0.0,0.0,752471.0498,0.0,495812.4614,0.0,284766.6386,0.0,837604.2802,0.0,0.0,0.0,0.0,0.0,0.0,0.0,0.0,40900000.0,0,8,MD,C37H50O9,possibly known,(DA38)std_wikstromacrin,[M+H]+,none
5608,487.3415909,8.6,0.0,0.0,0.0,0.0,0.0,953928.1523,0.0,0.0,0.0,0.0,0.0,0.0,0.0,0.0,526002.4047,0.0,0.0,0.0,0.0,0.0,0.0,0.0,0.0,0.0,0.0,0.0,0.0,0.0,355828.474,0.0,0.0,0.0,0.0,0.0,0.0,0.0,386627.0262,0.0,0.0,0.0,0.0,0.0,0.0,0.0,0.0,0.0,0.0,0.0,0.0,0.0,0.0,0.0,0.0,0.0,0.0,0.0,0,7,MD,C30H46O5,possibly undescribed,none,[M+H]+,none
6013,621.3414001,13.2,0.0,0.0,0.0,0.0,0.0,0.0,0.0,0.0,0.0,0.0,0.0,0.0,0.0,0.0,0.0,5776624.068,0.0,0.0,0.0,0.0,0.0,0.0,0.0,0.0,1008552.748,0.0,0.0,0.0,0.0,0.0,0.0,0.0,0.0,0.0,3716890.127,0.0,0.0,7565000.676,0.0,0.0,542605.4537,0.0,0.0,0.0,0.0,0.0,0.0,0.0,0.0,0.0,0.0,0.0,0.0,0.0,0.0,6615142.603,9,11,MD,C37H48O8,possibly undescribed,none,[M+H]+,none
6017,672.3738174,7.9,0.0,0.0,0.0,0.0,0.0,0.0,0.0,0.0,0.0,0.0,0.0,0.0,0.0,0.0,0.0,0.0,1206738.14,0.0,0.0,0.0,0.0,0.0,0.0,0.0,793751.1942,0.0,0.0,0.0,0.0,0.0,0.0,0.0,0.0,0.0,0.0,0.0,0.0,6104462.342,0.0,0.0,0.0,0.0,0.0,0.0,0.0,0.0,6846143.288,0.0,0.0,0.0,0.0,0.0,0.0,0.0,0.0,0.0,0,12,MD,C37H53O10N1,possibly undescribed,none,[M+NH4]+,none
6032,926.4308472,10.7,0.0,0.0,0.0,0.0,0.0,0.0,0.0,0.0,0.0,0.0,0.0,0.0,0.0,0.0,0.0,0.0,0.0,0.0,0.0,0.0,0.0,0.0,0.0,0.0,0.0,0.0,0.0,0.0,0.0,0.0,0.0,0.0,0.0,0.0,0.0,0.0,0.0,2763383.952,0.0,0.0,0.0,0.0,0.0,0.0,0.0,0.0,0.0,0.0,0.0,0.0,0.0,0.0,0.0,0.0,0.0,0.0,0,13,MD,C52H63O14N1,possibly undescribed,(DA55)std_stelleralide G isomer,[M+CH3NH2+H]+,"6032, 6039"
6034,657.3622567,13.5,0.0,0.0,0.0,0.0,0.0,0.0,0.0,0.0,0.0,0.0,0.0,0.0,0.0,0.0,0.0,8017853.828,0.0,0.0,0.0,0.0,0.0,0.0,0.0,0.0,0.0,0.0,0.0,0.0,0.0,0.0,0.0,0.0,0.0,0.0,654688.8241,0.0,1744316.721,6904132.85,0.0,0.0,0.0,0.0,0.0,372052.8567,448651.6255,0.0,0.0,0.0,0.0,0.0,0.0,0.0,0.0,0.0,0.0,32300000.0,6,18,MD,C37H52O10,possibly undescribed,none,[M+H]+,none
6035,653.3311768,9.5,0.0,0.0,0.0,0.0,0.0,0.0,0.0,0.0,0.0,0.0,0.0,0.0,0.0,0.0,0.0,0.0,0.0,0.0,0.0,0.0,0.0,0.0,0.0,0.0,727300.8102,0.0,0.0,0.0,0.0,0.0,0.0,0.0,0.0,0.0,0.0,0.0,0.0,4020130.677,0.0,0.0,0.0,0.0,0.0,0.0,0.0,0.0,531654.8047,0.0,0.0,0.0,0.0,0.0,0.0,0.0,0.0,0.0,10,11,MD,C37H48O10,possibly undescribed,(DA41)std_wikstroelide F isomer,[M+H]+,none
6039,895.388916,10.7,0.0,0.0,0.0,0.0,0.0,0.0,0.0,0.0,0.0,0.0,0.0,0.0,0.0,0.0,0.0,0.0,0.0,0.0,0.0,0.0,0.0,0.0,0.0,0.0,0.0,0.0,0.0,0.0,0.0,0.0,0.0,0.0,0.0,0.0,0.0,0.0,0.0,2649179.447,0.0,0.0,0.0,0.0,0.0,0.0,0.0,0.0,0.0,0.0,0.0,0.0,0.0,0.0,0.0,0.0,0.0,0.0,0,6,MD,C51H58O14,possibly undescribed,(DA55)std_stelleralide G isomer,[M+H]+,"5216, 6032, 6039"
6067,686.3555298,5.0,0.0,0.0,0.0,0.0,0.0,0.0,0.0,0.0,0.0,0.0,0.0,0.0,0.0,0.0,0.0,0.0,0.0,0.0,0.0,0.0,0.0,0.0,0.0,0.0,0.0,0.0,0.0,0.0,0.0,0.0,0.0,0.0,0.0,0.0,0.0,0.0,0.0,1972824.442,0.0,0.0,0.0,0.0,0.0,0.0,0.0,0.0,0.0,0.0,0.0,0.0,0.0,0.0,0.0,0.0,0.0,0.0,0,9,MD,C12H63O29N1,possibly undescribed,(DA45)std_daphnepedunin D isomer,[M+NH4]+,none
6073,790.3787842,9.2,0.0,0.0,0.0,0.0,0.0,0.0,0.0,0.0,0.0,0.0,0.0,0.0,0.0,0.0,0.0,0.0,0.0,0.0,0.0,0.0,0.0,0.0,0.0,0.0,0.0,0.0,0.0,0.0,0.0,0.0,0.0,0.0,0.0,0.0,0.0,0.0,0.0,1840630.299,0.0,0.0,0.0,0.0,0.0,0.0,0.0,0.0,0.0,0.0,0.0,0.0,0.0,0.0,0.0,0.0,0.0,0.0,0,6,MD,C44H55O12N1,possibly undescribed,none,[M+NH4]+,none
6074,688.3721924,5.2,0.0,0.0,0.0,0.0,0.0,0.0,0.0,0.0,0.0,0.0,0.0,0.0,0.0,0.0,0.0,0.0,0.0,0.0,0.0,0.0,0.0,0.0,0.0,0.0,0.0,0.0,0.0,0.0,0.0,0.0,0.0,0.0,0.0,0.0,0.0,0.0,0.0,1384450.502,0.0,0.0,0.0,0.0,0.0,0.0,0.0,0.0,0.0,0.0,0.0,0.0,0.0,0.0,0.0,0.0,0.0,0.0,0,6,MD,C12H65O29N1,possibly undescribed,none,[M+NH4]+,none
6075,657.3624451,13.2,0.0,0.0,0.0,0.0,0.0,0.0,0.0,0.0,0.0,0.0,0.0,0.0,0.0,0.0,0.0,10200000.0,0.0,0.0,0.0,0.0,0.0,0.0,0.0,0.0,0.0,0.0,0.0,0.0,0.0,0.0,0.0,0.0,0.0,0.0,1116997.217,0.0,414458.8623,3024130.637,0.0,0.0,0.0,0.0,0.0,0.0,926929.3481,0.0,0.0,0.0,0.0,0.0,0.0,0.0,0.0,0.0,0.0,0.0,0,9,MD,C37H52O10,possibly undescribed,none,[M+H]+,none
6077,970.4211426,9.1,0.0,0.0,0.0,0.0,0.0,0.0,0.0,0.0,0.0,0.0,0.0,0.0,0.0,0.0,0.0,0.0,0.0,0.0,0.0,0.0,0.0,0.0,0.0,0.0,0.0,2420615.3,0.0,0.0,0.0,0.0,0.0,0.0,0.0,0.0,0.0,0.0,0.0,1281671.182,0.0,0.0,0.0,0.0,0.0,0.0,0.0,1065402.76,0.0,0.0,0.0,0.0,0.0,0.0,0.0,0.0,0.0,0.0,0,7,MD,C53H63O16N1,possibly known,(DA56)std_daphneodorin A,[M+NH4]+,none
6078,912.4157104,10.3,0.0,0.0,0.0,0.0,0.0,0.0,0.0,0.0,0.0,0.0,0.0,0.0,0.0,0.0,0.0,0.0,0.0,0.0,0.0,0.0,0.0,0.0,0.0,0.0,0.0,0.0,0.0,0.0,0.0,0.0,0.0,0.0,0.0,0.0,0.0,0.0,290973.9482,1414217.393,0.0,0.0,0.0,0.0,0.0,0.0,0.0,0.0,0.0,0.0,0.0,0.0,0.0,0.0,0.0,0.0,0.0,0.0,0,9,MD,C51H61O14N1,possibly known,(DA55)std_stelleralide G,[M+NH4]+,none
6087,603.351944,12.6,0.0,0.0,0.0,0.0,0.0,0.0,0.0,0.0,0.0,0.0,0.0,0.0,0.0,0.0,0.0,0.0,0.0,0.0,0.0,0.0,0.0,0.0,0.0,0.0,0.0,0.0,0.0,0.0,0.0,0.0,0.0,0.0,0.0,0.0,0.0,0.0,0.0,3389882.691,0.0,0.0,0.0,0.0,0.0,0.0,0.0,0.0,0.0,0.0,1090451.85,12200000.0,0.0,0.0,0.0,0.0,16000000.0,0.0,11,14,MD,C34H50O9,possibly undescribed,none,[M+H]+,none
6091,791.3664551,5.8,0.0,0.0,0.0,0.0,0.0,0.0,0.0,0.0,0.0,0.0,0.0,0.0,0.0,0.0,0.0,0.0,0.0,0.0,0.0,0.0,0.0,0.0,0.0,0.0,0.0,0.0,0.0,0.0,0.0,0.0,0.0,0.0,0.0,0.0,0.0,0.0,0.0,1200749.047,0.0,0.0,0.0,0.0,0.0,0.0,0.0,0.0,0.0,0.0,0.0,0.0,0.0,0.0,0.0,0.0,0.0,0.0,0,11,MD,C44H54O13,possibly undescribed,none,[M+H]+,none
6093,671.34375,4.6,0.0,0.0,0.0,0.0,0.0,0.0,0.0,0.0,0.0,0.0,0.0,0.0,0.0,0.0,0.0,0.0,0.0,0.0,0.0,0.0,0.0,0.0,0.0,0.0,629022.7048,0.0,0.0,0.0,0.0,0.0,0.0,0.0,0.0,0.0,0.0,0.0,0.0,1234918.666,0.0,0.0,0.0,0.0,0.0,0.0,0.0,0.0,0.0,0.0,0.0,0.0,0.0,0.0,0.0,0.0,0.0,0.0,0,6,MD,C37H50O11,possibly undescribed,none,[M+H]+,none
6095,619.3475545,7.3,0.0,0.0,0.0,0.0,0.0,0.0,0.0,0.0,0.0,0.0,0.0,0.0,0.0,0.0,0.0,0.0,0.0,0.0,0.0,0.0,0.0,0.0,0.0,0.0,0.0,0.0,0.0,0.0,0.0,0.0,0.0,0.0,0.0,0.0,0.0,0.0,0.0,1182294.496,0.0,0.0,0.0,0.0,0.0,0.0,0.0,0.0,0.0,0.0,419093.1572,49400000.0,3528589.429,0.0,0.0,0.0,1609451.201,361456.2318,0,7,MD,C34H50O10,possibly undescribed,none,[M+H]+,none
6105,603.3524611,8.1,0.0,0.0,0.0,0.0,0.0,0.0,0.0,0.0,0.0,0.0,0.0,0.0,0.0,0.0,0.0,0.0,0.0,0.0,0.0,0.0,0.0,0.0,0.0,0.0,0.0,0.0,0.0,0.0,261626.8101,818194.0547,0.0,0.0,0.0,0.0,0.0,0.0,422907.6383,1512758.966,0.0,0.0,0.0,0.0,0.0,0.0,0.0,0.0,0.0,0.0,2805913.76,12800000.0,317000000.0,0.0,0.0,0.0,5165725.581,6287041.631,0,7,MD,C34H50O9,possibly undescribed,none,[M+H]+,none
6120,655.34788,9.8,0.0,0.0,0.0,0.0,0.0,0.0,0.0,0.0,0.0,0.0,0.0,0.0,0.0,0.0,0.0,1241177.38,213488.428,0.0,0.0,0.0,0.0,0.0,0.0,0.0,0.0,0.0,0.0,0.0,26200000.0,7938720.411,0.0,0.0,0.0,0.0,0.0,0.0,0.0,858984.6076,0.0,0.0,0.0,0.0,0.0,0.0,0.0,0.0,4600384.007,0.0,0.0,0.0,0.0,0.0,0.0,0.0,0.0,0.0,0,14,MD,C37H50O10,possibly undescribed,none,[M+H]+,none
6164,617.3311218,7.8,0.0,0.0,0.0,0.0,0.0,0.0,0.0,0.0,0.0,0.0,0.0,0.0,0.0,0.0,0.0,0.0,0.0,0.0,0.0,0.0,0.0,0.0,0.0,0.0,0.0,0.0,0.0,0.0,0.0,0.0,0.0,0.0,0.0,0.0,0.0,0.0,178294.0392,543505.6283,0.0,0.0,0.0,0.0,0.0,0.0,0.0,0.0,0.0,0.0,0.0,7496447.934,1232553.13,0.0,0.0,0.0,1017581.878,0.0,0,9,MD,C34H48O10,possibly undescribed,none,[M+H]+,none
6182,1028.426929,8.4,0.0,0.0,0.0,0.0,0.0,0.0,0.0,0.0,0.0,0.0,0.0,0.0,0.0,0.0,0.0,0.0,0.0,0.0,5248358.269,4138890.136,0.0,0.0,0.0,0.0,0.0,2085594.519,0.0,0.0,0.0,0.0,0.0,0.0,0.0,0.0,0.0,0.0,191517.1646,297737.7965,0.0,0.0,0.0,0.0,0.0,0.0,0.0,0.0,0.0,0.0,0.0,0.0,0.0,0.0,0.0,0.0,0.0,0.0,0,12,MD,C55H65O18N1,possibly known,(DA57)std_daphneodorin B,[M+NH4]+,none
6277,469.3308411,9.3,0.0,0.0,0.0,0.0,0.0,0.0,0.0,0.0,0.0,0.0,0.0,0.0,0.0,0.0,209883.0899,0.0,0.0,0.0,0.0,577746.2077,0.0,0.0,1289818.466,0.0,0.0,0.0,0.0,0.0,0.0,0.0,0.0,0.0,0.0,0.0,0.0,0.0,2055146.132,0.0,0.0,0.0,0.0,6188154.663,0.0,0.0,0.0,0.0,362074.0849,0.0,0.0,0.0,0.0,0.0,1070667.18,0.0,0.0,0.0,0,8,MD,C30H44O4,possibly undescribed,none,[M+H]+,none
6285,451.3206482,9.7,0.0,0.0,0.0,0.0,0.0,0.0,0.0,0.0,0.0,0.0,0.0,0.0,0.0,0.0,0.0,0.0,0.0,0.0,0.0,980491.8893,0.0,0.0,177096.1677,0.0,0.0,0.0,0.0,0.0,0.0,0.0,0.0,0.0,0.0,0.0,0.0,0.0,0.0,0.0,0.0,0.0,0.0,3389528.381,0.0,0.0,0.0,0.0,0.0,0.0,0.0,0.0,0.0,0.0,0.0,0.0,0.0,0.0,0,8,MD,C30H42O3,possibly undescribed,none,[M+H]+,none
6286,504.3682251,9.7,0.0,0.0,0.0,0.0,0.0,0.0,0.0,0.0,0.0,0.0,0.0,0.0,0.0,0.0,0.0,0.0,0.0,0.0,0.0,0.0,0.0,0.0,0.0,0.0,0.0,0.0,0.0,0.0,0.0,0.0,0.0,0.0,0.0,0.0,0.0,0.0,299042.2366,0.0,0.0,0.0,0.0,2406750.563,0.0,0.0,0.0,0.0,0.0,0.0,0.0,0.0,0.0,0.0,0.0,0.0,0.0,0.0,0,7,MD,C30H49O5N1,possibly undescribed,none,[M+NH4]+,none
6370,479.2788391,7.3,0.0,0.0,0.0,0.0,0.0,0.0,0.0,0.0,0.0,0.0,0.0,0.0,0.0,0.0,0.0,0.0,0.0,0.0,0.0,0.0,1445767.97,0.0,0.0,0.0,143564.0688,0.0,0.0,0.0,0.0,0.0,0.0,0.0,0.0,0.0,0.0,0.0,0.0,0.0,0.0,0.0,0.0,232392.4359,0.0,0.0,0.0,0.0,0.0,0.0,0.0,0.0,0.0,0.0,0.0,0.0,0.0,0.0,0,6,MD,C30H38O5,possibly undescribed,none,[M+H]+,none
6377,479.279026,10.5,0.0,0.0,0.0,0.0,0.0,0.0,0.0,0.0,0.0,0.0,0.0,0.0,0.0,0.0,0.0,0.0,0.0,0.0,0.0,0.0,2944775.678,0.0,0.0,0.0,0.0,0.0,0.0,0.0,0.0,0.0,0.0,0.0,0.0,0.0,0.0,0.0,0.0,0.0,0.0,0.0,1536815.882,173278.5786,0.0,0.0,0.0,0.0,0.0,0.0,439937.2936,0.0,0.0,0.0,0.0,0.0,0.0,0.0,0,6,MD,C30H38O5,possibly undescribed,none,[M+H]+,none
6746,670.3942362,12.4,0.0,0.0,0.0,0.0,0.0,0.0,0.0,0.0,0.0,0.0,0.0,0.0,0.0,0.0,0.0,6171951.932,0.0,0.0,0.0,0.0,0.0,0.0,0.0,0.0,0.0,0.0,0.0,0.0,0.0,0.0,0.0,0.0,0.0,0.0,222321.3794,0.0,0.0,0.0,0.0,0.0,0.0,0.0,0.0,0.0,0.0,0.0,0.0,0.0,0.0,0.0,0.0,0.0,0.0,0.0,0.0,6938178.981,0,7,MD,C38H55O9N1,possibly known,(DA38)std_wikstromacrin,[M+NH4]+,none
7196,930.4845581,9.2,0.0,0.0,0.0,0.0,0.0,0.0,0.0,0.0,0.0,0.0,0.0,0.0,0.0,0.0,0.0,0.0,0.0,0.0,0.0,0.0,0.0,0.0,0.0,0.0,0.0,0.0,0.0,972769.4407,6012061.193,23100000.0,0.0,0.0,0.0,0.0,0.0,0.0,0.0,0.0,0.0,0.0,0.0,0.0,0.0,0.0,0.0,0.0,0.0,0.0,0.0,0.0,0.0,0.0,0.0,0.0,0.0,0.0,0,19,MD,C49H71O16N1,possibly undescribed,none,[M+NH4]+,"7196, 9681"
7209,636.373291,7.5,0.0,0.0,0.0,0.0,0.0,0.0,0.0,0.0,0.0,0.0,0.0,0.0,0.0,0.0,0.0,0.0,0.0,0.0,0.0,0.0,0.0,0.0,0.0,0.0,0.0,0.0,0.0,213695.4296,0.0,0.0,0.0,0.0,0.0,0.0,0.0,0.0,0.0,0.0,0.0,0.0,0.0,0.0,0.0,0.0,0.0,0.0,0.0,0.0,0.0,3048833.154,0.0,0.0,0.0,0.0,0.0,0.0,0,6,MD,C34H53O10N1,possibly undescribed,none,[M+NH4]+,none
8150,828.5613098,14.8,0.0,0.0,0.0,0.0,0.0,0.0,0.0,0.0,0.0,0.0,0.0,0.0,0.0,0.0,0.0,0.0,0.0,0.0,0.0,0.0,0.0,0.0,0.0,0.0,0.0,0.0,0.0,0.0,0.0,5336531.181,0.0,0.0,0.0,0.0,0.0,0.0,0.0,0.0,0.0,0.0,0.0,0.0,0.0,0.0,0.0,0.0,0.0,0.0,0.0,0.0,0.0,0.0,0.0,0.0,0.0,10500000.0,0,6,MD,C48H77O10N1,possibly undescribed,none,[M+NH4]+,none
8156,793.3790283,9.0,0.0,0.0,0.0,0.0,0.0,0.0,0.0,0.0,0.0,0.0,0.0,0.0,0.0,0.0,0.0,3318578.457,0.0,0.0,0.0,0.0,0.0,0.0,0.0,0.0,0.0,0.0,0.0,0.0,0.0,0.0,0.0,0.0,0.0,0.0,0.0,0.0,0.0,0.0,0.0,0.0,0.0,0.0,0.0,0.0,0.0,0.0,0.0,0.0,0.0,0.0,0.0,0.0,0.0,0.0,0.0,3122967.03,0,13,MD,C44H56O13,possibly undescribed,none,[M+H]+,none
8196,793.3792877,10.1,0.0,0.0,0.0,0.0,0.0,0.0,0.0,0.0,0.0,0.0,0.0,0.0,0.0,0.0,0.0,655109.6446,0.0,0.0,0.0,0.0,0.0,0.0,0.0,0.0,0.0,0.0,0.0,0.0,0.0,0.0,0.0,0.0,0.0,0.0,0.0,0.0,0.0,0.0,0.0,0.0,0.0,0.0,0.0,0.0,0.0,0.0,0.0,0.0,0.0,0.0,0.0,0.0,0.0,0.0,0.0,414335.537,0,14,MD,C44H56O13,possibly undescribed,none,[M+H]+,none
8206,661.3571472,12.2,0.0,0.0,0.0,0.0,0.0,0.0,0.0,0.0,0.0,0.0,0.0,0.0,0.0,0.0,0.0,0.0,0.0,0.0,0.0,0.0,0.0,0.0,0.0,0.0,0.0,0.0,0.0,0.0,0.0,0.0,0.0,0.0,0.0,0.0,0.0,0.0,0.0,0.0,0.0,0.0,0.0,0.0,0.0,0.0,0.0,0.0,0.0,0.0,917044.0186,0.0,501790.571,220849.2749,0.0,0.0,4607978.134,974551.381,6,15,MD,C36H52O11,possibly undescribed,none,[M+H]+,none
8651,745.3765666,11.6,0.0,0.0,0.0,0.0,0.0,0.0,0.0,0.0,0.0,0.0,0.0,0.0,0.0,0.0,0.0,0.0,0.0,0.0,0.0,0.0,0.0,0.0,0.0,0.0,0.0,0.0,0.0,0.0,0.0,0.0,0.0,0.0,0.0,0.0,0.0,0.0,0.0,0.0,0.0,0.0,0.0,0.0,0.0,0.0,0.0,0.0,0.0,0.0,0.0,0.0,6046904.933,7615518.871,0.0,26300000.0,0.0,0.0,12,21,MD,C22H64O26,possibly known,(DA48)std_edgeworthianin B,[M+H]+,"8651, 8679"
8663,762.4046936,11.6,0.0,0.0,0.0,0.0,0.0,0.0,0.0,0.0,0.0,0.0,0.0,0.0,0.0,0.0,0.0,0.0,0.0,0.0,0.0,0.0,0.0,0.0,0.0,0.0,0.0,0.0,0.0,0.0,0.0,0.0,0.0,0.0,0.0,0.0,0.0,0.0,0.0,0.0,0.0,0.0,0.0,0.0,0.0,0.0,0.0,0.0,0.0,0.0,0.0,0.0,0.0,3753643.758,0.0,13300000.0,0.0,0.0,8,12,MD,C40H59O13N1,possibly known,(DA48)std_edgeworthianin B,[M+NH4]+,none
8669,676.3681946,10.8,0.0,0.0,0.0,0.0,0.0,0.0,0.0,0.0,0.0,0.0,0.0,0.0,0.0,0.0,0.0,0.0,0.0,0.0,0.0,0.0,0.0,0.0,0.0,0.0,0.0,0.0,0.0,0.0,0.0,0.0,0.0,0.0,0.0,0.0,0.0,0.0,0.0,0.0,0.0,0.0,0.0,0.0,0.0,0.0,0.0,0.0,0.0,0.0,1459189.854,0.0,4677505.029,2220724.472,0.0,4761289.81,0.0,0.0,0,12,MD,C36H53O11N1,possibly known,(DA42)std_edgeworthianin A,[M+NH4]+,none
8675,645.3624695,10.8,0.0,0.0,0.0,0.0,0.0,0.0,0.0,0.0,0.0,0.0,0.0,0.0,0.0,0.0,0.0,0.0,0.0,0.0,0.0,0.0,0.0,0.0,0.0,0.0,0.0,0.0,0.0,0.0,0.0,0.0,0.0,0.0,0.0,0.0,0.0,0.0,0.0,0.0,0.0,0.0,0.0,0.0,0.0,0.0,0.0,0.0,0.0,0.0,4959433.201,0.0,89400000.0,1811230.624,0.0,974502.9401,696942.0674,0.0,0,11,MD,C36H52O10,possibly known,(DA40)std_edgeworthianin D,[M+H]+,none
8679,776.4191284,11.6,0.0,0.0,0.0,0.0,0.0,0.0,0.0,0.0,0.0,0.0,0.0,0.0,0.0,0.0,0.0,0.0,0.0,0.0,0.0,0.0,0.0,0.0,0.0,0.0,0.0,0.0,0.0,0.0,0.0,0.0,0.0,0.0,0.0,0.0,0.0,0.0,0.0,0.0,0.0,0.0,0.0,0.0,0.0,0.0,0.0,0.0,0.0,0.0,0.0,0.0,4079832.332,1282113.027,0.0,8038506.594,0.0,0.0,0,12,MD,C23H69O26N1,possibly known,(DA48)std_edgeworthianin B,[M+CH3NH2+H]+,"8651, 8679"
8686,690.3835856,10.8,0.0,0.0,0.0,0.0,0.0,0.0,0.0,0.0,0.0,0.0,0.0,0.0,0.0,0.0,0.0,0.0,0.0,0.0,0.0,0.0,0.0,0.0,0.0,0.0,0.0,0.0,0.0,0.0,0.0,0.0,0.0,0.0,0.0,0.0,0.0,0.0,0.0,0.0,0.0,0.0,0.0,0.0,0.0,0.0,0.0,0.0,0.0,0.0,0.0,0.0,15000000.0,1082150.59,0.0,3185434.25,0.0,0.0,0,9,MD,C37H55O11N1,possibly known,(DA42)std_edgeworthianin A,[M+NH4]+,none
8705,677.3528341,8.1,0.0,0.0,0.0,0.0,0.0,0.0,0.0,0.0,0.0,0.0,0.0,0.0,0.0,0.0,0.0,0.0,0.0,0.0,0.0,0.0,0.0,0.0,0.0,0.0,0.0,0.0,0.0,0.0,0.0,0.0,0.0,0.0,0.0,0.0,0.0,0.0,0.0,0.0,0.0,0.0,0.0,0.0,0.0,0.0,0.0,0.0,0.0,0.0,0.0,0.0,2922780.414,692093.1546,0.0,598388.3426,0.0,0.0,6,7,MD,C36H52O12,possibly undescribed,none,[M+H]+,none
8712,764.4223226,8.2,0.0,0.0,0.0,0.0,0.0,0.0,0.0,0.0,0.0,0.0,0.0,0.0,0.0,0.0,0.0,0.0,0.0,0.0,0.0,0.0,0.0,0.0,0.0,0.0,0.0,0.0,0.0,0.0,0.0,0.0,0.0,0.0,0.0,0.0,0.0,0.0,0.0,0.0,0.0,0.0,0.0,0.0,0.0,0.0,0.0,0.0,0.0,0.0,0.0,0.0,14000000.0,400839.5257,0.0,1852124.017,0.0,0.0,0,13,MD,C40H61O13N1,possibly undescribed,none,[M+NH4]+,"10776, 8712"
9286,527.2999268,4.9,0.0,0.0,0.0,0.0,0.0,0.0,0.0,0.0,0.0,0.0,0.0,0.0,0.0,0.0,0.0,0.0,0.0,0.0,0.0,0.0,0.0,0.0,0.0,0.0,0.0,0.0,0.0,0.0,0.0,0.0,0.0,0.0,0.0,0.0,0.0,0.0,0.0,0.0,0.0,0.0,0.0,0.0,0.0,0.0,0.0,0.0,0.0,0.0,3587681.239,0.0,0.0,0.0,0.0,0.0,0.0,0.0,0,11,MD,C31H42O7,possibly undescribed,none,[M+H]+,none
9296,527.300354,4.3,0.0,0.0,0.0,0.0,0.0,0.0,0.0,0.0,0.0,0.0,0.0,0.0,0.0,0.0,0.0,0.0,0.0,0.0,0.0,0.0,0.0,0.0,0.0,0.0,0.0,0.0,0.0,0.0,0.0,0.0,0.0,0.0,0.0,0.0,0.0,0.0,0.0,0.0,0.0,0.0,0.0,0.0,0.0,0.0,0.0,0.0,0.0,0.0,2154142.495,0.0,0.0,0.0,0.0,0.0,0.0,0.0,6,11,MD,C31H42O7,possibly undescribed,none,[M+H]+,none
9302,619.3475189,8.9,0.0,0.0,0.0,0.0,0.0,0.0,0.0,0.0,0.0,0.0,0.0,0.0,0.0,0.0,0.0,0.0,0.0,0.0,0.0,0.0,0.0,0.0,0.0,0.0,0.0,0.0,0.0,0.0,368007.1334,0.0,0.0,0.0,0.0,0.0,0.0,0.0,0.0,0.0,0.0,0.0,0.0,0.0,0.0,0.0,0.0,0.0,0.0,0.0,1149670.338,0.0,16000000.0,0.0,0.0,0.0,4058680.441,0.0,0,7,MD,C34H50O10,possibly undescribed,none,[M+H]+,none
9304,498.3215383,5.8,0.0,0.0,0.0,0.0,0.0,0.0,0.0,0.0,0.0,0.0,0.0,0.0,0.0,0.0,0.0,690354.2979,0.0,0.0,0.0,0.0,0.0,0.0,0.0,0.0,0.0,0.0,0.0,0.0,0.0,0.0,0.0,0.0,0.0,0.0,0.0,0.0,0.0,0.0,0.0,0.0,0.0,0.0,0.0,0.0,355790.6222,0.0,0.0,0.0,1165821.616,0.0,0.0,0.0,0.0,0.0,0.0,0.0,0,7,MD,C30H43O5N1,possibly undescribed,none,[M+NH4]+,none
9316,561.1387939,3.8,0.0,0.0,0.0,0.0,0.0,0.0,0.0,0.0,0.0,0.0,0.0,0.0,0.0,0.0,0.0,0.0,0.0,0.0,0.0,0.0,0.0,0.0,0.0,0.0,0.0,0.0,0.0,0.0,0.0,0.0,0.0,0.0,0.0,0.0,0.0,0.0,0.0,0.0,0.0,0.0,0.0,0.0,0.0,0.0,0.0,0.0,0.0,0.0,604848.6426,0.0,0.0,0.0,0.0,0.0,0.0,0.0,0,6,MD,C30H24O11,possibly undescribed,none,[M+H]+,none
9327,589.3730672,13.2,0.0,0.0,0.0,0.0,0.0,0.0,0.0,0.0,0.0,0.0,0.0,0.0,0.0,0.0,0.0,0.0,0.0,0.0,0.0,0.0,0.0,0.0,0.0,0.0,0.0,0.0,0.0,0.0,0.0,0.0,0.0,0.0,0.0,0.0,0.0,0.0,0.0,0.0,0.0,0.0,0.0,0.0,0.0,0.0,0.0,0.0,0.0,0.0,1065268.429,5709066.75,0.0,0.0,0.0,0.0,16100000.0,0.0,6,15,MD,C34H52O8,possibly undescribed,none,[M+H]+,none
9348,530.3476868,4.1,0.0,0.0,0.0,0.0,0.0,0.0,0.0,0.0,0.0,0.0,0.0,0.0,0.0,0.0,0.0,1431518.483,0.0,0.0,0.0,0.0,0.0,0.0,0.0,0.0,0.0,0.0,0.0,0.0,0.0,0.0,0.0,0.0,0.0,0.0,0.0,0.0,0.0,0.0,0.0,0.0,0.0,0.0,0.0,0.0,0.0,0.0,0.0,0.0,1374574.01,0.0,0.0,0.0,0.0,0.0,0.0,0.0,0,7,MD,C31H47O6N1,possibly undescribed,none,[M+NH4]+,none
9367,661.3575516,7.8,0.0,0.0,0.0,0.0,0.0,0.0,0.0,0.0,0.0,0.0,0.0,0.0,0.0,0.0,0.0,0.0,0.0,0.0,0.0,0.0,0.0,0.0,0.0,0.0,0.0,0.0,0.0,0.0,0.0,0.0,0.0,0.0,0.0,0.0,0.0,0.0,0.0,0.0,0.0,0.0,0.0,0.0,0.0,0.0,0.0,0.0,0.0,0.0,151134.6458,0.0,58300000.0,0.0,0.0,950678.6841,201937.0724,0.0,12,19,MD,C36H52O11,possibly undescribed,none,[M+H]+,"10793, 10801, 9367"
9374,497.3256836,10.2,0.0,0.0,0.0,0.0,0.0,0.0,0.0,0.0,0.0,0.0,0.0,0.0,0.0,0.0,0.0,0.0,0.0,0.0,0.0,0.0,0.0,0.0,0.0,0.0,0.0,0.0,0.0,0.0,0.0,0.0,0.0,0.0,0.0,0.0,0.0,0.0,0.0,0.0,0.0,0.0,0.0,0.0,0.0,0.0,0.0,0.0,0.0,0.0,318614.3558,0.0,0.0,0.0,0.0,0.0,0.0,0.0,0,8,MD,C31H44O5,possibly undescribed,none,[M+H]+,none
9378,530.3475037,4.2,0.0,0.0,0.0,0.0,0.0,0.0,0.0,0.0,0.0,0.0,0.0,0.0,0.0,0.0,0.0,911772.8712,0.0,0.0,0.0,0.0,0.0,0.0,0.0,0.0,0.0,0.0,0.0,0.0,0.0,0.0,0.0,0.0,0.0,0.0,0.0,0.0,0.0,0.0,0.0,0.0,0.0,0.0,0.0,0.0,0.0,0.0,0.0,0.0,280646.6902,0.0,0.0,0.0,0.0,0.0,0.0,0.0,0,9,MD,C31H47O6N1,possibly undescribed,none,[M+NH4]+,none
9649,622.3220673,8.6,0.0,0.0,0.0,0.0,0.0,0.0,0.0,0.0,0.0,0.0,0.0,0.0,0.0,0.0,0.0,0.0,0.0,0.0,0.0,0.0,0.0,0.0,0.0,0.0,0.0,0.0,0.0,0.0,20400000.0,27400000.0,0.0,0.0,0.0,0.0,0.0,0.0,0.0,0.0,0.0,0.0,0.0,0.0,0.0,0.0,0.0,0.0,0.0,0.0,0.0,0.0,0.0,0.0,0.0,0.0,0.0,0.0,0,18,MD,C32H47O11N1,possibly undescribed,none,[M+NH4]+,"9649, 9650"
9650,605.2956543,8.6,0.0,0.0,0.0,0.0,0.0,0.0,0.0,0.0,0.0,0.0,0.0,0.0,0.0,0.0,0.0,0.0,0.0,0.0,0.0,0.0,0.0,0.0,0.0,0.0,0.0,0.0,0.0,0.0,18600000.0,23800000.0,0.0,0.0,0.0,0.0,0.0,0.0,0.0,0.0,0.0,0.0,0.0,0.0,0.0,0.0,0.0,0.0,0.0,0.0,0.0,0.0,0.0,0.0,0.0,0.0,0.0,0.0,8,22,MD,C32H44O11,possibly undescribed,none,[M+H]+,"9649, 9650"
9652,622.3220215,8.3,0.0,0.0,0.0,0.0,0.0,0.0,0.0,0.0,0.0,0.0,0.0,0.0,0.0,0.0,0.0,0.0,0.0,0.0,0.0,0.0,0.0,0.0,0.0,0.0,0.0,0.0,0.0,0.0,11900000.0,15100000.0,0.0,0.0,0.0,0.0,0.0,0.0,0.0,0.0,0.0,0.0,0.0,0.0,0.0,0.0,0.0,0.0,0.0,0.0,0.0,0.0,0.0,0.0,0.0,0.0,0.0,0.0,0,24,MD,C32H47O11N1,possibly undescribed,none,[M+NH4]+,"9652, 9662"
9662,605.2956848,8.3,0.0,0.0,0.0,0.0,0.0,0.0,0.0,0.0,0.0,0.0,0.0,0.0,0.0,0.0,0.0,0.0,0.0,0.0,0.0,0.0,0.0,0.0,0.0,0.0,0.0,0.0,0.0,0.0,5601296.017,7329411.608,0.0,0.0,0.0,0.0,0.0,0.0,0.0,0.0,0.0,0.0,0.0,0.0,0.0,0.0,0.0,0.0,0.0,0.0,0.0,0.0,0.0,0.0,0.0,0.0,0.0,0.0,0,19,MD,C32H44O11,possibly undescribed,none,[M+H]+,"9652, 9662"
9666,636.3374939,8.7,0.0,0.0,0.0,0.0,0.0,0.0,0.0,0.0,0.0,0.0,0.0,0.0,0.0,0.0,0.0,0.0,0.0,0.0,0.0,0.0,0.0,0.0,0.0,0.0,0.0,0.0,0.0,0.0,5961324.678,9383919.091,0.0,0.0,0.0,0.0,0.0,0.0,0.0,0.0,0.0,0.0,0.0,0.0,0.0,0.0,0.0,0.0,0.0,0.0,0.0,0.0,0.0,0.0,0.0,0.0,0.0,0.0,0,12,MD,C33H49O11N1,possibly undescribed,none,[M+NH4]+,none
9669,956.50177,10.0,0.0,0.0,0.0,0.0,0.0,0.0,0.0,0.0,0.0,0.0,0.0,0.0,0.0,0.0,0.0,0.0,0.0,0.0,0.0,0.0,0.0,0.0,0.0,0.0,0.0,0.0,0.0,0.0,3592033.991,6800417.427,0.0,0.0,0.0,0.0,0.0,0.0,0.0,0.0,0.0,0.0,0.0,0.0,0.0,0.0,0.0,0.0,0.0,0.0,0.0,0.0,0.0,0.0,0.0,0.0,0.0,0.0,0,12,MD,C51H73O16N1,possibly undescribed,none,[M+NH4]+,none
9672,607.311554,6.2,0.0,0.0,0.0,0.0,0.0,0.0,0.0,0.0,0.0,0.0,0.0,0.0,0.0,0.0,0.0,0.0,0.0,0.0,0.0,0.0,0.0,0.0,0.0,0.0,0.0,0.0,0.0,0.0,1237539.984,4909550.25,0.0,0.0,0.0,0.0,0.0,0.0,0.0,0.0,0.0,0.0,0.0,0.0,0.0,0.0,0.0,0.0,0.0,0.0,0.0,0.0,0.0,0.0,0.0,0.0,0.0,0.0,0,9,MD,C32H46O11,possibly undescribed,none,[M+H]+,none
9681,913.4578857,9.2,0.0,0.0,0.0,0.0,0.0,0.0,0.0,0.0,0.0,0.0,0.0,0.0,0.0,0.0,0.0,0.0,0.0,0.0,0.0,0.0,0.0,0.0,0.0,0.0,0.0,0.0,0.0,0.0,0.0,4781342.647,0.0,0.0,0.0,0.0,0.0,0.0,0.0,0.0,0.0,0.0,0.0,0.0,0.0,0.0,0.0,0.0,0.0,0.0,0.0,0.0,0.0,0.0,0.0,0.0,0.0,0.0,0,11,MD,C49H68O16,possibly undescribed,none,[M+H]+,"7196, 9681"
9686,775.3697205,12.3,0.0,0.0,0.0,0.0,0.0,0.0,0.0,0.0,0.0,0.0,0.0,0.0,0.0,0.0,0.0,0.0,0.0,0.0,0.0,0.0,0.0,0.0,0.0,0.0,0.0,0.0,0.0,0.0,770050.762,3498580.952,0.0,0.0,0.0,0.0,0.0,0.0,0.0,0.0,0.0,0.0,0.0,0.0,0.0,0.0,0.0,0.0,0.0,0.0,0.0,0.0,0.0,0.0,0.0,0.0,0.0,0.0,0,7,MD,C44H54O12,possibly undescribed,"(DA50)std_stelleralide H isomer, (DA51)std_gnidimacrin isomer",[M+H]+,none
9702,591.3160858,8.7,0.0,0.0,0.0,0.0,0.0,0.0,0.0,0.0,0.0,0.0,0.0,0.0,0.0,0.0,0.0,0.0,0.0,0.0,0.0,0.0,0.0,0.0,0.0,0.0,0.0,0.0,0.0,0.0,4894744.037,2761876.553,0.0,0.0,0.0,0.0,0.0,0.0,0.0,0.0,0.0,0.0,0.0,0.0,0.0,0.0,0.0,0.0,0.0,0.0,0.0,0.0,0.0,0.0,0.0,0.0,0.0,0.0,0,12,MD,C32H46O10,possibly undescribed,none,[M+H]+,none
9704,591.3165436,8.5,0.0,0.0,0.0,0.0,0.0,0.0,0.0,0.0,0.0,0.0,0.0,0.0,0.0,0.0,0.0,0.0,0.0,0.0,0.0,0.0,0.0,0.0,0.0,0.0,0.0,0.0,0.0,0.0,3090258.67,2130475.36,0.0,0.0,0.0,0.0,0.0,0.0,0.0,0.0,0.0,0.0,0.0,0.0,0.0,0.0,0.0,0.0,0.0,0.0,0.0,0.0,0.0,0.0,0.0,0.0,0.0,0.0,0,10,MD,C32H46O10,possibly undescribed,none,[M+H]+,none
9707,607.3112488,5.3,0.0,0.0,0.0,0.0,0.0,0.0,0.0,0.0,0.0,0.0,0.0,0.0,0.0,0.0,0.0,0.0,0.0,0.0,0.0,0.0,0.0,0.0,0.0,0.0,0.0,0.0,0.0,0.0,3375487.973,1645022.709,0.0,0.0,0.0,0.0,0.0,0.0,0.0,0.0,0.0,0.0,0.0,0.0,0.0,0.0,0.0,0.0,0.0,0.0,0.0,0.0,0.0,0.0,0.0,0.0,0.0,0.0,0,10,MD,C32H46O11,possibly undescribed,none,[M+H]+,none
9708,858.5359497,13.9,0.0,0.0,0.0,0.0,0.0,0.0,0.0,0.0,0.0,0.0,0.0,0.0,0.0,0.0,0.0,0.0,0.0,0.0,0.0,0.0,0.0,0.0,0.0,0.0,0.0,0.0,0.0,0.0,0.0,2892703.481,0.0,0.0,0.0,0.0,0.0,0.0,0.0,0.0,0.0,0.0,0.0,0.0,0.0,0.0,0.0,0.0,0.0,0.0,0.0,0.0,0.0,0.0,0.0,0.0,0.0,0.0,0,9,MD,C48H75O12N1,possibly undescribed,none,[M+NH4]+,none
9713,607.3114014,5.7,0.0,0.0,0.0,0.0,0.0,0.0,0.0,0.0,0.0,0.0,0.0,0.0,0.0,0.0,0.0,0.0,0.0,0.0,0.0,0.0,0.0,0.0,0.0,0.0,0.0,0.0,0.0,0.0,0.0,1562638.154,0.0,0.0,0.0,0.0,0.0,0.0,0.0,0.0,0.0,0.0,0.0,0.0,0.0,0.0,0.0,0.0,0.0,0.0,0.0,0.0,0.0,0.0,0.0,0.0,0.0,0.0,0,8,MD,C32H46O11,possibly undescribed,none,[M+H]+,none
9887,818.4105377,11.0,0.0,0.0,0.0,0.0,0.0,0.0,0.0,0.0,0.0,0.0,0.0,0.0,0.0,0.0,0.0,4110179.297,0.0,0.0,0.0,0.0,0.0,0.0,0.0,0.0,0.0,0.0,0.0,0.0,3138236.695,0.0,0.0,0.0,0.0,0.0,0.0,0.0,0.0,0.0,0.0,0.0,0.0,0.0,0.0,0.0,0.0,0.0,0.0,0.0,0.0,0.0,0.0,0.0,0.0,0.0,0.0,0.0,0,6,MD,C46H59O12N1,possibly undescribed,none,[M+NH4]+,"692, 9887"
9896,832.4258728,11.0,0.0,0.0,0.0,0.0,0.0,0.0,0.0,0.0,0.0,0.0,0.0,0.0,0.0,0.0,0.0,2477433.082,0.0,0.0,0.0,0.0,0.0,0.0,0.0,0.0,0.0,0.0,0.0,0.0,0.0,0.0,0.0,0.0,0.0,0.0,0.0,0.0,0.0,0.0,0.0,0.0,0.0,0.0,0.0,0.0,0.0,0.0,0.0,0.0,0.0,0.0,0.0,0.0,0.0,0.0,0.0,0.0,0,16,MD,C47H61O12N1,possibly undescribed,none,[M+CH3NH2+H]+,"692, 9896"
9898,806.4101868,9.5,0.0,0.0,0.0,0.0,0.0,0.0,0.0,0.0,0.0,0.0,0.0,0.0,0.0,0.0,0.0,1853700.258,0.0,0.0,0.0,0.0,0.0,0.0,0.0,0.0,0.0,0.0,0.0,0.0,0.0,0.0,0.0,0.0,0.0,0.0,0.0,0.0,0.0,0.0,0.0,0.0,0.0,0.0,0.0,0.0,0.0,0.0,0.0,0.0,0.0,0.0,0.0,0.0,0.0,0.0,0.0,0.0,0,7,MD,C45H59O12N1,possibly known,(DA50)std_stelleralide H,[M+NH4]+,none
9901,683.3786316,13.6,0.0,0.0,0.0,0.0,0.0,0.0,0.0,0.0,0.0,0.0,0.0,0.0,0.0,0.0,0.0,1658956.719,0.0,0.0,0.0,0.0,0.0,0.0,0.0,0.0,0.0,0.0,0.0,0.0,0.0,0.0,0.0,0.0,0.0,0.0,0.0,0.0,0.0,0.0,0.0,0.0,0.0,0.0,0.0,0.0,0.0,0.0,0.0,0.0,0.0,0.0,0.0,0.0,0.0,0.0,0.0,0.0,0,7,MD,C39H54O10,possibly undescribed,none,[M+H]+,none
9902,512.337326,5.9,0.0,0.0,0.0,0.0,0.0,0.0,0.0,0.0,0.0,0.0,0.0,0.0,0.0,0.0,0.0,4830174.355,0.0,0.0,0.0,0.0,0.0,0.0,0.0,0.0,0.0,0.0,0.0,0.0,0.0,0.0,0.0,0.0,0.0,0.0,0.0,0.0,0.0,0.0,0.0,0.0,0.0,0.0,0.0,0.0,1382416.909,0.0,0.0,0.0,0.0,0.0,0.0,0.0,0.0,0.0,0.0,0.0,0,8,MD,C31H45O5N1,possibly undescribed,none,[M+NH4]+,none
9910,819.3951416,9.5,0.0,0.0,0.0,0.0,0.0,0.0,0.0,0.0,0.0,0.0,0.0,0.0,0.0,0.0,0.0,1313532.73,0.0,0.0,0.0,0.0,0.0,0.0,0.0,0.0,0.0,0.0,0.0,0.0,0.0,0.0,0.0,0.0,0.0,0.0,0.0,0.0,0.0,0.0,0.0,0.0,0.0,0.0,0.0,0.0,0.0,0.0,0.0,0.0,0.0,0.0,0.0,0.0,0.0,0.0,0.0,0.0,0,10,MD,C46H58O13,possibly undescribed,none,[M+H]+,none
9922,544.3266602,5.1,0.0,0.0,0.0,0.0,0.0,0.0,0.0,0.0,0.0,0.0,0.0,0.0,0.0,0.0,0.0,4578669.525,0.0,0.0,0.0,0.0,0.0,0.0,0.0,0.0,0.0,0.0,0.0,0.0,0.0,0.0,0.0,0.0,0.0,0.0,0.0,0.0,0.0,0.0,0.0,0.0,0.0,0.0,0.0,0.0,0.0,0.0,0.0,0.0,0.0,0.0,0.0,0.0,0.0,0.0,0.0,0.0,0,6,MD,C31H45O7N1,possibly undescribed,none,[M+NH4]+,none
10020,984.4370728,8.9,0.0,0.0,0.0,0.0,0.0,0.0,0.0,0.0,0.0,0.0,0.0,0.0,0.0,0.0,0.0,0.0,0.0,0.0,0.0,0.0,0.0,0.0,0.0,0.0,0.0,0.0,0.0,0.0,0.0,0.0,0.0,0.0,0.0,0.0,0.0,0.0,0.0,0.0,0.0,0.0,0.0,0.0,0.0,0.0,0.0,0.0,0.0,4224811.355,0.0,0.0,0.0,0.0,0.0,0.0,0.0,0.0,0,6,MD,C54H65O16N1,possibly known,(DA56)std_daphneodorin A,[M+NH4]+,none
10090,984.4366455,8.5,0.0,0.0,0.0,0.0,0.0,0.0,0.0,0.0,0.0,0.0,0.0,0.0,0.0,0.0,0.0,0.0,0.0,0.0,0.0,0.0,0.0,0.0,0.0,0.0,0.0,0.0,0.0,0.0,0.0,0.0,0.0,0.0,0.0,0.0,0.0,0.0,0.0,0.0,0.0,0.0,0.0,0.0,0.0,0.0,0.0,0.0,0.0,1172432.166,0.0,0.0,0.0,0.0,0.0,0.0,0.0,0.0,0,6,MD,C54H65O16N1,possibly undescribed,(DA56)std_daphneodorin A isomer,[M+NH4]+,none
10565,682.4150391,2.1,0.0,0.0,0.0,0.0,0.0,0.0,0.0,0.0,0.0,0.0,0.0,0.0,0.0,0.0,9446755.674,0.0,0.0,0.0,0.0,0.0,0.0,0.0,0.0,0.0,0.0,0.0,0.0,0.0,0.0,0.0,0.0,0.0,0.0,0.0,0.0,0.0,0.0,0.0,0.0,0.0,0.0,0.0,0.0,0.0,0.0,0.0,0.0,0.0,0.0,0.0,0.0,0.0,0.0,0.0,0.0,0.0,0,6,MD,C36H59O11N1,possibly undescribed,none,[M+NH4]+,none
10611,992.4276123,6.0,0.0,0.0,0.0,0.0,0.0,0.0,0.0,0.0,0.0,0.0,0.0,0.0,0.0,0.0,2258646.428,0.0,0.0,0.0,0.0,0.0,0.0,0.0,0.0,0.0,0.0,0.0,0.0,0.0,0.0,0.0,0.0,0.0,0.0,0.0,0.0,0.0,0.0,0.0,0.0,0.0,0.0,0.0,0.0,0.0,0.0,0.0,0.0,0.0,0.0,0.0,0.0,0.0,0.0,0.0,0.0,0.0,0,6,MD,C52H65O18N1,possibly undescribed,none,[M+NH4]+,none
10774,914.5968018,14.8,0.0,0.0,0.0,0.0,0.0,0.0,0.0,0.0,0.0,0.0,0.0,0.0,0.0,0.0,0.0,0.0,0.0,0.0,0.0,0.0,0.0,0.0,0.0,0.0,0.0,0.0,0.0,0.0,0.0,0.0,0.0,0.0,0.0,0.0,0.0,0.0,0.0,0.0,0.0,0.0,0.0,0.0,0.0,0.0,0.0,0.0,0.0,0.0,0.0,0.0,25300000.0,0.0,0.0,0.0,0.0,0.0,0,7,MD,C34H91O25N1,possibly undescribed,none,[M+NH4]+,none
10775,778.4355164,8.2,0.0,0.0,0.0,0.0,0.0,0.0,0.0,0.0,0.0,0.0,0.0,0.0,0.0,0.0,0.0,0.0,0.0,0.0,0.0,0.0,0.0,0.0,0.0,0.0,0.0,0.0,0.0,0.0,0.0,0.0,0.0,0.0,0.0,0.0,0.0,0.0,0.0,0.0,0.0,0.0,0.0,0.0,0.0,0.0,0.0,0.0,0.0,0.0,0.0,0.0,13800000.0,0.0,0.0,0.0,0.0,0.0,0,13,MD,C41H63O13N1,possibly undescribed,none,[M+CH3NH2+H]+,"10775, 10776"
10776,747.3938293,8.2,0.0,0.0,0.0,0.0,0.0,0.0,0.0,0.0,0.0,0.0,0.0,0.0,0.0,0.0,0.0,0.0,0.0,0.0,0.0,0.0,0.0,0.0,0.0,0.0,0.0,0.0,0.0,0.0,0.0,0.0,0.0,0.0,0.0,0.0,0.0,0.0,0.0,0.0,0.0,0.0,0.0,0.0,0.0,0.0,0.0,0.0,0.0,0.0,0.0,0.0,12300000.0,0.0,0.0,1203465.639,0.0,0.0,0,13,MD,C40H58O13,possibly undescribed,none,[M+H]+,"10775, 10776, 8712"
10778,585.3407593,8.2,0.0,0.0,0.0,0.0,0.0,0.0,0.0,0.0,0.0,0.0,0.0,0.0,0.0,0.0,0.0,0.0,0.0,0.0,0.0,0.0,0.0,0.0,0.0,0.0,0.0,0.0,0.0,0.0,0.0,0.0,0.0,0.0,0.0,0.0,0.0,0.0,0.0,0.0,0.0,0.0,0.0,0.0,0.0,0.0,0.0,0.0,0.0,0.0,0.0,0.0,11300000.0,0.0,0.0,0.0,0.0,0.0,11,13,MD,C34H48O8,possibly undescribed,none,[M+H]+,none
10793,692.4011841,7.8,0.0,0.0,0.0,0.0,0.0,0.0,0.0,0.0,0.0,0.0,0.0,0.0,0.0,0.0,0.0,0.0,0.0,0.0,0.0,0.0,0.0,0.0,0.0,0.0,0.0,0.0,0.0,0.0,0.0,0.0,0.0,0.0,0.0,0.0,0.0,0.0,0.0,0.0,0.0,0.0,0.0,0.0,0.0,0.0,0.0,0.0,0.0,0.0,0.0,0.0,3734734.424,0.0,0.0,0.0,0.0,0.0,0,11,MD,C37H57O11N1,possibly undescribed,none,[M+CH3NH2+H]+,"10793, 9367"
10794,748.4258423,11.0,0.0,0.0,0.0,0.0,0.0,0.0,0.0,0.0,0.0,0.0,0.0,0.0,0.0,0.0,0.0,0.0,0.0,0.0,0.0,0.0,0.0,0.0,0.0,0.0,0.0,0.0,0.0,0.0,0.0,0.0,0.0,0.0,0.0,0.0,0.0,0.0,0.0,0.0,0.0,0.0,0.0,0.0,0.0,0.0,0.0,0.0,0.0,0.0,0.0,862827.834,4462870.222,0.0,0.0,0.0,0.0,0.0,0,14,MD,C40H61O12N1,possibly known,(DA47)std_edgeworthianin E,[M+NH4]+,none
10795,778.4356384,9.0,0.0,0.0,0.0,0.0,0.0,0.0,0.0,0.0,0.0,0.0,0.0,0.0,0.0,0.0,0.0,0.0,0.0,0.0,0.0,0.0,0.0,0.0,0.0,0.0,0.0,0.0,0.0,0.0,0.0,0.0,0.0,0.0,0.0,0.0,0.0,0.0,0.0,0.0,0.0,0.0,0.0,0.0,0.0,0.0,0.0,0.0,0.0,0.0,0.0,0.0,5037624.247,0.0,0.0,0.0,0.0,0.0,0,8,MD,C41H63O13N1,possibly undescribed,none,[M+NH4]+,"10795, 10805"
10800,645.3621216,12.1,0.0,0.0,0.0,0.0,0.0,0.0,0.0,0.0,0.0,0.0,0.0,0.0,0.0,0.0,0.0,0.0,0.0,0.0,0.0,0.0,0.0,0.0,0.0,0.0,0.0,0.0,0.0,0.0,0.0,0.0,0.0,0.0,0.0,0.0,0.0,0.0,0.0,0.0,0.0,0.0,0.0,0.0,0.0,0.0,0.0,0.0,0.0,0.0,0.0,0.0,3760513.247,0.0,0.0,0.0,0.0,0.0,0,8,MD,C36H52O10,possibly undescribed,(DA40)std_edgeworthianin D isomer,[M+H]+,none
10801,643.3468018,7.8,0.0,0.0,0.0,0.0,0.0,0.0,0.0,0.0,0.0,0.0,0.0,0.0,0.0,0.0,0.0,0.0,0.0,0.0,0.0,0.0,0.0,0.0,0.0,0.0,0.0,0.0,0.0,0.0,0.0,0.0,0.0,0.0,0.0,0.0,0.0,0.0,0.0,0.0,0.0,0.0,0.0,0.0,0.0,0.0,0.0,0.0,0.0,0.0,0.0,0.0,3806770.883,0.0,0.0,0.0,0.0,0.0,6,11,MD,C36H50O10,possibly undescribed,none,[M+H-H2O]+,"10801, 9367"
10805,761.4092102,9.0,0.0,0.0,0.0,0.0,0.0,0.0,0.0,0.0,0.0,0.0,0.0,0.0,0.0,0.0,0.0,0.0,0.0,0.0,0.0,0.0,0.0,0.0,0.0,0.0,0.0,0.0,0.0,0.0,0.0,0.0,0.0,0.0,0.0,0.0,0.0,0.0,0.0,0.0,0.0,0.0,0.0,0.0,0.0,0.0,0.0,0.0,0.0,0.0,0.0,0.0,2826624.656,0.0,0.0,0.0,0.0,0.0,0,6,MD,C41H60O13,possibly undescribed,none,[M+H]+,"10795, 10805"
10809,605.3673503,8.9,0.0,0.0,0.0,0.0,0.0,0.0,0.0,0.0,0.0,0.0,0.0,0.0,0.0,0.0,0.0,0.0,0.0,0.0,0.0,0.0,0.0,0.0,0.0,0.0,0.0,0.0,0.0,0.0,0.0,0.0,0.0,0.0,0.0,0.0,0.0,0.0,0.0,0.0,0.0,0.0,0.0,0.0,0.0,0.0,0.0,0.0,0.0,0.0,0.0,8837992.981,1046171.587,0.0,0.0,0.0,3855241.301,0.0,7,12,MD,C34H52O9,possibly undescribed,none,[M+H]+,none
10816,731.401886,11.1,0.0,0.0,0.0,0.0,0.0,0.0,0.0,0.0,0.0,0.0,0.0,0.0,0.0,0.0,0.0,0.0,0.0,0.0,0.0,0.0,0.0,0.0,0.0,0.0,0.0,0.0,0.0,0.0,0.0,0.0,0.0,0.0,0.0,0.0,0.0,0.0,0.0,0.0,0.0,0.0,0.0,0.0,0.0,0.0,0.0,0.0,0.0,0.0,0.0,0.0,1446856.227,0.0,0.0,2392848.78,0.0,0.0,0,10,MD,C15H70O30,possibly known,(DA47)std_edgeworthianin E,[M+H]+,none
10819,689.3876343,9.7,0.0,0.0,0.0,0.0,0.0,0.0,0.0,0.0,0.0,0.0,0.0,0.0,0.0,0.0,0.0,0.0,0.0,0.0,0.0,0.0,0.0,0.0,0.0,0.0,0.0,0.0,0.0,0.0,0.0,0.0,0.0,0.0,0.0,0.0,0.0,0.0,0.0,0.0,0.0,0.0,0.0,0.0,0.0,0.0,0.0,0.0,0.0,0.0,0.0,0.0,2057426.017,0.0,0.0,0.0,0.0,0.0,0,9,MD,C20H64O24,possibly undescribed,none,[M+H]+,none
10878,720.3948517,10.2,0.0,0.0,0.0,0.0,0.0,0.0,0.0,0.0,0.0,0.0,0.0,0.0,0.0,0.0,0.0,0.0,0.0,0.0,0.0,0.0,0.0,0.0,0.0,0.0,0.0,0.0,0.0,0.0,0.0,0.0,0.0,0.0,0.0,0.0,0.0,0.0,0.0,0.0,0.0,0.0,0.0,0.0,0.0,0.0,0.0,0.0,0.0,0.0,0.0,0.0,675860.9892,0.0,0.0,1931504.974,0.0,0.0,0,7,MD,C38H57O12N1,possibly known,(DA46)std_edgeworthianin F,[M+NH4]+,none
10899,703.4047241,9.2,0.0,0.0,0.0,0.0,0.0,0.0,0.0,0.0,0.0,0.0,0.0,0.0,0.0,0.0,0.0,0.0,0.0,0.0,0.0,0.0,0.0,0.0,0.0,0.0,0.0,0.0,0.0,0.0,0.0,0.0,0.0,0.0,0.0,0.0,0.0,0.0,0.0,0.0,0.0,0.0,0.0,0.0,0.0,0.0,0.0,0.0,0.0,0.0,0.0,3295665.165,655505.1514,0.0,0.0,0.0,0.0,0.0,9,11,MD,C39H58O11,possibly undescribed,none,[M+H]+,none
10922,752.3989563,12.4,0.0,0.0,0.0,0.0,0.0,0.0,0.0,0.0,0.0,0.0,0.0,0.0,0.0,0.0,0.0,0.0,0.0,0.0,0.0,0.0,0.0,0.0,0.0,0.0,0.0,0.0,0.0,0.0,0.0,0.0,0.0,0.0,0.0,0.0,0.0,0.0,0.0,0.0,0.0,0.0,0.0,0.0,0.0,0.0,0.0,0.0,0.0,0.0,0.0,15500000.0,0.0,0.0,0.0,0.0,0.0,0.0,0,11,MD,C42H57O11N1,possibly undescribed,none,[M+NH4]+,none
10932,719.3988647,9.3,0.0,0.0,0.0,0.0,0.0,0.0,0.0,0.0,0.0,0.0,0.0,0.0,0.0,0.0,0.0,0.0,0.0,0.0,0.0,0.0,0.0,0.0,0.0,0.0,0.0,0.0,0.0,0.0,0.0,0.0,0.0,0.0,0.0,0.0,0.0,0.0,0.0,0.0,0.0,0.0,0.0,0.0,0.0,0.0,0.0,0.0,0.0,0.0,0.0,9709664.332,0.0,0.0,0.0,0.0,0.0,0.0,11,19,MD,C39H58O12,possibly undescribed,none,[M+H]+,none
10941,737.3522339,12.7,0.0,0.0,0.0,0.0,0.0,0.0,0.0,0.0,0.0,0.0,0.0,0.0,0.0,0.0,0.0,0.0,0.0,0.0,0.0,0.0,0.0,0.0,0.0,0.0,0.0,0.0,0.0,0.0,0.0,0.0,0.0,0.0,0.0,0.0,0.0,0.0,0.0,0.0,0.0,0.0,0.0,0.0,0.0,0.0,0.0,0.0,0.0,0.0,0.0,5472850.553,0.0,0.0,0.0,0.0,0.0,0.0,0,9,MD,C41H52O12,possibly undescribed,none,[M+H]+,none
10966,637.3571167,7.9,0.0,0.0,0.0,0.0,0.0,0.0,0.0,0.0,0.0,0.0,0.0,0.0,0.0,0.0,0.0,0.0,0.0,0.0,0.0,0.0,0.0,0.0,0.0,0.0,0.0,0.0,0.0,0.0,0.0,0.0,0.0,0.0,0.0,0.0,0.0,0.0,0.0,0.0,0.0,0.0,0.0,0.0,0.0,0.0,0.0,0.0,0.0,0.0,0.0,3781767.384,0.0,0.0,0.0,0.0,0.0,0.0,0,11,MD,C34H52O11,possibly undescribed,none,[M+H]+,none
10976,705.3834839,8.5,0.0,0.0,0.0,0.0,0.0,0.0,0.0,0.0,0.0,0.0,0.0,0.0,0.0,0.0,0.0,0.0,0.0,0.0,0.0,0.0,0.0,0.0,0.0,0.0,0.0,0.0,0.0,0.0,0.0,0.0,0.0,0.0,0.0,0.0,0.0,0.0,0.0,0.0,0.0,0.0,0.0,0.0,0.0,0.0,0.0,0.0,0.0,0.0,0.0,3958136.87,0.0,0.0,0.0,0.0,0.0,0.0,6,9,MD,C38H56O12,possibly undescribed,none,[M+H]+,none
10988,617.3308411,6.9,0.0,0.0,0.0,0.0,0.0,0.0,0.0,0.0,0.0,0.0,0.0,0.0,0.0,0.0,0.0,0.0,0.0,0.0,0.0,0.0,0.0,0.0,0.0,0.0,0.0,0.0,0.0,0.0,0.0,0.0,0.0,0.0,0.0,0.0,0.0,0.0,0.0,0.0,0.0,0.0,0.0,0.0,0.0,0.0,0.0,0.0,0.0,0.0,0.0,3859305.535,0.0,0.0,0.0,0.0,0.0,0.0,0,7,MD,C34H48O10,possibly undescribed,none,[M+H]+,none
11003,617.3314819,2.9,0.0,0.0,0.0,0.0,0.0,0.0,0.0,0.0,0.0,0.0,0.0,0.0,0.0,0.0,0.0,0.0,0.0,0.0,0.0,0.0,0.0,0.0,0.0,0.0,0.0,0.0,0.0,0.0,0.0,0.0,0.0,0.0,0.0,0.0,0.0,0.0,0.0,0.0,0.0,0.0,0.0,0.0,0.0,0.0,0.0,0.0,0.0,0.0,0.0,3040777.61,0.0,0.0,0.0,0.0,0.0,0.0,0,9,MD,C34H48O10,possibly undescribed,none,[M+H]+,none
12088,512.3006287,6.0,0.0,0.0,0.0,0.0,0.0,0.0,0.0,0.0,0.0,0.0,0.0,0.0,0.0,0.0,0.0,0.0,0.0,0.0,0.0,0.0,0.0,0.0,0.0,0.0,0.0,0.0,0.0,0.0,0.0,0.0,0.0,0.0,0.0,0.0,0.0,0.0,0.0,0.0,0.0,0.0,0.0,0.0,0.0,0.0,2222051.451,0.0,0.0,0.0,0.0,0.0,0.0,0.0,0.0,0.0,0.0,0.0,0,8,MD,C30H41O6N1,possibly undescribed,none,[M+NH4]+,none
12089,530.310791,4.2,0.0,0.0,0.0,0.0,0.0,0.0,0.0,0.0,0.0,0.0,0.0,0.0,0.0,0.0,0.0,0.0,0.0,0.0,0.0,0.0,0.0,0.0,0.0,0.0,0.0,0.0,0.0,0.0,0.0,0.0,0.0,0.0,0.0,0.0,0.0,0.0,0.0,0.0,0.0,0.0,0.0,0.0,0.0,0.0,18200000.0,0.0,0.0,0.0,0.0,0.0,0.0,0.0,0.0,0.0,0.0,0.0,0,9,MD,C30H43O7N1,possibly undescribed,none,[M+NH4]+,none
