Compound Name,Type,M,M+NH3,M+CH3NH2
resiniferonol,D,C20H28O6,C20H31O6N1,C21H33O6N
daphneresiniferin A,D,C24H30O8,C24H33O8N1,C25H35O8N
daphnegen B,D,C24H30O10,C24H33O10N1,C25H35O10N
daphnediterp A,D,C25H36O9,C25H39O9N1,C26H41O9N
daphnetoxin (S1),D,C27H30O8,C27H33O8N1,C28H35O8N
daphne factor F4,D,C27H32O8,C27H35O8N1,C28H37O8N
orthobenzoate 2,D,C27H34O8,C27H37O8N1,C28H39O8N
12-OH-daphnetoxin,D,C27H30O9,C27H33O9N1,C28H35O9N
daphnegiraldigin,D,C27H32O9,C27H35O9N1,C28H37O9N
"1,2α-dihydro-5β-hydroxy-6α,7α-epoxy-resiniferonol-14-benzoate",D,C27H34O9,C27H37O9N1,C28H39O9N
"1,2β-dihydro-5β-hydroxy-6α,7α-epoxy-resiniferonol-14-benzoate",D,C27H34O9,C27H37O9N1,C28H39O9N
genkwanine O,D,C27H36O9,C27H39O9N1,C28H41O9N
neogenkwanine A,D,C27H36O9,C27H39O9N1,C28H41O9N
neogenkwanine B,D,C27H36O9,C27H39O9N1,C28H41O9N
neogenkwanine H,D,C27H36O9,C27H39O9N1,C28H41O9N
genkwanine A,D,C27H36O9,C27H39O9N1,C28H41O9N
neogenkwanine I,D,C27H36O9,C27H39O9N1,C28H41O9N
daphneresiniferin B,D,C29H32O8,C29H35O8N1,C30H37O8N
genkwadane F,D,C27H32O10,C27H35O10N1,C28H37O10N
genkwanine I,D,C27H38O10,C27H41O10N1,C28H43O10N
yuahuagine (yuanhuagin),D,C30H38O8,C30H41O8N1,C31H43O8N
excoecaria factor O1,D,C30H38O8,C30H41O8N1,C31H43O8N
yuanhuakine E,D,C29H32O10,C29H35O10N1,C30H37O10N
yuanhuafine,D,C29H32O10,C29H35O10N1,C30H37O10N
yuanhuaoate F,D,C29H32O10,C29H35O10N1,C30H37O10N
yuanhuapine,D,C29H34O10,C29H37O10N1,C30H39O10N
vesiculosin,D,C30H42O9,C30H45O9N1,C31H47O9N
isovesiculosin,D,C30H42O9,C30H45O9N1,C31H47O9N
yuanhuakine C,D,C30H46O9,C30H49O9N1,C31H51O9N
yuanhuaoate A,D,C30H34O10,C30H37O10N1,C31H39O10N
yuanhuakine F,D,C30H36O10,C30H39O10N1,C31H41O10N
wikstrotoxin B,D,C32H44O8,C32H47O8N1,C33H49O8N
genkwanine L,D,C29H36O11,C29H39O11N1,C30H41O11N
daphgenkin F,D,C31H36O10,C31H39O10N1,C32H41O10N
kirkinine D,D,C32H40O10,C32H43O10N1,C33H45O10N
"yuanhuadine (yuanhuadin, synaptolepis factor K4)",D,C32H42O10,C32H45O10N1,C33H47O10N
isoyuanhuadine (isoyuanhuadin),D,C32H42O10,C32H45O10N1,C33H47O10N
yuanhuamine A,D,C32H42O10,C32H45O10N1,C33H47O10N
"5β-hydroxyresiniferonol-6α,7α-epoxy-12β-acetoxy-9,13,14-ortho-2E-decenoate",D,C32H44O10,C32H47O10N1,C33H49O10N
yuanhuaoate C,D,C31H42O11,C31H45O11N1,C32H47O11N
genkwanine M (S8),D,C34H38O9,C34H41O9N1,C35H43O9N
genkwanine N (S7),D,C34H38O9,C34H41O9N1,C35H43O9N
yuanhuahine,D,C33H44O10,C33H47O10N1,C34H49O10N
genkwadaphnin (S10),D,C34H34O10,C34H37O10N1,C35H39O10N
tianchaterpene A,D,C32H44O11,C32H47O11N1,C33H49O11N
yuanhuatine (yuanhuatin),D,C34H36O10,C34H39O10N1,C35H41O10N
genkwadane I,D,C32H44O11,C32H47O11N1,C33H49O11N
genkwanine VIII,D,C34H40O10,C34H43O10N1,C35H45O10N
yuanhuakine D,D,C34H40O10,C34H43O10N1,C35H45O10N
genkwanine D,D,C34H40O10,C34H43O10N1,C35H45O10N
"5β-Hydroxyresiniferonol-6α,7α-epoxy- 9,13,14-ortho-2E-hexadecenoate",D,C36H54O8,C36H57O8N1,C37H59O8N
genkwadane D,D,C34H46O10,C34H49O10N1,C35H51O10N
yuahualine,D,C34H46O10,C34H49O10N1,C35H51O10N
stelleralide I,D,C35H50O9,C35H53O9N1,C36H55O9N
acutilonine G,D,C36H40O9,C36H43O9N1,C37H45O9N
wikstroelide N,D,C35H52O9,C35H55O9N1,C36H57O9N
14'-ethyltetrahydrohuratoxin,D,C36H56O8,C36H59O8N1,C37H61O8N
tanguticanine A,D,C35H40O10,C35H43O10N1,C36H45O10N
stelleralide J,D,C34H52O10,C34H55O10N1,C35H57O10N
yuanhuaoate B,D,C34H36O11,C34H39O11N1,C35H41O11N
genkwadane A,D,C34H36O11,C34H39O11N1,C35H41O11N
genkwanine K,D,C34H42O11,C34H45O11N1,C35H47O11N
yuanhuakine G,D,C35H46O10,C35H49O10N1,C36H51O10N
gnidicin,D,C36H36O10,C36H39O10N1,C37H41O10N
yuanhuamine B,D,C35H48O10,C35H51O10N1,C36H53O10N
altadaphnan A,D,C36H38O10,C36H41O10N1,C37H43O10N
acutilonine F,D,C37H46O9,C37H49O9N1,C38H51O9N
wikstroemia factor M1/M2,D,C37H48O9,C37H51O9N1,C38H53O9N
wikstroelide L,D,C36H50O10,C36H53O10N1,C37H55O10N
acetoxyhuratoxin,D,C36H50O10,C36H53O10N1,C37H55O10N
yuanhuamine C,D,C36H50O10,C36H53O10N1,C37H55O10N
altadaphnan C,D,C37H42O10,C37H45O10N1,C38H47O10N
altadaphnan C,D,C37H42O10,C37H45O10N1,C38H47O10N
odoratrin,D,C37H42O10,C37H45O10N1,C38H47O10N
daphne factors P1,D,C37H42O10,C37H45O10N1,C38H47O10N
altadaphnan B,D,C37H44O10,C37H47O10N1,C38H49O10N
isoyuanhuacine,D,C37H44O10,C37H47O10N1,C38H49O10N
gnididin,D,C37H44O10,C37H47O10N1,C38H49O10N
hirsein A,D,C37H44O10,C37H47O10N1,C38H49O10N
daphne factors P2,D,C37H44O10,C37H47O10N1,C38H49O10N
tanguticanine C,D,C35H40O12,C35H43O12N1,C36H45O12N
genkwanine C,D,C37H48O10,C37H51O10N1,C38H53O10N
genkwanine E,D,C37H48O10,C37H51O10N1,C38H53O10N
mezerein (S20),D,C38H38O10,C38H41O10N1,C39H43O10N
genkwanine F,D,C37H50O10,C37H53O10N1,C38H55O10N
yuanhuakine B,D,C37H50O10,C37H53O10N1,C38H55O10N
neogenkwanine C,D,C37H50O10,C37H53O10N1,C38H55O10N
neogenkwanine D,D,C37H50O10,C37H53O10N1,C38H55O10N
neogenkwanine E,D,C37H50O10,C37H53O10N1,C38H55O10N
neogenkwanine F,D,C37H50O10,C37H53O10N1,C38H55O10N
genkwanine B,D,C37H50O10,C37H53O10N1,C38H55O10N
genkwanine G,D,C37H52O10,C37H55O10N1,C38H57O10N
wikstroelide B,D,C37H52O10,C37H55O10N1,C38H57O10N
wikstroelide J,D,C36H52O11,C36H55O11N1,C37H57O11N
acutilobin B,D,C37H42O11,C37H45O11N1,C38H47O11N
acutilobin A,D,C37H42O11,C37H45O11N1,C38H47O11N
tanguticanine B,D,C37H44O11,C37H47O11N1,C38H49O11N
genkwadane H,D,C37H46O11,C37H49O11N1,C38H51O11N
tianchaterpene B,D,C37H46O11,C37H49O11N1,C38H51O11N
yuanhuaoate E,D,C37H46O11,C37H49O11N1,C38H51O11N
yuanhuakine A,D,C37H46O11,C37H49O11N1,C38H51O11N
daphgenkin A,D,C37H46O11,C37H49O11N1,C38H51O11N
daphnane-type diterpene ester-7 (daphgenkin B),D,C37H46O11,C37H49O11N1,C38H51O11N
genkwanine J,D,C37H52O11,C37H55O11N1,C38H57O11N
kirkinine,D,C38H56O10,C38H59O10N1,C39H61O10N
acutilobin E,D,C37H38O12,C37H41O12N1,C38H43O12N
tanguticanine D,D,C37H44O12,C37H47O12N1,C38H49O12N
wikstrotoxin C,D,C38H52O11,C38H55O11N1,C39H57O11N
genkwadane G,D,C37H48O12,C37H51O12N1,C38H53O12N
tanguticanine E,D,C38H46O12,C38H49O12N1,C39H51O12N
hirsein B,D,C39H50O11,C39H53O11N1,C40H55O11N
daphnegiraldifin,D,C43H60O9,C43H63O9N1,C44H65O9N
"1,2α-dihydro-20-palmitoyldaphnetoxin",D,C43H62O9,C43H65O9N1,C44H67O9N
genkwanine N 20-palmitate,D,C50H68O10,C50H71O10N1,C51H73O10N
genkwadaphnin-20-palmitate,D,C50H64O11,C50H67O11N1,C51H69O11N
wikstroelide C,D,C51H76O11,C51H79O11N1,C52H81O11N
gnidicin-20-palmitate,D,C52H66O11,C52H69O11N1,C53H71O11N
wikstroelide D,D,C52H80O11,C52H83O11N1,C53H85O11N
tanguticacine,D,C53H72O11,C53H75O11N1,C54H77O11N
gnidilatidin 20-palmitate,D,C53H74O11,C53H77O11N1,C54H79O11N
wikstroelide I,D,C53H82O11,C53H85O11N1,C54H87O11N
daphnopsis factor R1/gnilatimacrin,D,C37H50O9,C37H53O9N1,C38H55O9N
pimelea factor P3 (daphnopsis factor R5),D,C37H50O9,C37H53O9N1,C38H55O9N
genkwadane B,D,C37H50O9,C37H53O9N1,C38H55O9N
linimacrin a,D,C39H52O11,C39H55O11N1,C40H57O11N
linimacrin d,D,C39H52O11,C39H55O11N1,C40H57O11N
stelleralide B,D,C44H54O11,C44H57O11N1,C45H59O11N
kraussianin,D,C37H50O10,C37H53O10N1,C38H55O10N
linimacrin c,D,C37H50O10,C37H53O10N1,C38H55O10N
wikstroelide X,D,C37H50O10,C37H53O10N1,C38H55O10N
stelleramacrin,D,C37H50O11,C37H53O11N1,C38H55O11N
stelleralide A,D,C39H52O12,C39H55O12N1,C40H57O12N
simpleximacrin,D,C46H56O14,C46H59O14N1,C47H61O14N
gnidimacrin-20-palmitate,D,C60H84O13,C60H87O13N1,C61H89O13N
stelleralide F (S54),D,C46H56O14,C46H59O14N1,C47H61O14N
daphnopsis factor R6,D,C37H50O8,C37H53O8N1,C38H55O8N
daphnopsis factor R7,D,C30H46O7,C30H49O7N1,C31H51O7N
wikstroelide E,D,C30H44O8,C30H47O8N1,C31H49O8N
wikstroelide O,D,C37H48O10,C37H51O10N1,C38H53O10N
wikstroelide G,D,C53H78O11,C53H81O11N1,C54H83O11N
wikstroelide K,D,C53H78O11,C53H81O11N1,C54H83O11N
stellejasmin B,D,C37H48O11,C37H51O11N1,C38H53O11N
wikstroelide S,D,C37H52O10,C37H55O10N1,C38H57O10N
genkwadane C,D,C37H52O10,C37H55O10N1,C38H57O10N
wikstroelide T,D,C39H54O10,C39H57O10N1,C40H59O10N
wikstroelide R,D,C37H52O11,C37H55O11N1,C38H57O11N
pimelotide B,D,C32H44O11,C32H47O11N1,C33H49O11N
pimelotide D,D,C32H44O11,C32H47O11N1,C33H49O11N
stelleralide D,D,C53H76O12,C53H79O12N1,C54H81O12N
stelleralide E,D,C55H76O12,C55H79O12N1,C56H81O12N
kirkinine B,D,C36H54O8,C36H57O8N1,C37H59O8N
kirkinine E,D,C36H54O9,C36H57O9N1,C37H59O9N
kirkinine C,D,C38H56O10,C38H59O10N1,C39H61O10N
20-O-hexadecanoylkirkinine B,D,C52H84O9,C52H87O9N1,C53H89O9N
synaptolepis factor K1,D,C36H54O8,C36H57O8N1,C37H59O8N
daphnepedunin J (S2),D,C29H42O8,C29H45O8N1,C30H47O8N
daphnepedunin I (S5),D,C31H46O8,C31H49O8N1,C32H51O8N1
simplexin (S4),D,C30H44O8,C30H47O8N1,C31H49O8N
excoecariatoxin (S3),D,C30H40O8,C30H43O8N1,C31H45O8N
huratoxin (S6),D,C34H48O8,C34H51O8N1,C35H53O8N
wikstrotoxin A (S9),D,C35H50O8,C35H53O8N1,C36H55O8N
wikstroelide H (S13),D,C34H46O10,C34H49O10N1,C35H51O10N
wikstroelide A (S15),D,C36H50O10,C36H53O10N1,C37H55O10N
yuanhuacine (S18),D,C37H44O10,C37H47O10N1,C38H49O10N
yuanhuajine (S16),D,C37H42O10,C37H45O10N1,C38H47O10N
"12-O-(E)-cinnamoyl-9,13,14-ortho-(2E,4E)-decadienylidyne-5β,12β-dihydroxyresiniferonol-6α,7α-oxide (S21)",D,C39H46O10,C39H49O10N1,C40H51O10N
"12-O-(E)-cinnamoyl-9,13,14-ortho-(2E,4E,6E)-decatrienylidyne-5β,12β-dihydroxyresiniferonol-6α,7α-oxide (S22)",D,C39H44O10,C39H47O10N1,C40H49O10N
daphneodorin D (S24),D,C39H46O11,C39H49O11N1,C40H51O11N
daphneodorin E (S23),D,C39H44O11,C39H47O11N1,C40H49O11N
acutilobin D (S27),D,C40H48O12,C40H51O12N1,C41H53O12N
acutilobin C (S26),D,C40H46O12,C40H49O12N1,C41H51O12N
gniditrin (S17),D,C37H42O10,C37H45O10N1,C38H47O10N
wikstroelide M (S11),D,C34H50O9,C34H53O9N1,C35H55O9N
stelleralide K (S14),D,C34H48O11,C34H51O11N1,C35H53O11N
daphneodorin G (S25),D,C39H48O11,C39H51O11N1,C40H53O11N
daphneodorin F (S28),D,C40H48O13,C40H51O13N1,C41H53O13N
neogenkwanine G,D,C34H40O10,C34H43O10N1,C35H45O10N
daphneodorin H (S19),D,C37H48O10,C37H51O10N1,C38H53O10N
genkwanine H (S12),D,C34H40O10,C34H43O10N1,C35H45O10N
pimelea factor S6 (S31),MD,C30H44O8,C30H47O8N1,C31H49O8N
pimelea factor S7 (S30),MD,C30H44O8,C30H47O8N1,C31H49O8N
wikstroelide F (S41),MD,C37H48O10,C37H51O10N1,C38H53O10N
daphnepedunin D (S45),MD,C37H48O11,C37H51O11N1,C38H53O11N
daphnepedunin B (S34),MD,C30H44O9,C30H47O9N1,C31H49O9N
daphnepedunin A (S35),MD,C30H44O9,C30H47O9N1,C31H49O9N
daphnepedunin G (S36),MD,C30H44O9,C30H47O9N1,C31H49O9N
daphnepedunin H (S37),MD,C30H44O9,C30H47O9N1,C31H49O9N
daphnepedunin C (S29),MD,C29H42O8,C29H45O8N1,C30H47O8N
stelleralide H (S50),MD,C44H54O12,C44H57O12N1,C45H59O12N
gnidimacrin (S51),MD,C44H54O12,C44H57O12N1,C45H59O12N
wikstromacrin (S38),MD,C37H50O9,C37H53O9N1,C38H55O9N
pimela factor P2 (S39),MD,C37H50O9,C37H53O9N1,C38H55O9N
stelleralide G (S55),MD,C51H58O14,C51H61O14N1,C52H63O14N
daphneodorin A (S56),MD,C53H60O16,C53H63O16N1,C54H65O16N
daphneodorin B (S57),MD,C55H62O18,C55H65O18N1,C56H67O18N
daphneodorin C (S58),MD,C55H62O18,C55H65O18N1,C56H67O18N
pimelotide A (S32),MD,C30H42O9,C30H45O9N1,C31H47O9N
pimelotide C (S33),MD,C30H42O9,C30H45O9N1,C31H47O9N
stelleralide C (S43),MD,C37H46O11,C37H49O11N1,C38H51O11N
daphnepedunin E (S44),MD,C37H46O11,C37H49O11N1,C38H51O11N
daphnepedunin F (S53),MD,C44H50O13,C44H53O13N1,C45H55O13N
edgeworthianin D (S40),MD,C36H52O10,C36H55O10N1,C37H57O10N
edgeworthianin E (S47),MD,C40H58O12,C40H61O12N1,C41H63O12N
edgeworthianin A (S42),MD,C36H50O11,C36H53O11N1,C37H55O11N
edgeworthianin B (S48),MD,C40H56O13,C40H59O13N1,C41H61O13N
edgeworthianin C (S52),MD,C43H54O13,C43H57O13N1,C44H59O13N
edgeworthianin G (S49),MD,C41H58O13,C41H61O13N1,C42H63O13N
edgeworthianin F (S46),MD,C38H54O12,C38H57O12N1,C39H59O12N
