row ID,row m/z,row retention time,20250417_fuzi_MeOH_1000ppm_ddms40.mzML Peak area
1,259.8940241,0.11105708,52955.426
2,158.9611728,0.14922312,281247.6
3,200.9720916,0.14922312,116984.305
4,276.8963399,0.14922312,171670.06
5,182.9848994,0.31047088,1843630.1
6,246.8617982,0.31047088,126965.06
7,264.8724329,0.31047088,361873.7
8,287.8883711,0.31047088,394431.34
9,305.8988021,0.31047088,415180.16
10,328.9146884,0.31047088,142688.7
11,282.8831375,0.34057912,179916.92
12,233.1239073,0.49978808,164145.02
13,266.1228282,0.52890235,797553
14,278.1231487,0.5659014,133562.72
15,158.0922106,0.59522784,192209.8
16,182.9849942,0.6343042,904021.44
17,394.2584026,0.6343042,153219.88
18,331.9149681,0.6651459,65921.24
19,223.0633719,0.8588874,775857.06
20,297.0821414,0.8588874,831079.4
21,371.1006808,0.8588874,680862.94
22,163.0751228,0.96667755,138452.16
23,180.1016951,0.96667755,1402677.4
24,166.0860819,0.9966996,36330.797
25,268.103548,0.9966996,404763.4
26,196.1329405,1.0269097,638058.06
27,394.2582577,1.0269097,870898.2
28,212.1026168,1.1576636,53105.09
29,164.0704002,1.227882,85401.91
30,502.2642346,1.3553861,137501.11
31,180.1380291,1.4251885,299781.06
32,254.1606444,1.4251885,87946.35
33,199.1074676,1.4602885,50622.023
34,180.101733,1.521754,147322.97
35,178.0860453,1.6202784,259316.92
36,166.0860643,1.6859947,140476.33
37,194.1173663,1.6859947,87939.15
38,262.1070066,1.6859947,30576.92
39,378.263152,1.819817,87759.13
40,232.0964112,1.8502911,38055.684
41,394.2580558,1.8861929,1837043.4
42,186.1234735,1.9468476,177070.97
43,502.2641222,1.9468476,224104.55
44,197.1282346,1.9775428,29446.078
45,408.2738073,1.9775428,29601.5
46,232.0965108,2.0420084,24600.105
47,213.123071,2.0773659,21850.57
48,194.117389,2.108191,122648.87
49,253.1290932,2.108191,57682.29
50,176.0704335,2.1477225,132920.48
51,378.2632263,2.1785643,131704.52
52,226.0706157,2.2490046,49277.086
53,230.0808341,2.3455055,64094.203
54,274.1070298,2.3845322,40458.105
55,364.2475126,2.3845322,108960.28
56,486.269216,2.3845322,521343.44
57,167.1176514,2.5113728,134559.38
58,440.2634733,2.5113728,138690.39
59,378.2629745,2.5502405,556131.8
60,374.2315291,2.5800896,51228.26
61,394.2577471,2.5800896,83675.05
62,424.2682219,2.5800896,544449.2
63,486.2686068,2.5800896,2685359.2
64,364.2471905,2.6101592,684455.3
65,516.2795831,2.6411061,97672.62
66,330.205713,2.7032812,21692.506
67,360.2525968,2.7032812,89854.16
68,260.0913435,2.7399023,73649.65
69,394.2581521,2.7704713,70812.81
70,424.268588,2.7704713,349889.44
71,360.2523847,2.8363078,93634.35
72,350.2318945,2.866841,106449.766
73,454.2791803,2.866841,279215.38
74,230.0807147,2.8992338,33255.508
75,372.2159013,2.9291763,81037.23
76,378.2627521,2.9291763,2964192.2
77,408.2732583,2.9291763,3065994
78,438.2838641,2.963734,69566.79
79,360.252383,2.9943447,71717.53
80,454.2791117,2.9943447,88149.4
81,468.258539,2.9943447,150775.22
82,261.1229144,3.0251644,28916.686
83,500.2845473,3.06237,652103.6
84,374.2315853,3.0927303,90857.86
85,257.1277301,3.1307874,65465.992
86,361.2558867,3.1307874,120036.76
87,358.2366582,3.160764,4110196.8
88,330.2054639,3.1908305,891736.5
89,348.2523591,3.1908305,98116.79
90,406.2579907,3.2257047,187789.7
91,328.1900131,3.2563994,160759.02
92,440.2634042,3.2563994,43099.28
93,220.0964305,3.2872183,118065.06
94,422.2528454,3.2872183,69397.94
95,244.0962752,3.3222387,42499.465
96,346.2004181,3.3222387,356492.78
97,438.2840237,3.3222387,110365.625
98,436.2322832,3.3524952,125184.85
99,314.2105875,3.3912923,52386.805
100,470.2738123,3.3912923,1640546.5
101,330.2054611,3.4513874,504557
102,388.2525951,3.4513874,57436.08
103,454.2785841,3.4513874,1.09E+07
104,422.252226,3.489554,131864.48
105,436.2679442,3.489554,22819.945
106,378.2630174,3.5200427,35725.527
107,454.278978,3.6165698,1001978.25
108,420.2738696,3.680545,17679.08
109,432.2793227,3.680545,60483.527
110,438.2837549,3.680545,2.31E+07
111,441.2922398,3.680545,120333.87
112,600.3358993,3.7132807,80631.77
113,452.2634691,3.774367,209833.53
114,468.2948687,3.8108795,213304.95
115,340.2587725,3.8411508,274853.7
116,420.2734823,3.8411508,452138.06
117,438.2840876,3.8411508,767566.94
118,450.2841027,3.8411508,315426.97
119,362.2682864,3.876154,58936.27
120,484.2898487,3.876154,268661.44
121,436.2686504,3.9075582,33000.863
122,438.2842374,3.9742074,135714.2
123,342.1696223,4.004239,2425396.2
124,420.2735355,4.004239,49917.664
125,476.3057555,4.004239,116070.49
126,392.2785341,4.073768,222786.89
127,422.2890309,4.103864,2269565.8
128,438.2846969,4.1705837,124073.45
129,520.3325101,4.237535,77434.08
130,342.2421099,4.2683187,64488.508
131,466.2429425,4.3076625,762650.06
132,211.1437732,4.338102,116772.97
133,344.2577045,4.338102,523673.66
134,452.3000087,4.338102,155587.14
135,466.2796231,4.404532,45510.773
136,217.1067453,4.435444,188495.14
137,564.3584158,4.435444,71582.24
138,420.2371653,4.474823,292715.62
139,468.2949471,4.474823,62148.61
140,360.2525364,4.5054073,82420.12
141,332.2577293,4.536226,79919.23
142,452.2997369,4.605622,1182646.4
143,698.2828502,4.605622,23389.035
144,283.2123529,4.6447673,339315.84
145,356.2210702,4.6752505,106476.766
146,372.2162259,4.7135825,1455724
147,466.2429281,4.7135825,187608.47
148,331.137978,4.7440515,44083.105
149,366.175243,4.7440515,19151.865
150,576.2792323,4.7440515,71884.016
151,498.2842734,4.8095345,398810.72
152,163.1326106,4.8399177,155349.56
153,344.2577505,4.8399177,61731.54
154,453.342894,4.8399177,162354.97
155,434.2892849,4.9054646,192246.27
156,464.2998839,4.9054646,1132901.1
157,446.2526612,5.0042906,41994.645
158,560.2844185,5.0339985,79648.35
159,606.2893469,5.0339985,3951024
160,498.2844379,5.103047,212775.4
161,560.2851313,5.173345,16418.53
162,590.2957161,5.173345,21338.758
163,588.2797306,5.208779,24110.713
164,494.3110502,5.3396354,29881.09
165,590.2954495,5.3396354,56391.914
166,620.3063631,5.3396354,16920.76
167,494.310781,5.406316,75254.99
168,207.1587889,5.4365606,601670.7
169,224.1852123,5.4365606,206467.98
170,558.2690225,5.4365606,79257.83
171,588.2796218,5.4365606,27167.537
172,284.0575955,5.4735518,51412.73
173,538.2795533,5.4735518,22919.164
174,556.253525,5.5039916,87961.58
175,590.2949737,5.5341744,77846.58
176,620.3053196,5.5341744,1262158.5
177,574.3001547,5.5685444,56938.25
178,576.2791808,5.632462,43922.797
179,582.3267511,5.632462,22092.973
180,444.2742161,5.763902,72927.695
181,590.2943309,5.763902,4.12E+07
182,544.2886536,5.79991,217725.19
183,604.310922,5.8587837,42856.61
184,268.211418,5.8967104,62610.293
185,560.2844156,5.8967104,131254.11
186,574.3001276,5.8967104,48105.496
187,540.2948181,5.966269,693024.7
188,596.2481787,5.996819,52674.316
189,516.2591455,6.0275917,31169.344
190,241.2033501,6.094391,19828.203
191,480.207165,6.133916,16704.621
192,574.3003975,6.133916,229659.47
193,570.3391772,6.164701,65342.117
194,528.2942211,6.233932,90803.37
195,588.2790305,6.233932,43497.363
196,604.3099225,6.263165,1.15E+07
197,558.3051969,6.3312397,430321.53
198,528.2945329,6.3616796,32547.943
199,632.3055903,6.3616796,76496.055
200,590.2952067,6.4275765,15825.044
201,486.2836661,6.4664555,37859.754
202,536.3210931,6.4664555,41051.3
203,574.2995796,6.4956656,2.93E+07
204,588.3155237,6.5615973,96246.39
205,686.2284163,6.5911217,429023
206,572.2849996,6.6599507,337319.03
207,602.2951509,6.7611213,18096.06
208,648.3001101,6.7611213,214599.4
209,336.1221039,6.7998877,473347.75
210,646.320808,6.7998877,89773.71
211,550.242516,6.829687,219976.86
212,558.3049045,6.829687,2717264.2
213,646.3209172,6.8983326,60638.586
214,308.2213773,6.928567,474888.7
215,618.289828,6.928567,43480.125
216,658.2630898,6.928567,25278.861
217,542.3101306,6.9975553,83303.12
218,582.3049779,6.9975553,218931.48
219,588.3151376,6.9975553,6344950.5
220,630.3251117,7.0269847,18683.834
221,658.2627073,7.060475,162424.56
222,530.3102937,7.0902557,714613.1
223,500.2997829,7.1201525,588881.75
224,550.3366139,7.1201525,39079.04
225,542.3105743,7.1538963,56550.992
226,586.3005332,7.2198615,159625.02
227,530.3108628,7.250669,10034.287
228,632.3053833,7.281116,137204.4
229,542.3103566,7.3177505,635024.7
230,556.2896226,7.382436,631057.3
231,662.3158348,7.382436,200250.81
232,191.1638988,7.4424434,31128.363
233,304.0809132,7.4424434,494351.28
234,700.2740299,7.4424434,200659.56
235,422.3097977,7.4755883,11620.249
236,526.3161425,7.541683,47400.15
237,584.3215113,7.541683,72490.42
238,522.2542885,7.5766554,70151.03
239,558.3056054,7.5766554,55997.83
240,602.2953926,7.5766554,42233.383
241,442.3370525,7.647222,38553.688
242,556.2899107,7.677677,31895.113
243,584.3210285,7.677677,252119
244,544.3265331,7.7167826,57841.055
245,614.2946471,7.778046,63293.96
246,226.1797113,7.816935,186101.38
247,244.1903346,7.816935,116403.92
248,249.1480089,7.847227,30536.094
249,267.1587544,7.847227,26590.63
250,394.2250548,7.847227,77833.78
251,684.2494446,7.847227,46881.797
252,572.3203977,7.881122,2176103
253,195.1375106,7.910539,108676.37
254,277.2156206,7.910539,228574.95
255,295.2260943,7.910539,523150.2
256,348.2733847,7.910539,646154.25
257,353.2287816,7.910539,143873.81
258,646.320331,7.910539,121975.26
259,616.3099439,7.939742,6419893.5
260,700.2731598,7.939742,4912231.5
261,348.2733983,8.041056,250135.64
262,568.3257828,8.041056,88238.82
263,600.3160193,8.104703,268116.22
264,309.2055193,8.144077,36271.797
265,367.2472401,8.275961,34143.797
266,628.3108735,8.275961,255896.08
267,614.3317356,8.345817,26553.996
268,476.2769399,8.385175,19219.846
269,614.332372,8.4156475,63628.84
270,760.3893796,8.4156475,63951.32
271,550.2848211,8.446245,30679.453
272,730.3784465,8.446245,56894.926
273,823.4098315,8.484638,250668.69
274,840.4361384,8.484638,85592.63
275,427.3635495,8.514743,113166.97
276,195.1376662,8.579494,43255.844
277,295.2263563,8.579494,64757.6
278,630.3260475,8.579494,771034.8
279,684.2789426,8.609181,747345.7
280,353.2291727,8.677817,19748.875
281,449.2132715,8.708002,25611.002
282,664.3105687,8.708002,39746.324
283,198.1850315,8.738408,27990.305
284,158.1537834,8.768702,180654.64
285,353.2295737,8.805809,23765.004
286,249.2056167,8.836304,46308.074
287,228.1954614,8.866781,124859.68
288,728.3054623,8.866781,49278.992
289,429.3792425,8.905719,95873.734
290,536.3341649,8.905719,25453.309
291,211.0862551,8.936125,24716.562
292,275.2002291,8.970517,38157.25
293,744.3938177,8.970517,338746.3
294,240.231535,9.00026,52228.32
295,343.2946778,9.00026,540980.25
296,476.2762429,9.00026,46480.61
297,668.283865,9.029935,1285410.4
298,536.3337991,9.098112,263297.75
299,279.0927498,9.136667,679281.4
300,478.3367983,9.136667,130177.555
301,291.1949622,9.196969,107609.39
302,301.2845011,9.227262,67286.305
303,536.3339799,9.257409,183619.97
304,219.1867994,9.292057,40225.56
305,534.3188076,9.292057,38316.8
306,552.3289223,9.292057,44057.746
307,478.3370631,9.326746,67688.4
308,352.2509987,9.35686,240900.17
309,552.3291911,9.396237,59562.453
310,450.2693033,9.426557,46032.63
311,221.1534127,9.495981,28577.617
312,450.2691184,9.526305,39104.555
313,455.2248804,9.526305,12053.58
314,552.3291719,9.526305,105079.586
315,534.3186987,9.560817,43350.785
316,770.3155568,9.590406,2062086.8
317,272.2579296,9.624599,123169.11
318,433.2346637,9.624599,56899.562
319,172.169227,9.722973,24936.703
320,403.1378022,9.722973,912211.06
321,425.1197191,9.722973,61346.535
322,450.2687211,9.722973,22755.633
323,534.318584,9.782917,45311.32
324,555.3132744,9.782917,50279.62
325,371.2787636,9.822374,15869.753
326,214.2525333,9.852765,187129.25
327,288.0860921,9.9216385,214925.38
328,353.2678651,9.9216385,90753.2
329,886.5293397,9.9216385,238877.36
330,275.2001068,9.951403,51993.72
331,293.2104501,9.951403,211862.23
332,333.2028741,9.951403,24739.139
333,230.2474117,9.985025,2381793
334,476.276493,10.049093,29923.502
335,554.3437278,10.049093,18569.47
336,784.3313841,10.049093,73415.45
337,275.2001002,10.108683,31599.096
338,316.2839937,10.108683,380921.34
339,566.3526603,10.108683,19048.912
340,433.1485034,10.145991,336850.56
341,566.3528928,10.206036,32031.035
342,606.3477486,10.23648,54288.414
343,492.3085424,10.304404,16986.34
344,286.1431217,10.429681,984938.75
345,900.5463454,10.429681,33867.996
346,373.1273675,10.464721,650987.2
347,443.299706,10.464721,43748.426
348,371.3264456,10.524941,197356.58
349,392.2271265,10.524941,18572.994
350,932.4808092,10.555263,21768.672
351,345.2263165,10.584979,137621.11
352,663.2891948,10.584979,138724.5
353,286.1432017,10.614445,210406.56
354,318.2995524,10.614445,1244128.9
355,694.399435,10.614445,69847.57
356,343.2470389,10.650025,57320.023
357,518.3232977,10.650025,54342.465
358,620.3626789,10.679468,263727.7
359,886.5295663,10.679468,75573.93
360,351.2521554,10.712775,90089.59
361,297.2418244,10.742234,103804.27
362,337.234189,10.742234,120539.336
363,306.2783967,10.771711,222629.16
364,478.2920004,10.771711,924624.7
365,199.168922,10.805637,35491.938
366,300.2891878,10.86473,105711.914
367,351.2521075,10.86473,218371.47
368,518.3232335,10.86473,719903.94
369,579.2915702,10.86473,606207.3
370,597.3022434,10.86473,834074
371,328.2839384,10.898544,284816.66
372,506.323953,10.928521,50354.125
373,186.1850266,10.965637,108516.93
374,696.415596,10.965637,29887.564
375,573.3023886,11.065415,84856.69
376,640.3444027,11.065415,86858.53
377,494.3235819,11.09521,195096.45
378,696.4152268,11.09521,78207.27
379,291.1950284,11.129626,38458.08
380,389.1223214,11.129626,50907.06
381,701.3710841,11.189475,7008.1553
382,186.1849354,11.223632,75204.5
383,300.2891165,11.223632,76994.08
384,454.2920507,11.223632,132903.1
385,478.2919902,11.253294,286756.62
386,369.2624473,11.348428,389987.9
387,696.4145498,11.348428,1032541.9
388,701.3698803,11.348428,525466.06
389,717.3438731,11.348428,244545.73
390,353.2677622,11.38068,168407.62
391,520.3385612,11.38068,1991194.1
392,555.2916692,11.38068,1002026.75
393,573.3020805,11.38068,1196009.1
394,482.3232998,11.410166,408826.47
395,302.3047227,11.440104,156815.2
396,394.2249235,11.440104,59997.035
397,330.2993601,11.476456,387143.4
398,353.2676117,11.505716,969378.25
399,393.2599681,11.505716,405485.03
400,402.320241,11.505716,157082.55
401,409.2338943,11.505716,258283.58
402,478.291773,11.505716,3042065.8
403,312.1586154,11.573535,89986.15
404,520.3385422,11.602662,1.65E+07
405,558.2943333,11.602662,407599.4
406,353.2675444,11.631646,671885.94
407,393.2599539,11.631646,79300.336
408,409.233889,11.631646,80617.44
409,542.3203088,11.631646,430223.47
410,312.1586027,11.691304,87823.35
411,509.2864378,11.691304,200475.3
412,308.2939964,11.729347,79334.55
413,470.3833219,11.729347,101857.3
414,480.3074681,11.729347,289236.9
415,277.2156964,11.758896,722160.4
416,454.291891,11.758896,156174.25
417,312.1586027,11.792949,53234.727
418,599.3176193,11.792949,180258.22
419,508.3390516,11.822502,185914.48
420,532.3470579,11.822502,201998.19
421,277.2157036,11.852,540568.3
422,353.2677217,11.852,307512.4
423,404.2999413,11.852,21434.174
424,556.3024583,11.852,92300.16
425,496.3388059,11.888408,685508.8
426,672.4148772,11.888408,162395.86
427,351.2520568,11.918042,192275.39
428,369.2626604,11.918042,97972.41
429,391.2446269,11.918042,100438.96
430,454.291778,12.016809,1828767
431,351.2520785,12.053428,112161.516
432,369.2626871,12.053428,200707.39
433,373.2575571,12.053428,120595.8
434,391.2445329,12.053428,116141.33
435,399.3573444,12.053428,204492.02
436,371.2783826,12.180313,95114.89
437,493.3524086,12.180313,86471.47
438,496.3385607,12.180313,1.02E+07
439,518.3205971,12.180313,359078.12
440,534.2944367,12.180313,370856.56
441,449.3261455,12.214252,119045.66
442,698.4307833,12.214252,128924.86
443,427.3129856,12.243852,124222.29
444,277.21575,12.273385,212873.86
445,472.398932,12.273385,174555.73
446,485.2865499,12.310228,304839.78
447,522.3546237,12.310228,552220.56
448,704.5139503,12.339759,127021.11
449,369.2625952,12.37236,184298.4
450,616.4615815,12.37236,145633.45
451,417.2389089,12.401851,518932.4
452,435.2495805,12.401851,536840.75
453,572.4355238,12.401851,144362.08
454,480.3074376,12.431271,688035.4
455,528.4096606,12.431271,137086.02
456,534.3625262,12.431271,282695.62
457,539.3178583,12.431271,177530.22
458,440.3572778,12.49634,150055.5
459,279.2311442,12.52551,1.08E+07
460,327.0771379,12.52551,320594.22
461,557.4553313,12.52551,151903.81
462,522.3542814,12.559301,6962958
463,544.33622,12.559301,602790.56
464,560.3099988,12.559301,301433.7
465,261.2205555,12.588309,132676.72
466,374.1759433,12.588309,86212.234
467,263.2362548,12.654541,496350.8
468,355.2831861,12.654541,1098426.8
469,402.3568264,12.654541,127548.83
470,534.3625577,12.654541,3965915.8
471,539.3178047,12.654541,1153097
472,548.3780457,12.654541,393921.53
473,555.2917356,12.654541,845409.3
474,295.226329,12.717298,84105.234
475,195.1376885,12.777087,42531.344
476,387.2731625,12.777087,34125.777
477,279.231386,12.809665,1189747.8
478,468.3078334,12.809665,64257.785
479,498.3419675,12.809665,79097.7
480,868.5189322,12.809665,362191.97
481,231.1375562,12.839348,46375.766
482,295.2263433,12.839348,347517.56
483,850.5090608,12.839348,127889.42
484,884.5127922,12.933759,71448.18
485,179.1426458,12.96561,144807.45
486,277.2156192,12.96561,1416580
487,295.2260951,12.96561,1576156
488,317.2079958,12.96561,400601.25
489,333.1817344,12.96561,241310.53
490,510.3546882,12.96561,213080.56
491,399.2498517,13.024978,177097.53
492,332.3303501,13.06138,226852.6
493,295.2260757,13.090755,2889164.8
494,393.2390479,13.090755,605778.2
495,249.2206338,13.153868,44334.97
496,277.2156619,13.153868,2138406
497,295.2261449,13.153868,1654666
498,317.2080267,13.153868,671178.2
499,326.2681834,13.153868,181226.14
500,333.1817779,13.153868,360633.12
501,611.4268389,13.153868,104878.125
502,205.194801,13.183671,161920.12
503,882.5351244,13.183671,157110
504,259.1900702,13.216776,43447.336
505,456.3316718,13.276747,24220.492
506,852.523661,13.31057,1724838.5
507,277.2155818,13.339788,1742709.5
508,295.2259819,13.339788,3322853
509,317.2078948,13.339788,467275.7
510,510.3626652,13.339788,1042826.1
511,515.3180865,13.339788,503432.16
512,531.2918588,13.339788,342568.84
513,882.5340877,13.339788,89072.586
514,385.3778637,13.369032,1697584.1
515,868.5183139,13.399991,361653.94
516,214.2160453,13.466257,97276.484
517,361.221041,13.466257,235181.72
518,369.3830971,13.466257,200600.7
519,392.2633342,13.466257,155660.86
520,399.1771986,13.466257,120203.914
521,419.2547646,13.525703,263088.34
522,437.2652556,13.525703,208798.03
523,518.3386012,13.559029,134024.34
524,295.2263623,13.588634,101480.35
525,326.3774068,13.588634,285571.84
526,482.3235224,13.61836,60158.953
527,427.3885165,13.651626,169291.11
528,399.3093627,13.681171,193397.75
529,339.2884824,13.714429,89086.62
530,357.2988714,13.714429,241233.31
531,536.3783423,13.714429,736395.6
532,541.3336471,13.714429,421614.9
533,557.3075057,13.714429,265205.12
534,524.3704399,13.774051,319626
535,297.2419245,13.80644,93254.53
536,307.2626448,13.898979,36078.492
537,430.3886335,13.898979,96276.266
538,850.5083464,13.898979,163023.56
539,286.2737984,13.996635,51443.676
540,324.2890315,14.095347,695876.2
541,353.2679296,14.095347,258471.86
542,342.2423904,14.193517,59731.062
543,415.3041942,14.193517,27158.463
544,688.519758,14.193517,36072.51
545,312.3618217,14.257633,1819519.5
546,377.3156519,14.257633,35265.996
547,644.4936454,14.257633,63955.234
548,700.5137307,14.29186,196830.11
549,562.394232,14.326079,38202.312
550,600.4672168,14.326079,78417
551,401.1950719,14.355885,63345.812
552,556.4410669,14.355885,82196.79
553,852.5234739,14.355885,67766.24
554,394.3159978,14.424595,40803.793
555,512.4152091,14.424595,101334.85
556,468.3892254,14.458839,143581.36
557,548.378615,14.488639,84326.58
558,287.2211896,14.518274,472376.7
559,309.2030043,14.518274,147961.72
560,318.2632095,14.518274,198517.44
561,424.3624509,14.518274,145625.23
562,199.1689295,14.555607,53528.48
563,380.3362362,14.555607,113817.42
564,850.5076533,14.555607,230508.56
565,319.2835807,14.585317,105121.06
566,336.3096157,14.585317,73435.18
567,413.409088,14.585317,121842.91
568,329.1585032,14.649067,131857.9
569,403.231677,14.649067,1090202.4
570,425.2134173,14.649067,491012.47
571,434.2738644,14.649067,496472.66
572,441.1875542,14.649067,485888.1
573,868.5185587,14.678482,1451951.4
574,280.2630098,14.743908,153059.28
575,293.2468923,14.743908,163742.38
576,864.5242067,14.812029,99581.52
577,263.2365041,14.841734,89867.625
578,300.2891323,14.841734,145910.31
579,355.2833841,14.841734,181360.61
580,413.2890464,14.841734,85466.516
581,826.5084841,14.875862,78990.586
582,383.1397652,14.935359,112791.92
583,834.5133071,14.935359,1078183.9
584,882.5341448,14.935359,698991.06
585,702.5297511,14.973877,62752.2
586,796.4978691,14.973877,84022.42
587,263.2363203,15.032932,612551.1
588,337.2727382,15.032932,386897.22
589,355.2832587,15.032932,1264277.2
590,584.5024435,15.099935,137326.02
591,796.4977505,15.099935,249674.53
592,852.5236224,15.099935,3824493
593,279.2314036,15.138131,614481.9
594,335.1505991,15.138131,92457.89
595,576.3730071,15.167658,169520.62
596,814.5077948,15.197249,136582.83
597,844.5185764,15.197249,911152.25
598,848.5290593,15.197249,156482.88
599,309.2416349,15.23007,443519.75
600,326.3045186,15.23007,229783.53
601,810.5132919,15.259739,450481.72
602,340.3929405,15.293689,253767.44
603,870.5339885,15.293689,491182.2
604,309.2415983,15.3232,611179
605,866.5394025,15.3232,2305229.8
606,836.5288005,15.419248,1.96E+07
607,858.5336791,15.419248,474919.56
608,309.2415882,15.448574,174726.81
609,256.2628524,15.551061,360794.94
610,441.4405336,15.551061,1606155.1
611,798.5130643,15.551061,769266.1
612,828.5239909,15.58048,3269426.5
613,331.2833787,15.609895,90589.62
614,824.5285242,15.642145,280279.88
615,850.5443794,15.642145,3339250.8
616,854.5387851,15.671517,1777570.6
617,425.4453071,15.738024,202013.05
618,604.4044451,15.767538,140267.39
619,824.5288445,15.80482,253770.02
620,842.5393902,15.80482,1168112.5
621,313.2728909,15.863719,346689.2
622,331.2833878,15.863719,508953
623,868.55438,15.863719,854180.25
624,282.2786003,15.893075,443277.88
625,812.5288147,15.893075,1.25E+07
626,323.2571925,15.951822,69801.97
627,263.2363599,16.01753,570372.4
628,281.2469893,16.01753,634093.5
629,467.2976176,16.01753,221882.86
630,481.3128354,16.01753,232874.78
631,368.4242311,16.079638,2853876
632,826.5446846,16.079638,1865865.6
633,315.2522045,16.143824,270425.9
634,357.2989484,16.143824,454421.5
635,852.5593676,16.143824,1337081.5
636,604.4042461,16.17326,359640.8
637,609.3599096,16.17326,160885.48
638,476.3573887,16.23571,563647.94
639,481.3129761,16.23571,240730.94
640,408.3673518,16.32687,90802.71
641,782.5681573,16.356415,469069.84
642,604.404291,16.393354,402186.7
643,609.3599891,16.393354,203026.2
644,542.4045219,16.42285,100417.25
645,226.1796954,16.6067,248234.7
646,417.3677115,16.6067,276163.3
647,504.3889384,16.79917,306429.28
648,509.3451184,16.79917,314455.97
649,618.4201386,16.79917,276540.4
650,762.4992644,16.79917,182930.12
651,228.1955071,16.828382,258208.78
652,391.2834724,16.828382,638375.44
653,408.307719,16.828382,364873.28
654,343.2828887,16.857668,118396.22
655,632.4360135,16.891203,666054.4
656,637.3916297,16.891203,369188.72
657,380.2087225,17.016203,393354.06
658,637.3915218,17.016203,198531.67
659,721.5764394,17.016203,302669.9
660,646.4521409,17.04893,188152.52
661,483.3672455,17.108257,78758.9
662,490.3731217,17.108257,270981.7
663,518.4046296,17.108257,338641.47
664,523.3600714,17.108257,189198.92
665,646.4519076,17.199692,151371.84
666,229.1406614,17.238173,273253.1
667,490.3732155,17.238173,175832.64
668,544.4201919,17.238173,90716.17
669,310.3098455,17.26784,102344.94
670,660.467673,17.3615,162801.39
671,504.3884893,17.429688,269594.28
672,490.3731549,17.462873,283304.12
673,511.3019786,17.462873,85902.95
674,336.3253945,17.52219,97712.49
675,610.5761988,17.558704,956341.06
676,896.623635,17.558704,151747.34
677,490.3730212,17.618097,313848.06
678,674.4828544,17.618097,135765.03
679,610.5030363,17.655878,338969.7
680,341.3519273,17.715214,64808.902
681,524.4512913,17.715214,92141.86
682,480.4245172,17.774763,76106.86
683,436.399112,17.812277,82251.336
684,184.9852767,17.871546,2256477.8
685,688.4984317,17.871546,327238.62
686,693.4537314,17.871546,248007.52
687,709.4270621,17.871546,104625.77
688,522.5963443,17.995016,895476.1
689,844.6858098,17.995016,217347.27
690,610.5025751,18.05408,163801.4
691,615.4576807,18.05408,214697.1
692,638.60684,18.05408,1523131.1
693,721.5762221,18.05408,1808117.9
694,737.550421,18.05408,795750.1
695,732.5606823,18.083475,333885.88
696,474.3779299,18.11302,330414.4
697,699.5942964,18.11302,5338518.5
698,610.5023988,18.147514,143558.11
699,371.3144872,18.177101,1492625.6
700,391.2830221,18.210855,1.11E+07
701,413.2649764,18.210855,3114135.8
702,422.3248415,18.210855,259213.58
703,429.2387377,18.210855,2484506.2
704,803.5409776,18.210855,709504.1
705,383.3660424,18.269545,93582.445
706,184.9851833,18.305935,652427.75
707,597.4473066,18.463518,145545.5
708,338.3406584,18.493189,1192133.8
709,721.5758309,18.493189,657120.2
710,714.5858417,18.560791,294421.56
711,716.5297644,18.680414,93712.92
712,772.6122698,18.743736,44416.26
713,419.3144396,18.807959,362931.9
714,666.6378883,18.807959,764305
715,684.560201,18.807959,66331.65
716,327.2520103,18.867426,134125.03
717,488.3935796,18.867426,1768840.8
718,552.481834,18.903822,111143.82
719,508.456175,18.933594,86025.49
720,464.4298138,18.972221,100333.305
721,550.6274773,19.002333,621587.3
722,506.4406166,19.066975,115565.4
723,628.37271,19.129797,761439.25
724,721.5757903,19.129797,442360.03
725,730.6359086,19.129797,616819.3
726,744.6519661,19.129797,741629.25
727,1326.960186,19.129797,232461.66
728,750.5185139,19.190247,68017.9
729,778.5143988,19.190247,2158647
730,716.5646768,19.257956,121650.484
731,456.3456471,19.295942,127768.77
732,730.6356113,19.32588,1122466.6
733,699.5935959,19.423395,2.82E+07
734,744.6513443,19.423395,2174906.5
735,772.6814499,19.423395,528605.94
736,786.6621364,19.423395,1538430.8
737,800.6773074,19.423395,2.37E+07
738,1398.181396,19.423395,2843306.8
739,737.54907,19.58484,172280.64
740,758.6670683,19.58484,601825.94
741,730.6358587,19.615019,861874.25
742,516.424768,19.649122,142552.98
743,796.5913088,19.649122,129923.664
744,448.3901741,19.774609,64433.125
745,531.4067531,19.81195,248911.67
746,632.4903459,19.81195,100291.27
747,591.497183,19.841963,95272.59
748,796.591667,19.87199,113291.195
