row ID,row m/z,row retention time,Peak area,Standards Identification,SMILES,True Type,D Score,MD Score,type,elemental composition,identification,same composition,adduct ion,same peak,C10 loss,C10 loss_ion_pair,C10 loss_intensity_pair,C10 loss_score,C11 loss,C11 loss_ion_pair,C11 loss_intensity_pair,C11 loss_score,C9 loss,C9 loss_ion_pair,C9 loss_intensity_pair,C9 loss_score,C3 loss,C3 loss_ion_pair,C3 loss_intensity_pair,C3 loss_score,C2 loss,C2 loss_ion_pair,C2 loss_intensity_pair,C2 loss_score,C7 loss,C7 loss_ion_pair,C7 loss_intensity_pair,C7 loss_score
1,615.3149,11.2,1180000000.0,DA13_wikstroelide H (NSC-13),C=C(C)C12OC3(C=CC=CCCCCCCC)OC1C1C4OC4(CO)C(O)C4(O)C(=O)C(C)=CC4C1(O3)C(C)C2OC(C)=O,D,15,0,D,C34H46O10,possibly known,"yuahualine, std_wikstroelide H (DA13), genkwadane D",[M+H]+,none,none,none,none,none,none,none,none,none,none,none,none,none,C3H4O2,C20H20O5 / C17H16O3,600000.0 / 390000.0,3.4755,C2H4O2,C22H22O6 / C20H18O4,64000.0 / 790000.0,1.5813,none,none,none,none
2,643.3462,13.3,1160000000.0,DA15_wikstroelide A (NSC-1),C=C(C)C12OC3(C=CC=CCCCCCCCCC)OC1C1C4OC4(CO)C(O)C4(O)C(=O)C(C)=CC4C1(O3)C(C)C2OC(C)=O,D,13,0,D,C36H50O10,possibly known,"yuanhuamine C, std_wikstroelide A (DA15), wikstroelide L, acetoxyhuratoxin",[M+H]+,none,none,none,none,none,none,none,none,none,none,none,none,none,C3H4O2,C20H20O5 / C17H16O3,121302.8203125 / 60419.0546875,0.5441,C2H4O2,C36H50O10 / C34H46O8,174779.078125 / 3224.241943359375,0.304,none,none,none,none
3,689.2947,9.2,1200000000.0,DA23_daphneodorin E (DOL-J),C=C(C)C12OC3(C=CC=CC=CCCC)OC1C1C4OC4(CO)C(O)C4(O)C(=O)C(C)=CC4C1(O3)C(C)C2OC(=O)C=Cc1ccc(O)cc1,D,12,0,D,C39H44O11,possibly known,std_daphneodorin E (DA23),[M+H]+,none,none,none,none,none,none,none,none,none,C9H8O3,C29H30O9 / C20H22O6,14000.0 / 17000.0,0.1299,C3H4O2,C20H20O5 / C17H16O3,49000.0 / 25000.0,0.2244,none,none,none,none,none,none,none,none
4,649.3004,10.8,1660000000.0,DA18_yuanhuacine (DOL-C),C=C(C)C12OC3(C=CC=CCCCCC)OC1C1C4OC4(CO)C(O)C4(O)C(=O)C(C)=CC4C1(O3)C(C)C2OC(=O)c1ccccc1,D,15,0,D,C37H44O10,possibly known,"isoyuanhuacine, daphne factors P2, hirsein A, altadaphnan B, gnididin, std_yuanhuacine (DA18)",[M+H]+,none,C10H10O4,C27H26O7 / C17H16O3,100000.0 / 850000.0,1.8418,none,none,none,none,none,none,none,none,C3H4O2,C20H20O5 / C17H16O3,1200000.0 / 850000.0,7.6409,none,none,none,none,C7H6O2,C27H24O6 / C20H18O4,79000.0 / 1400000.0,2.654
5,691.3102,10.0,818000000.0,DA24_daphneodorin D (DOL-H),C=C(C)C12OC3(C=CC=CCCCCC)OC1C1C4OC4(CO)C(O)C4(O)C(=O)C(C)=CC4C1(O3)C(C)C2OC(=O)C=Cc1ccc(O)cc1,D,11,0,D,C39H46O11,possibly known,std_daphneodorin D (DA24),[M+H]+,none,none,none,none,none,none,none,none,none,C9H8O3,C29H26O7 / C20H18O4,47000.0 / 2200000.0,3.8524,C3H4O2,C20H20O5 / C17H16O3,1800000.0 / 1200000.0,10.7143,none,none,none,none,none,none,none,none
6,647.2842,9.9,1190000000.0,DA16_yuanhuajine (DOL-A),C=C(C)C12OC3(C=CC=CC=CCCC)OC1C1C4OC4(CO)C(O)C4(O)C(=O)C(C)=CC4C1(O3)C(C)C2OC(=O)c1ccccc1,D,12,0,D,C37H42O10,possibly known,"altadaphnan C, std_yuanhuajine (DA16), daphne factors P1, std_gniditrin (DA17), odoratrin",[M+H]+,none,C10H10O4,C27H26O7 / C17H16O3,20000.0 / 110000.0,0.2726,none,none,none,none,none,none,none,none,C3H4O2,C20H20O5 / C17H16O3,150000.0 / 110000.0,0.9941,none,none,none,none,C7H6O2,C27H26O7 / C20H20O5,20000.0 / 150000.0,0.336
7,673.3003,10.7,776000000.0,"DA21_12-O-(E)-cinnamoyl-9,13,14-ortho-(2E,4E,6E)-decatrienylidyne-5b,12b-dihydroxyresiniferonol-6a,7a-oxide (DOL-B)",C=C(C)C12OC3(C=CC=CCCCCC)OC1C1C4OC4(CO)C(O)C4(O)C(=O)C(C)=CC4C1(O3)C(C)C2OC(=O)C=Cc1ccccc1,D,14,0,D,C39H44O10,possibly known,"std_12-O-(E)-cinnamoyl-9,13,14-ortho-(2E,4E)-decadienylidyne-5ﾎｲ,12ﾎｲ-dihydroxyresiniferonol-6ﾎｱ,7ﾎｱ-oxide (DA21)",[M+H]+,none,none,none,none,none,none,none,none,none,C9H8O2,C29H30O8 / C20H22O6,480000.0 / 580000.0,4.4587,C3H4O2,C20H20O5 / C17H16O3,2000000.0 / 1200000.0,10.6667,none,none,none,none,none,none,none,none
9,585.3413,13.7,1520000000.0,DA06_huratoxin (NSC-2),C=C(C)C12CC(C)C34OC(C=CC=CCCCCCCCCC)(OC1C3C1OC1(CO)C(O)C1(O)C(=O)C(C)=CC14)O2,D,13,0,D,C34H48O8,possibly known,std_huratoxin (DA06),[M+H]+,none,none,none,none,none,none,none,none,none,none,none,none,none,C3H4O2,C20H20O4 / C17H16O2,380000.0 / 900000.0,3.531,none,none,none,none,none,none,none,none
10,599.3564,14.5,890000000.0,DA09_wikstrotoxin A (NSC-3),C=C(C)C12CC(C)C34OC(C=CC=CCCCCCCCCCC)(OC1C3C1OC1(CO)C(O)C1(O)C(=O)C(C)=CC14)O2,D,13,0,D,C35H50O8,possibly known,std_wikstrotoxin A (DA09),[M+H]+,none,none,none,none,none,none,none,none,none,none,none,none,none,C3H4O2,C20H20O4 / C17H16O2,670000.0 / 1900000.0,6.5655,none,none,none,none,none,none,none,none
11,519.2948,10.2,967000000.0,DA02_daphnepedunin J (TDPE-19),C=C(C)C12CC(C)C34OC(CCCCCCCC)(OC1C3C1OC1(CO)C(O)C1(O)C(=O)C(C)=CC14)O2,D,17,0,D,C29H42O8,possibly known,std_daphnepedunin J (DA02),[M+H]+,none,none,none,none,none,none,none,none,none,C9H18O2,C29H42O8 / C20H24O6,5000000.0 / 630000.0,11.0288,C3H4O2,C20H20O4 / C17H16O2,3500000.0 / 7800000.0,32.0829,none,none,none,none,none,none,none,none
12,585.3414,8.7,95600000.0,DA11_wikstroelide M (NSC-8),C=C(C)C1(O)CC(C)C2(O)C(C1OC(=O)C=CC=CCCCCCCCCC)C1OC1(CO)C(O)C1(O)C(=O)C(C)=CC12,D,19,0,D,C34H48O8,possibly known,std_huratoxin (DA06),[M+H-H2O]+,"12, 59",none,none,none,none,none,none,none,none,none,none,none,none,C3H4O2,C20H20O4 / C17H16O2,130000.0 / 180000.0,1.172,none,none,none,none,none,none,none,none
13,633.3262,7.4,59200000.0,DA14_stelleralide K (NSC-5),C=C(C)C1(O)C(OC(C)=O)C(C)C2(O)C(C3OC3(CO)C(O)C3(O)C(=O)C(C)=CC32)C1OC(=O)C=CC=CCCCCCCC,D,20,0,D,C34H48O11,possibly known,std_stelleralide K (DA14),[M+H]+,"13, 60",none,none,none,none,none,none,none,none,none,none,none,none,C3H4O2,C20H20O5 / C17H16O3,170000.0 / 86000.0,0.7728,C2H4O2,C22H24O7 / C20H20O5,27000.0 / 170000.0,0.4017,none,none,none,none
14,529.2795,9.6,257000000.0,DA03_excoecariatoxin (WLI-k),C=C(C)C12CC(C)C34OC(C=CC=CCCCCC)(OC1C3C1OC1(CO)C(O)C1(O)C(=O)C(C)=CC14)O2,D,14,0,D,C30H40O8,possibly known,std_excoecariatoxin (DA03),[M+H]+,none,none,none,none,none,none,none,none,none,C9H8O2,C29H32O4 / C20H24O6,13000.0 / 160000.0,0.3204,C3H4O2,C20H20O4 / C17H16O2,600000.0 / 1700000.0,5.8778,none,none,none,none,none,none,none,none
15,533.3104,11.6,877000000.0,DA04_simplexin (WSC-n),C=C(C)C12CC(C)C34OC(CCCCCCCCC)(OC1C3C1OC1(CO)C(O)C1(O)C(=O)C(C)=CC14)O2,D,14,0,D,C30H44O8,possibly known,"wikstroelide E, std_simplexin (DA04)",[M+H]+,none,C10H20O2,C30H44O8 / C20H24O6,1900000.0 / 240000.0,4.1938,none,none,none,none,none,none,none,none,C3H4O2,C20H20O4 / C17H16O2,1400000.0 / 2800000.0,12.6,none,none,none,none,none,none,none,none
16,719.3053,9.0,723000000.0,DA26_acutilobin C (DOL-K),C=C(C)C12OC3(C=CC=CC=CCCC)OC1C1C4OC4(CO)C(O)C4(O)C(=O)C(C)=CC4C1(O3)C(C)C2OC(=O)C=Cc1ccc(O)c(OC)c1,D,14,0,D,C40H46O12,possibly known,std_acutilobin C (DA26),[M+H]+,none,C10H10O4,C30H32O10 / C20H22O6,930000.0 / 790000.0,7.396,none,none,none,none,none,none,none,none,C3H4O2,C20H20O5 / C17H16O3,2100000.0 / 1400000.0,12.5,none,none,none,none,none,none,none,none
22,675.3156,11.5,1060000000.0,"DA22_12-O-(E)-cinnamoyl-9,13,14-ortho-(2E,4E)-decadienylidyne-5b,12b-dihydroxyresiniferonol-6ﾎｱ,7ﾎｱ-oxide (DOSO-M)",C=C(C)C12OC3(C=CC=CC=CCCC)OC1C1C4OC4(CO)C(O)C4(O)C(=O)C(C)=CC4C1(O3)C(C)C2OC(=O)C=Cc1ccccc1,D,12,0,D,C39H46O10,possibly known,"std_12-O-(E)-cinnamoyl-9,13,14-ortho-(2E,4E,6E)-decatrienylidyne-5ﾎｲ,12ﾎｲ-dihydroxyresiniferonol-6ﾎｱ,7ﾎｱ-oxide (DA22)",[M+H]+,none,C10H20O2,C27H32O5 / C17H12O3,17000.0 / 19000.0,0.162,none,none,none,none,C9H8O2,C29H26O6 / C20H18O4,43000.0 / 1200000.0,2.1718,C3H4O2,C20H20O5 / C17H16O3,930000.0 / 640000.0,5.7323,none,none,none,none,none,none,none,none
23,647.2843,9.6,1480000000.0,DA17_gniditrin (DOSO-N),C=C(C)C12OC3(c4ccccc4)OC1C1C4OC4(CO)C(O)C4(O)C(=O)C(C)=CC4C1(O3)C(C)C2OC(=O)C=CC=CC=CCCC,D,14,0,D,C37H42O10,possibly known,"altadaphnan C, std_yuanhuajine (DA16), daphne factors P1, std_gniditrin (DA17), odoratrin",[M+H]+,none,C10H10O4,C27H26O7 / C17H16O3,750000.0 / 16000000.0,29.6892,none,none,none,none,none,none,none,none,C3H4O2,C20H20O5 / C17H16O3,9500000.0 / 16000000.0,84.4481,none,none,none,none,C7H6O2,C27H24O6 / C20H18O4,1500000.0 / 11000000.0,24.8016
24,721.3205,9.8,652000000.0,DA27_acutilobin D (DOL-I),C=C(C)C12OC3(C=CC=CCCCCC)OC1C1C4OC4(CO)C(O)C4(O)C(=O)C(C)=CC4C1(O3)C(C)C2OC(=O)C=Cc1ccc(O)c(OC)c1,D,12,0,D,C40H48O12,possibly known,std_acutilobin D (DA27),[M+H]+,none,C10H10O4,C30H32O10 / C20H22O6,18000.0 / 21000.0,0.169,none,none,none,none,none,none,none,none,C3H4O2,C20H20O5 / C17H16O3,74000.0 / 50000.0,0.447,none,none,none,none,none,none,none,none
28,693.3252,8.0,503000000.0,DA25_daphneodorin G (DOSO-Q),C=C(C)C1(O)C(OC(=O)C=Cc2ccccc2)C(C)C2(O)C(C3OC3(CO)C(O)C3(O)C(=O)C(C)=CC32)C1OC(=O)C=CC=CCCCCC,D,18,0,D,C39H48O11,possibly known,std_daphneodorin G (DA25),[M+H]+,"28, 80",none,none,none,none,none,none,none,none,C9H8O2,C39H48O11 / C30H40O9,1100000.0 / 470000.0,4.3549,C3H4O2,C20H20O5 / C17H16O3,1100000.0 / 470000.0,4.3549,none,none,none,none,none,none,none,none
29,653.3314,9.2,2110000000.0,DA19_daphneodorin H (DOSO-H),C=C(C)C1(O)CC(C)C2(O)C(C1O)C1OC3(C(OC(=O)C=CC=CC=CCCC)C(C)CC23)C(O)C1(O)COC(=O)c1ccccc1,D,9,0,D,C37H48O10,possibly known,"std_daphneodorin H (DA19), wikstroelide O, genkwanine E, genkwanine C",[M+H]+,"29, 61",C10H10O4,C27H30O6 / C17H20O2,290000.0 / 27000.0,0.596,none,none,none,none,none,none,none,none,C3H4O2,C20H24O4 / C17H20O2,250000.0 / 27000.0,0.5306,none,none,none,none,C7H6O2,C27H30O6 / C20H24O4,290000.0 / 250000.0,2.3516
30,737.3159,5.4,124000000.0,DA28_daphneodorin F (DOL-U),C=C(C)C1(O)C(OC(=O)C=Cc2ccc(O)c(OC)c2)C(C)C2(O)C(C3OC3(CO)C(O)C3(O)C(=O)C(C)=CC32)C1OC(=O)C=CC=CC=CCCC,D,18,0,D,C40H48O13,possibly known,std_daphneodorin F (DA28),[M+H]+,"30, 62",C10H10O4,C30H32O10 / C20H22O6,26000.0 / 49000.0,0.2324,none,none,none,none,none,none,none,none,C3H4O2,C20H20O5 / C17H16O3,86000.0 / 44000.0,0.3949,none,none,none,none,none,none,none,none
51,483.2007,4.5,2810000000.0,DA01_daphnetoxin (DPSft-28),C=C(C)C12CC(C)C34OC(c5ccccc5)(OC1C3C1OC1(CO)C(O)C1(O)C(=O)C(C)=CC14)O2,D,15,0,D,C27H30O8,possibly known,std_daphnetoxin (DA01),[M+H]+,none,C10H10O4,C27H26O6 / C17H16O2,113438.7813 / 2099114.75,3.9582,none,none,none,none,none,none,none,none,C3H4O2,C20H20O4 / C17H16O2,966125.25 / 2099114.75,8.812,none,none,none,none,C7H6O2,C27H30O8 / C20H24O6,21152604.0 / 312177.9375,36.4821
52,603.2209,6.7,2260000000.0,DA10_genkwadaphnin (DPSft-21),C=C(C)C12OC3(c4ccccc4)OC1C1C4OC4(CO)C(O)C4(O)C(=O)C(C)=CC4C1(O3)C(C)C2OC(=O)c1ccccc1,D,10,0,D,C34H34O10,possibly known,std_genkwadaphnin (DA10),[M+H]+,none,C10H10O4,C27H24O6 / C17H14O2,2700.0 / 22000.0,0.0482,none,none,none,none,none,none,none,none,C3H4O2,C20H20O5 / C17H16O3,38000.0 / 130000.0,0.4009,none,none,none,none,C7H6O2,C27H24O6 / C20H18O4,2700.0 / 81000.0,0.1458
53,609.2678,8.3,5380000000.0,DA12_genkwanine H (DPSft-2),C=C(C)C12CC(C)C34OC(c5ccccc5)(OC1C3C(O)C(O)(COC(=O)c1ccccc1)C(O)C1(O)C(O)C(C)CC14)O2,D,22,0,D,C34H40O10,possibly known,"yuanhuakine D, std_genkwanine H (DA12), onishibarin C, neogenkwanine G, genkwanine D, genkwanine VIII",[M+H]+,none,C10H10O4,C27H30O6 / C17H20O2,260000.0 / 230000.0,2.1827,none,none,none,none,none,none,none,none,C3H4O2,C20H24O4 / C17H20O2,270000.0 / 230000.0,2.1552,none,none,none,none,C7H6O2,C27H30O6 / C20H24O4,260000.0 / 270000.0,2.5536
54,655.2537,8.6,4360000000.0,DA20_mezereine (DPSft-16),C=C(C)C12OC3(c4ccccc4)OC1C1C4OC4(CO)C(O)C4(O)C(=O)C(C)=CC4C1(O3)C(C)C2OC(=O)C=CC=Cc1ccccc1,D,14,0,D,C38H38O10,possibly known,std_mezerein (DA20),[M+H]+,none,C10H10O4,C27H26O7 / C17H16O3,910000.0 / 14000000.0,27.0514,C11H10O2,C31H32O8 / C20H22O6,1900000.0 / 2600000.0,17.161,none,none,none,none,C3H4O2,C20H20O5 / C17H16O3,8000000.0 / 14000000.0,71.1765,none,none,none,none,C7H6O2,C27H24O6 / C20H18O4,770000.0 / 11000000.0,21.4913
56,591.2588,8.4,4030000000.0,DA08_genkwanine M (DPSft12),C=C(C)C12CC(C)C34OC(c5ccccc5)(OC1C3C1OC1(COC(=O)c1ccccc1)C(O)C1(O)C(O)C(C)CC14)O2,D,6,0,D,C34H38O9,possibly known,"std_genkwanine N (DA07), std_genkwanine M (DA08)",[M+H]+,none,C10H10O4,C27H30O6 / C17H20O2,4706969.0 / 76637416.0,146.9084,none,none,none,none,none,none,none,none,C3H4O2,C20H24O4 / C17H20O2,5983355.5 / 76637416.0,152.4187,none,none,none,none,C7H6O2,C27H30O6 / C20H24O4,4706969.0 / 5983355.5,43.1482
57,547.3266,12.7,2880000000.0,DA05_daphnepedunin I (TDPE-60),C=C(C)C12CC(C)C34OC(CCCCCCCCCC)(OC1C3C1OC1(CO)C(O)C1(O)C(=O)C(C)=CC14)O2,D,14,0,D,C31H46O8,possibly known,std_daphnepedunin I (DA05),[M+H]+,none,none,none,none,none,C11H22O2,C31H46O8 / C20H24O6,420000.0 / 62000.0,0.9696,none,none,none,none,C3H4O2,C20H20O4 / C17H16O2,340000.0 / 650000.0,3.0438,none,none,none,none,none,none,none,none
58,591.259,8.8,206000000.0,DA07_genkwanine N (Dpsft15),C=C(C)C12CC(C)C34OC(c5ccccc5)(OC1C3C1OC1(CO)C(O)C1(O)C(OC(=O)c3ccccc3)C(C)CC14)O2,D,19,0,D,C34H38O9,possibly known,"std_genkwanine N (DA07), std_genkwanine M (DA08)",[M+H]+,none,C10H10O4,C27H30O6 / C17H20O2,330000.0 / 810000.0,3.0943,none,none,none,none,none,none,none,none,C3H4O2,C20H24O4 / C17H20O2,650000.0 / 810000.0,5.9876,none,none,none,none,C7H6O2,C27H30O6 / C20H24O4,330000.0 / 650000.0,2.9642
59,603.352,8.7,68400639.45,DA11_wikstroelide M (NSC-8),C=C(C)C1(O)CC(C)C2(O)C(C1OC(=O)C=CC=CCCCCCCCCC)C1OC1(CO)C(O)C1(O)C(=O)C(C)=CC12,D,14,0,D,C34H50O9,possibly known,std_wikstroelide M (DA11),[M+H]+,"12, 59",none,none,none,none,none,none,none,none,none,none,none,none,C3H4O2,C20H20O4 / C17H16O2,88000.0 / 38000.0,0.3512,none,none,none,none,none,none,none,none
60,615.3159,7.4,40637896.57,DA14_stelleralide K (NSC-5),C=C(C)C1(O)C(OC(C)=O)C(C)C2(O)C(C3OC3(CO)C(O)C3(O)C(=O)C(C)=CC32)C1OC(=O)C=CC=CCCCCCCC,D,12,0,D,C34H46O10,possibly known,"yuahualine, std_wikstroelide H (DA13), genkwadane D",[M+H-H2O]+,"13, 60",none,none,none,none,none,none,none,none,none,none,none,none,C3H4O2,C20H20O5 / C17H16O3,150000.0 / 67000.0,0.6147,C2H4O2,C22H24O7 / C20H20O5,23000.0 / 150000.0,0.3505,none,none,none,none
61,635.3208,9.2,474013707.4,DA19_daphneodorin H (DOSO-H),C=C(C)C1(O)CC(C)C2(O)C(C1O)C1OC3(C(OC(=O)C=CC=CC=CCCC)C(C)CC23)C(O)C1(O)COC(=O)c1ccccc1,D,10,0,D,C37H46O9,possibly known,acutilonine F,[M+H-H2O]+,"29, 61",C10H10O4,C27H30O6 / C17H20O2,140000.0 / 33000.0,0.3867,none,none,none,none,none,none,none,none,C3H4O2,C20H24O4 / C17H20O2,130000.0 / 33000.0,0.3721,none,none,none,none,C7H6O2,C27H30O6 / C20H24O4,140000.0 / 130000.0,1.2569
62,719.3055,5.4,431219695.0,DA28_daphneodorin F (DOL-U),C=C(C)C1(O)C(OC(=O)C=Cc2ccc(O)c(OC)c2)C(C)C2(O)C(C3OC3(CO)C(O)C3(O)C(=O)C(C)=CC32)C1OC(=O)C=CC=CC=CCCC,D,8,0,D,C40H46O12,possibly known,std_acutilobin C (DA26),[M+H-H2O]+,"30, 62",C10H10O4,C30H32O10 / C20H22O6,86000.0 / 100000.0,0.8083,none,none,none,none,none,none,none,none,C3H4O2,C20H20O5 / C17H16O3,170000.0 / 130000.0,1.1842,none,none,none,none,none,none,none,none
80,675.3157,8.0,780000000.0,DA25_daphneodorin G (DOSO-Q),C=C(C)C1(O)C(OC(=O)C=Cc2ccccc2)C(C)C2(O)C(C3OC3(CO)C(O)C3(O)C(=O)C(C)=CC32)C1OC(=O)C=CC=CCCCCC,D,12,0,D,C39H46O10,possibly known,"std_12-O-(E)-cinnamoyl-9,13,14-ortho-(2E,4E,6E)-decatrienylidyne-5ﾎｲ,12ﾎｲ-dihydroxyresiniferonol-6ﾎｱ,7ﾎｱ-oxide (DA22)",[M+H-H2O]+,"28, 80",none,none,none,none,none,none,none,none,C9H8O2,C29H26O6 / C20H18O4,21748.34765625 / 721974.4375,1.2898,C3H4O2,C20H20O5 / C17H16O3,580806.9375 / 382516.6875,3.412,none,none,none,none,none,none,none,none
