Latin,Family,Species,Genus,PlotSampled,ScottyCreek,WindRiver,CedarBreaks,TysonResearchCenter,MichiganBigWoods,SCBI,SERC
Alnus_crispa,Betulaceae,ALNUCR,ALNU,ScottyCreek,1,0,0,0,0,0,0
Betula_alleghaniensis,Betulaceae,BETUAL,BETU,Michigan,0,0,0,0,1,0,0
Betula_glandulosa,Betulaceae,BETUGL,BETU,ScottyCreek,1,0,0,0,0,0,0
Betula_neoalaskana,Betulaceae,BETUNE,BETU,ScottyCreek,1,0,0,0,0,0,0
Betula hybrid Scotty Creek,Betulaceae,BETUX1,BETU,ScottyCreek,1,0,0,0,0,0,0
Carpinus_caroliniana,Betulaceae,CARPCA,CARP,SCBI,0,0,0,0,0,1,1
Carpinus_caroliniana,Betulaceae,CARPCA,CARP,Michigan,0,0,0,0,1,0,0
Corylus_americana,Betulaceae,CORYAM,CORY,SCBI,0,0,0,0,0,1,0
Corylus_americana,Betulaceae,CORYAM,CORY,Michigan,0,0,0,0,1,0,0
Corylus_cornuta,Betulaceae,CORYCO,CORY,Windriver,0,1,0,0,0,0,0
Ostrya_virginiana,Betulaceae,OSTRVI,OSTR,SCBI,0,0,0,0,0,1,0
Ostrya_virginiana,Betulaceae,OSTRVI,OSTR,TysonResearch,0,0,0,1,0,0,0
Ostrya_virginiana,Betulaceae,OSTRVI,OSTR,Michigan,0,0,0,0,1,0,0
Cercis_canadensis,Fabaceae,CERCCA,CERC,SCBI,0,0,0,0,0,1,1
Cercis_canadensis,Fabaceae,CERCCA,CERC,TysonResearch,0,0,0,1,0,0,0
Gleditsia_triacanthos,Fabaceae,GLEDTR,GLED,TysonResearch,0,0,0,1,0,0,0
Robinia_pseudoacacia,Fabaceae,ROBIPS,ROBI,SCBI,0,0,0,0,0,1,0
Robinia_pseudoacacia,Fabaceae,ROBIPS,ROBI,Michigan,0,0,0,0,1,0,0
Euonymus_alatus,Celastraceae,EUONAL,EUON,SCBI,0,0,0,0,0,1,0
Populus_grandidentata,Salicaceae,POPUGR,POPU,Michigan,0,0,0,0,1,0,1
Populus_tremuloides,Salicaceae,POPUTR,POPU,CedarBreaks,0,0,1,0,0,0,0
Salix_nigra,Salicaceae,SALINI,SALI,SERC,0,0,0,0,0,0,1
Salix_sp,Salicaceae,SALISP,SALI,ScottyCreek,1,0,0,0,0,0,0
Carya_alba,Juglandaceae,CARYAL,CARY,SERC,0,0,0,0,0,0,1
Carya_cordiformis,Juglandaceae,CARYCO,CARY,SCBI,0,0,0,0,0,1,1
Carya_cordiformis,Juglandaceae,CARYCO,CARY,TysonResearch,0,0,0,1,1,0,0
Carya_glabra,Juglandaceae,CARYGL,CARY,SCBI,0,0,0,0,0,1,0
Carya_glabra,Juglandaceae,CARYGL,CARY,SERC,0,0,0,0,0,0,1
Carya_glabra,Juglandaceae,CARYGL,CARY,TysonResearch,0,0,0,1,0,0,0
Carya_glabra,Juglandaceae,CARYGL,CARY,Michigan,0,0,0,0,1,0,0
Carya_ovalis,Juglandaceae,CARYO1,CARY,SCBI,0,0,0,0,0,1,0
Carya_ovata,Juglandaceae,CARYO2,CARY,TysonResearch,0,0,0,1,0,0,0
Carya_ovata,Juglandaceae,CARYO2,CARY,Michigan,0,0,0,0,1,0,0
Carya_texana,Juglandaceae,CARYTE,CARY,TysonResearch,0,0,0,1,0,0,0
Carya_tomentosa,Juglandaceae,CARYTO,CARY,SCBI,0,0,0,0,0,1,0
Carya_tomentosa,Juglandaceae,CARYTO,CARY,TysonResearch,0,0,0,1,0,0,0
Juglans_cinerea,Juglandaceae,JUGLCI,JUGL,SCBI,0,0,0,0,0,1,0
Juglans_nigra,Juglandaceae,JUGLNI,JUGL,SCBI,0,0,0,0,0,1,1
Juglans_nigra,Juglandaceae,JUGLNI,JUGL,TysonResearch,0,0,0,1,1,0,0
Amelanchier_alnifolia,Rosaceae,AMELAL,AMEL,Windriver,0,1,1,0,0,0,0
Amelanchier_arborea,Rosaceae,AMELAR,AMEL,SCBI,0,0,0,0,0,1,1
Amelanchier_arborea,Rosaceae,AMELAR,AMEL,TysonResearch,0,0,0,1,0,0,0
Amelanchier_arborea,Rosaceae,AMELAR,AMEL,Michigan,0,0,0,0,1,0,0
Amelanchier_canadensis,Rosaceae,AMELCA,AMEL,SERC,0,0,0,0,0,0,1
Crataegus_sp,Rosaceae,CRATS1,CRAT,SCBI,0,0,0,1,0,1,0
Holodiscus_discolor,Rosaceae,HOLODI,HOLO,Windriver,0,1,0,0,0,0,0
Prunus_americana,Rosaceae,PRUNAM,PRUN,TysonResearch,0,0,0,1,0,0,0
Prunus_avium,Rosaceae,PRUNAV,PRUN,SCBI,0,0,0,0,0,1,1
Prunus_serotina,Rosaceae,PRUNSE,PRUN,SCBI,0,0,0,0,0,1,0
Prunus_serotina,Rosaceae,PRUNSE,PRUN,SERC,0,0,0,0,0,0,1
Prunus_serotina,Rosaceae,PRUNSE,PRUN,TysonResearch,0,0,0,1,0,0,0
Prunus_serotina,Rosaceae,PRUNSE,PRUN,Michigan,0,0,0,0,1,0,0
Prunus_virginiana,Rosaceae,PRUNVI,PRUN,Michigan,0,0,0,0,1,0,0
Rosa_multiflora,Rosaceae,ROSAMU,ROSA,SERC,0,0,0,0,0,0,1
Rosa_multiflora,Rosaceae,ROSAMU,ROSA,SCBI,0,0,0,0,0,1,0
Rubus_allegheniensis,Rosaceae,RUBUAL,RUBU,SCBI,0,0,0,0,0,1,1
Rubus_allegheniensis,Rosaceae,RUBUAL,RUBU,Michigan,0,0,0,0,1,0,0
Rubus_pensilvanicus,Rosaceae,RUBUPE,RUBU,SCBI,0,0,0,0,0,1,1
Rubus_phoenicolasius,Rosaceae,RUBUPH,RUBU,SCBI,0,0,0,0,0,1,0
Rubus_sp,Rosaceae,RUBUS1,RUBU,Windriver,0,1,0,0,0,0,0
Celtis_occidentalis,Cannabaceae,CELTOC,CELT,SCBI,0,0,0,0,0,1,1
Celtis_occidentalis,Cannabaceae,CELTOC,CELT,TysonResearch,0,0,0,1,0,0,0
Celtis_tenuifolia,Cannabaceae,CELTTE,CELT,TysonResearch,0,0,0,1,0,0,0
Cercocarpus_ledifolius,Rosaceae,CERCLE,CERC,CedarBreaks,0,0,1,0,0,0,0
Elaeagnus_angustifolia,Elaeagnaceae,ELAEAN,ELAE,SERC,0,0,0,0,0,0,1
Elaeagnus_umbellata,Elaeagnaceae,ELAEUM,ELAE,SCBI,0,0,0,0,0,1,1
Elaeagnus_umbellata,Elaeagnaceae,ELAEUM,ELAE,Michigan,0,0,0,0,1,0,0
Frangula_caroliniana,Rhamnaceae,FRANCA,FRAN,TysonResearch,0,0,0,1,0,0,0
Morus_rubra,Moraceae,MORURU,MORU,SERC,0,0,0,0,0,0,1
Morus_rubra,Moraceae,MORURU,MORU,TysonResearch,0,0,0,1,0,0,0
Ulmus_americana,Ulmaceae,ULMUAM,ULMU,SCBI,0,0,0,0,0,1,0
Ulmus_americana,Ulmaceae,ULMUAM,ULMU,SERC,0,0,0,0,0,0,1
Ulmus_americana,Ulmaceae,ULMUAM,ULMU,Michigan,0,0,0,0,1,0,0
Ulmus_rubra,Ulmaceae,ULMURU,ULMU,SCBI,0,0,0,0,0,1,1
Ulmus_rubra,Ulmaceae,ULMURU,ULMU,TysonResearch,0,0,0,1,0,0,0
Asimina_triloba,Annonaceae,ASIMTR,ASIM,SCBI,0,0,0,0,0,1,1
Asimina_triloba,Annonaceae,ASIMTR,ASIM,TysonResearch,0,0,0,1,0,0,0
Berberis_thunbergii,Berberidaceae,BERBTH,BERB,SCBI,0,0,0,0,0,1,0
Berberis_thunbergii,Berberidaceae,BERBTH,BERB,Michigan,0,0,0,0,1,0,0
Platanus_occidentalis,Platanaceae,PLATOC,PLAT,SCBI,0,0,0,1,0,1,0
Platanus_occidentalis,Platanaceae,PLATOC,PLAT,SERC,0,0,0,0,0,0,1
Lindera_benzoin,Lauraceae,LINDBE,LIND,SCBI,0,0,0,0,0,1,0
Lindera_benzoin,Lauraceae,LINDBE,LIND,SERC,0,0,0,0,0,0,1
Lindera_benzoin,Lauraceae,LINDBE,LIND,TysonResearch,0,0,0,1,0,0,0
Lindera_benzoin,Lauraceae,LINDBE,LIND,Michigan,0,0,0,0,1,0,0
Liriodendron_tulipifera,Magnoliaceae,LIRITU,LIRI,SCBI,0,0,0,0,0,1,1
Sassafras_albidum,Lauraceae,SASSAL,SASS,SCBI,0,0,0,0,0,1,0
Sassafras_albidum,Lauraceae,SASSAL,SASS,SERC,0,0,0,0,0,0,1
Sassafras_albidum,Lauraceae,SASSAL,SASS,TysonResearch,0,0,0,1,0,0,0
Sassafras_albidum,Lauraceae,SASSAL,SASS,Michigan,0,0,0,0,1,0,0
Cornus_alternifolia,Cornaceae,CORNAL,CORN,SCBI,0,0,0,0,0,1,0
Cornus_alternifolia,Cornaceae,CORNAL,CORN,Michigan,0,0,0,0,1,0,0
Cornus_amomum,Cornaceae,CORNAM,CORN,Michigan,0,0,0,0,1,0,0
Cornus_drummondii,Cornaceae,CORNDR,CORN,TysonResearch,0,0,0,1,0,0,0
Cornus_florida,Cornaceae,CORNFL,CORN,TysonResearch,0,0,0,1,0,0,0
Cornus_florida,Cornaceae,CORNFL,CORN,SCBI,0,0,0,0,0,1,0
Cornus_florida,Cornaceae,CORNFL,CORN,SERC,0,0,0,0,0,0,1
Cornus_florida,Cornaceae,CORNFL,CORN,Michigan,0,0,0,0,1,0,0
Cornus_nuttallii,Cornaceae,CORNNU,CORN,Windriver,0,1,0,0,0,0,0
Diospyros_virginiana,Ebenaceae,DIO2VI,DIO2,SCBI,0,0,0,0,0,1,1
Diospyros_virginiana,Ebenaceae,DIO2VI,DIO2,TysonResearch,0,0,0,1,0,0,0
Gaultheria_shallon,Ericaceae,GAULSH,GAUL,Windriver,0,1,0,0,0,0,0
Kalmia_latifolia,Ericaceae,KALMLA,KALM,SERC,0,0,0,0,0,0,1
Menziesia_ferruginea,Ericaceae,MENZFE,MENZ,Windriver,0,1,0,0,0,0,0
Rhododendron_macrophyllum,Ericaceae,RHODMA,RHOD,Windriver,0,1,0,0,0,0,0
Rhododendron_arborescens,Ericaceae,RHODAR,RHOD,SERC,0,0,0,0,0,0,1
Sideroxylon_lanuginosum,Sapotaceae,SIDELA,SIDE,TysonResearch,0,0,0,1,0,0,0
Vaccinium_corymbosum,Ericaceae,VACCCO,VACC,SERC,0,0,0,0,0,0,1
Vaccinium_corymbosum,Ericaceae,VACCCO,VACC,Michigan,0,0,0,0,1,0,0
Vaccinium_parvifolium,Ericaceae,VACCPA,VACC,Windriver,0,1,0,0,0,0,0
Castanea_dentata,Fagaceae,CASTDE,CAST,SCBI,0,0,0,0,0,1,0
Fagus_grandifolia,Fagaceae,FAGUGR,FAGU,SCBI,0,0,0,0,0,1,0
Fagus_grandifolia,Fagaceae,FAGUGR,FAGU,SERC,0,0,0,0,0,0,1
Fagus_grandifolia,Fagaceae,FAGUGR,FAGU,Michigan,0,0,0,0,1,0,0
Quercus_alba,Fagaceae,QUERAL,QUER,SCBI,0,0,0,0,0,1,1
Quercus_alba,Fagaceae,QUERAL,QUER,TysonResearch,0,0,0,1,0,0,0
Quercus_alba,Fagaceae,QUERAL,QUER,Michigan,0,0,0,0,1,0,0
Quercus_coccinea,Fagaceae,QUERCO,QUER,SCBI,0,0,0,0,0,1,1
Quercus_falcata,Fagaceae,QUERFA,QUER,SERC,0,0,0,0,0,1,1
Quercus_marilandica,Fagaceae,QUERMA,QUER,TysonResearch,0,0,0,1,0,0,0
Quercus_michauxii,Fagaceae,QUERMI,QUER,SCBI,0,0,0,0,0,1,0
Quercus_michauxii,Fagaceae,QUERMI,QUER,SERC,0,0,0,0,0,0,1
Quercus_muehlenbergii,Fagaceae,QUERMU,QUER,SCBI,0,0,0,0,0,1,0
Quercus_muehlenbergii,Fagaceae,QUERMU,QUER,TysonResearch,0,0,0,1,0,0,0
Quercus_pagoda,Fagaceae,QUERP1,QUER,SERC,0,0,0,0,0,0,1
Quercus_prinus,Fagaceae,QUERPR,QUER,SCBI,0,0,0,0,0,1,1
Quercus_rubra,Fagaceae,QUERRU,QUER,SCBI,0,0,0,0,0,1,0
Quercus_rubra,Fagaceae,QUERRU,QUER,SERC,0,0,0,0,0,0,1
Quercus_rubra,Fagaceae,QUERRU,QUER,TysonResearch,0,0,0,1,0,0,0
Quercus_rubra,Fagaceae,QUERRU,QUER,Michigan,0,0,0,0,1,0,0
Quercus_stellata,Fagaceae,QUERST,QUER,SERC,0,0,0,0,0,0,1
Quercus_stellata,Fagaceae,QUERST,QUER,TysonResearch,0,0,0,1,0,0,0
Quercus_velutina,Fagaceae,QUERVE,QUER,SCBI,0,0,0,0,0,1,1
Quercus_velutina,Fagaceae,QUERVE,QUER,TysonResearch,0,0,0,1,0,0,0
Quercus_velutina,Fagaceae,QUERVE,QUER,Michigan,0,0,0,0,1,0,0
Quercus_x_hawkinsiae,Fagaceae,QUERXH,QUER,Michigan,0,0,0,0,1,0,0
Acer_circinatum,Sapindaceae,ACERCI,ACER,Windriver,0,1,0,0,0,0,0
Acer_negundo,Sapindaceae,ACERNE,ACER,SCBI,0,0,0,0,0,1,1
Acer_negundo,Sapindaceae,ACERNE,ACER,TysonResearch,0,0,0,1,0,0,0
Acer_platanoides,Sapindaceae,ACERPL,ACER,SCBI,0,0,0,0,0,1,0
Acer_rubrum,Sapindaceae,ACERRU,ACER,SCBI,0,0,0,0,0,1,0
Acer_rubrum,Sapindaceae,ACERRU,ACER,SERC,0,0,0,0,0,0,1
Acer_rubrum,Sapindaceae,ACERRU,ACER,TysonResearch,0,0,0,1,0,0,0
Acer_rubrum,Sapindaceae,ACERRU,ACER,Michigan,0,0,0,0,1,0,0
Acer_saccharum,Sapindaceae,ACERS2,ACER,Michigan,0,0,0,0,1,0,0
Acer_saccharum,Sapindaceae,ACERS2,ACER,TysonResearch,0,0,0,1,0,0,0
Ailanthus_altissima,Simaroubaceae,AILAAL,AILA,SCBI,0,0,0,0,0,1,0
Ailanthus_altissima,Simaroubaceae,AILAAL,AILA,SERC,0,0,0,0,0,0,1
Ailanthus_altissima,Simaroubaceae,AILAAL,AILA,TysonResearch,0,0,0,1,1,0,0
Hamamelis_virginianus,Hamamelidaceae,HAMAVI,HAMA,SCBI,0,0,0,0,0,1,0
Hamamelis_virginianus,Hamamelidaceae,HAMAVI,HAMA,Michigan,0,0,0,0,1,0,0
Liquidambar_styraciflua,Altingiaceae,LIQUST,LIQU,SERC,0,0,0,0,0,0,1
Ribes_cereum,Grossulariaceae,RIBECE,RIBE,CedarBreaks,0,0,1,0,0,0,0
Ribes_montiginum,Grossulariaceae,RIBEMO,RIBE,CedarBreaks,0,0,1,0,0,0,0
Ribes_cynosbati,Grossulariaceae,RIBECY,RIBE,Michigan,0,0,0,0,1,0,0
Toxicodendron_vernix,Anacardiaceae,TOXIVE,TOXI,Michigan,0,0,0,0,1,0,0
Tilia_americana,Malvaceae,TILIAM,TILI,SCBI,0,0,0,0,0,1,0
Tilia_americana,Malvaceae,TILIAM,TILI,SERC,0,0,0,0,0,0,1
Tilia_americana,Malvaceae,TILIAM,TILI,TysonResearch,0,0,0,1,0,0,0
Tilia_americana,Malvaceae,TILIAM,TILI,Michigan,0,0,0,0,1,0,0
Zanthoxylum_americanum,Rutaceae,ZANTAM,ZANT,Michigan,0,0,0,0,1,0,0
Aralia_spinosa,Araliaceae,ARALSP,ARAL,SERC,0,0,0,0,0,0,1
Cephalanthus_occidentalis,Rubiaceae,CEPHOC,CEPH,SERC,0,0,0,0,0,0,1
Chionanthus_virginicus,Oleaceae,CHIOVI,CHIO,SCBI,0,0,0,0,0,1,0
Fraxinus_americana,Oleaceae,FRAXAM,FRAX,SCBI,0,0,0,0,0,1,1
Fraxinus_americana,Oleaceae,FRAXAM,FRAX,TysonResearch,0,0,0,1,0,0,0
Fraxinus_americana,Oleaceae,FRAXAM,FRAX,Michigan,0,0,0,0,1,0,0
Fraxinus_nigra,Oleaceae,FRAXNI,FRAX,SCBI,0,0,0,0,0,1,0
Fraxinus_pennsylvanica,Oleaceae,FRAXPE,FRAX,SCBI,0,0,0,0,0,1,0
Fraxinus_pennsylvanica,Oleaceae,FRAXPE,FRAX,SERC,0,0,0,0,0,0,1
Ilex_opaca,Aquifoliaceae,ILEXOP,ILEX,SERC,0,0,0,0,0,0,1
Ilex_verticillata,Aquifoliaceae,ILEXVE,ILEX,SERC,0,0,0,0,0,0,1
Ilex_verticillata,Aquifoliaceae,ILEXVE,ILEX,SCBI,0,0,0,0,0,1,0
Ilex_verticillata,Aquifoliaceae,ILEXVE,ILEX,Michigan,0,0,0,0,1,0,0
Ligustrum_sp,Oleaceae,LIGUS1,LIGU,SERC,0,0,0,0,0,0,1
Lonicera_maackii,Caprifoliaceae,LONIMA,LONI,SCBI,0,0,0,0,0,1,1
Lonicera_maackii,Caprifoliaceae,LONIMA,LONI,TysonResearch,0,0,0,1,0,0,0
Lonicera_sp,Caprifoliaceae,LONISP,LONI,Michigan,0,0,0,0,1,0,0
Nyssa_sylvatica,Cornaceae,NYSSSY,NYSS,SCBI,0,0,0,0,0,1,1
Paulownia_tomentosa,Paulowniaceae,PAULTO,PAUL,SCBI,0,0,0,0,0,1,0
Paulownia_tomentosa,Paulowniaceae,PAULTO,PAUL,SERC,0,0,0,0,0,0,1
Sambucus_canadensis,Adoxaceae,SAMBCA,SAMB,SCBI,0,0,0,0,0,1,0
Sambucus_canadensis,Adoxaceae,SAMBCA,SAMB,Michigan,0,0,0,0,1,0,0
Sambucus_nigra,Adoxaceae,SAMBNI,SAMB,SERC,0,0,0,0,0,0,1
Sambucus_racemosa,Adoxaceae,SAMBRA,SAMB,CedarBreaks,0,0,1,0,0,0,0
Viburnum_acerifolium,Adoxaceae,VIBUAC,VIBU,SERC,0,0,0,0,0,0,1
Viburnum_dentatum,Adoxaceae,VIBUDE,VIBU,SERC,0,0,0,0,0,0,1
Viburnum_acerifolium,Adoxaceae,VIBUAC,VIBU,SCBI,0,0,0,0,0,1,0
Viburnum_prunifolium,Adoxaceae,VIBUPR,VIBU,SCBI,0,0,0,0,0,1,1
Viburnum_recognitum,Adoxaceae,VIBURE,VIBU,SCBI,0,0,0,0,0,1,0
Viburnum_rufidulum,Adoxaceae,VIBURU,VIBU,TysonResearch,0,0,0,1,0,0,0
Abies_bifolia,Pinaceae,ABIEBI,ABIE,CedarBreaks,0,0,1,0,0,0,0
Abies_amabilis,Pinaceae,ABIEAM,ABIE,Windriver,0,1,0,0,0,0,0
Abies_grandis,Pinaceae,ABIEGR,ABIE,Windriver,0,1,0,0,0,0,0
Larix_laricina,Pinaceae,LARILA,LARI,ScottyCreek,1,0,0,0,0,0,0
Picea_engelmannii,Pinaceae,PICEEN,PICE,CedarBreaks,0,0,1,0,0,0,0
Picea_glauca,Pinaceae,PICEGL,PICE,ScottyCreek,1,0,0,0,0,0,0
Picea_mariana,Pinaceae,PICEMA,PICE,ScottyCreek,1,0,0,0,0,0,0
Picea_pungens,Pinaceae,PICEPU,PICE,CedarBreaks,0,0,1,0,0,0,0
Pinus_banksiana,Pinaceae,PINUBA,PINU,ScottyCreek,1,0,0,0,0,0,0
Pinus_flexilis,Pinaceae,PINUFL,PINU,CedarBreaks,0,0,1,0,0,0,0
Pinus_longaeva,Pinaceae,PINULO,PINU,CedarBreaks,0,0,1,0,0,0,0
Pinus_pungens,Pinaceae,PINUPU,PINU,SCBI,0,0,0,0,0,1,0
Pinus_strobus,Pinaceae,PINUST,PINU,SCBI,0,0,0,0,0,1,0
Pinus_taeda,Pinaceae,PINUTA,PINU,SERC,0,0,0,0,0,0,1
Pinus_virginiana,Pinaceae,PINUVI,PINU,SCBI,0,0,0,0,0,1,0
Pinus_virginiana,Pinaceae,PINUVI,PINU,SERC,0,0,0,0,0,0,1
Pseudotsuga_menziesii,Pinaceae,PSEUME,PSEU,CedarBreaks,0,0,1,0,0,0,0
Pseudotsuga_menziesii,Pinaceae,PSEUME,PSEU,Windriver,0,1,0,0,0,0,0
Tsuga_heterophylla,Pinaceae,TSUGHE,TSUG,Windriver,0,1,0,0,0,0,0
Juniperus_communis,Cupressaceae,JUNICO,JUNI,Michigan,0,0,0,0,1,0,0
Juniperus_communis,Cupressaceae,JUNICO,JUNI,CedarBreaks,0,0,1,0,0,0,0
Juniperus_scopulorum,Cupressaceae,JUNISC,JUNI,CedarBreaks,0,0,1,0,0,0,0
Juniperus_virginiana,Cupressaceae,JUNIVI,JUNI,Michigan,0,0,0,1,1,0,0
Juniperus_virginiana,Cupressaceae,JUNIVI,JUNI,SCBI,0,0,0,0,0,1,0
Juniperus_virginiana,Cupressaceae,JUNIVI,JUNI,SERC,0,0,0,0,0,0,1
Taxus_brevifolia,Taxaceae,TAXUBR,TAXU,Windriver,0,1,0,0,0,0,0
Thuja_plicata,Cupressaceae,THUJPL,THUJ,Windriver,0,1,0,0,0,0,0
