row ID,row m/z,row retention time
1,360.3227347,17.15
1,360.3227347,17.24
2,381.2966608,16.82
2,381.2966608,16.91
3,338.3414936,17.15
3,338.3414936,17.24
4,353.2653046,16.37
4,353.2653046,16.37
5,409.1620852,11.89
5,409.1620852,12
6,282.2037742,11.68
6,282.2037742,11.72
7,116.9859097,21.29
7,116.9859097,21.29
8,266.1720342,11.48
8,266.1720342,11.61
9,274.2738656,11.96
9,274.2738656,11.97
10,250.177574,11.76
10,250.177574,11.7
11,685.4340464,18.2
11,685.4340464,18.26
12,332.2923682,16.74
12,332.2923682,16.81
15,250.1772114,16.58
15,250.1772114,16.66
16,228.1953339,11.59
16,228.1953339,11.7
17,378.3338159,16.07
17,378.3338159,16.07
19,228.1953802,16.45
20,553.3897455,17.7
20,553.3897455,17.78
21,290.2683343,12.11
21,290.2683343,12.19
22,310.31042,16.74
22,310.31042,16.81
23,387.1801088,11.9
23,387.1801088,12
25,559.5173315,18.65
25,559.5173315,18.8
26,419.3147805,17.25
26,419.3147805,17.25
27,358.3079798,16.86
27,358.3079798,16.93
28,359.2400081,13.38
28,359.2400081,13.38
29,337.2345065,15.76
29,337.2345065,15.79
30,321.3149679,17.15
30,321.3149679,17.24
32,388.3540537,17.54
32,388.3540537,17.62
33,663.4526011,18.27
34,587.5485582,19.32
34,587.5485582,19.75
35,435.1574116,11.99
37,859.6040555,17.25
37,859.6040555,17.28
38,393.296556,16.81
38,393.296556,17.01
39,413.2661726,16.81
39,413.2661726,16.82
40,406.3291315,16.5
40,406.3291315,16.57
41,277.1408186,11.53
41,277.1408186,11.54
42,425.2145508,14.86
42,425.2145508,14.88
44,236.1616207,16.58
45,317.1717787,12.45
45,317.1717787,12.56
46,238.141093,9.73
46,238.141093,9.73
47,301.1409131,14.22
47,301.1409131,14.17
48,497.3958445,18.32
48,497.3958445,18.32
50,116.9857737,11.61
50,116.9857737,11.59
52,325.2349484,15.56
52,325.2349484,15.51
53,569.3845439,17.69
54,116.9857777,11.96
54,116.9857777,11.98
55,509.3965653,17.24
55,509.3965653,17.29
56,457.2714848,17.22
56,457.2714848,17.28
57,394.3292687,15.1
57,394.3292687,15.01
58,299.161237,12.45
58,299.161237,12.54
59,116.9856759,10.96
59,116.9856759,10.88
60,340.3573978,17.56
60,340.3573978,17.66
62,116.9857635,10.75
62,116.9857635,10.75
63,116.9857381,11.21
63,116.9857381,11.23
65,229.1410889,17.78
65,229.1410889,17.79
66,116.9856363,9.38
66,116.9856363,9.41
67,441.3337099,16.56
67,441.3337099,16.63
68,116.9856548,10.27
68,116.9856548,10.17
69,116.9857235,11.37
69,116.9857235,11.37
70,321.2398901,15.12
70,321.2398901,15.13
71,116.9858048,12.17
71,116.9858048,12.07
73,116.9857483,9.83
73,116.9857483,9.83
74,229.1410521,17.6
74,229.1410521,17.59
75,373.2713867,15.55
75,373.2713867,15.61
76,229.1411234,18.37
76,229.1411234,18.44
77,229.1410858,17.31
77,229.1410858,17.39
78,366.3727602,17.53
78,366.3727602,17.62
79,229.1410904,19.38
79,229.1410904,19.38
80,675.6752024,17.15
80,675.6752024,17.24
82,170.0961965,19.99
82,170.0961965,19.98
83,293.2085774,14.26
83,293.2085774,14.14
84,230.2477896,12.12
84,230.2477896,12.12
85,170.0962447,20.79
85,170.0962447,20.76
86,170.0961875,19.47
86,170.0961875,19.42
87,170.0962067,18.78
87,170.0962067,18.82
88,336.3261077,16.86
90,335.1251443,14.08
90,335.1251443,14.09
92,415.2364222,16.37
92,415.2364222,16.37
96,239.161878,12.69
97,236.1619741,10.82
98,321.2398382,15.26
98,321.2398382,15.24
99,296.2195569,12.96
100,321.2398279,15.48
100,321.2398279,15.55
102,295.2238737,14.61
102,295.2238737,14.63
103,577.4583145,17.86
103,577.4583145,17.86
106,525.3907614,18.18
106,525.3907614,18.18
107,379.2620318,16.27
108,293.2086034,14.44
108,293.2086034,14.44
109,343.3387911,18.05
109,343.3387911,17.98
110,245.0785406,11.03
112,531.4071616,17.68
113,457.2705579,17.48
113,457.2705579,17.52
114,293.2085541,15.21
114,293.2085541,15.22
115,293.2085888,15.1
115,293.2085888,15.06
116,293.2085576,14.51
116,293.2085576,14.54
117,293.2084475,15.43
117,293.2084475,15.48
118,343.33886,18.23
118,343.33886,18.27
119,299.1615787,13.52
120,343.338854,17.51
120,343.338854,17.48
121,393.2971833,17.25
122,457.271463,17.82
124,321.2398828,15.74
124,321.2398828,15.83
125,343.3388056,17.35
125,343.3388056,17.39
128,419.3149301,17.31
128,419.3149301,17.41
130,343.3387077,17.24
130,343.3387077,17.12
131,457.2708999,18.1
132,419.314339,17.56
133,457.2707604,21.23
133,457.2707604,21.25
137,393.2975013,17.46
139,359.2405599,20.42
139,359.2405599,20.4
140,619.5258135,20.69
140,619.5258135,20.75
141,359.2403716,19.84
143,359.2404476,18.91
144,343.3387064,16.74
145,406.3288682,16.84
145,406.3288682,17.04
148,336.3253907,15.64
148,336.3253907,15.71
149,321.2400117,15.99
149,321.2400117,16.04
152,293.2085564,13.59
152,293.2085564,13.74
153,537.5354961,18.65
153,537.5354961,18.8
155,321.2399397,14.84
155,321.2399397,14.93
156,615.5799163,20.49
156,615.5799163,20.55
158,615.5799831,20.62
158,615.5799831,20.75
161,321.2398755,14.51
161,321.2398755,14.53
162,455.3128438,18.5
164,455.3126211,17.19
165,455.3127872,21.3
166,321.2399309,16.54
168,321.239866,16.33
170,305.2085951,14.34
170,305.2085951,14.37
171,230.2478437,12.18
171,230.2478437,12.3
172,267.1566568,12.28
173,335.1253777,19.85
176,409.3278405,17.31
184,170.0962281,18.69
184,170.0962281,18.66
185,170.0960131,18.25
185,170.0960131,18.26
187,591.4945591,19.71
187,591.4945591,19.75
190,309.2037831,14.66
190,309.2037831,14.73
191,550.6284335,16.61
191,550.6284335,16.65
192,550.6279815,16.81
192,550.6279815,16.86
193,271.0598109,10.65
193,271.0598109,10.65
194,343.3388195,17.72
194,343.3388195,17.64
195,550.6280723,16.92
195,550.6280723,16.9
196,565.5667449,19.51
196,565.5667449,19.55
198,293.2085244,14.62
198,293.2085244,14.63
200,587.548623,19.51
200,587.548623,19.55
203,550.6280933,17.01
203,550.6280933,17.01
204,393.2973623,16.81
204,393.2973623,16.87
205,457.2708918,18.71
206,457.2708591,19.16
207,619.5264623,21.01
208,550.6277104,17.46
209,457.2709704,20.5
209,457.2709704,20.49
210,457.2715511,20.63
210,457.2715511,20.64
212,457.2715055,19.4
214,457.2715155,18.81
222,550.6279024,17.58
223,550.6278895,17.72
224,550.6279607,17.94
227,550.6279087,18.04
228,313.2734005,16.28
228,313.2734005,16.25
229,230.2478367,12.37
230,550.6279543,18.52
233,550.6280526,19
234,550.6280787,19.55
236,293.2086232,13.67
236,293.2086232,13.68
239,313.2733185,19.14
239,313.2733185,19.14
244,313.2735654,17.76
248,217.0680888,0.66
248,217.0680888,0.66
249,607.2905591,17.07
249,607.2905591,17.09
250,797.5160093,17.66
250,797.5160093,17.66
254,231.047336,0.71
254,231.047336,0.71
255,593.2750823,16.63
256,937.5842502,17.84
256,937.5842502,17.84
257,365.1045072,0.66
257,365.1045072,0.65
259,463.4479724,18.22
259,463.4479724,18.22
260,959.5689034,17.44
260,959.5689034,17.44
262,233.0627444,0.66
262,233.0627444,0.66
263,203.0523263,0.62
263,203.0523263,0.62
264,615.4945115,18.98
264,615.4945115,19.14
266,381.0790954,0.63
266,381.0790954,0.64
267,599.4271961,17.9
267,599.4271961,17.9
271,907.5328367,20.42
271,907.5328367,20.42
272,736.5324357,17.69
272,736.5324357,17.69
276,321.114906,0.72
276,321.114906,0.7
277,469.3652891,17.52
277,469.3652891,17.59
279,215.0524932,0.65
279,215.0524932,0.68
283,799.5315739,17.88
283,799.5315739,17.88
285,659.287058,15.82
285,659.287058,15.87
293,485.3601871,17.31
293,485.3601871,17.37
294,613.4789283,18.59
294,613.4789283,18.73
298,769.484841,17.39
298,769.484841,17.39
299,568.4267814,16.95
299,568.4267814,16.95
300,780.5499424,18.41
300,780.5499424,18.41
301,539.0962819,12.99
305,379.1199917,0.67
305,379.1199917,0.66
307,233.0420681,0.64
313,496.3392807,15.94
315,775.5315462,18.15
315,775.5315462,18.15
317,490.3682096,18.13
317,490.3682096,18.13
319,409.1832315,6.52
319,409.1832315,6.66
320,617.5102421,19.5
320,617.5102421,19.74
321,337.1100064,0.63
321,337.1100064,0.67
323,639.4941771,18.67
323,639.4941771,18.68
327,637.4788628,18.25
327,637.4788628,18.35
329,939.5995967,18.07
329,939.5995967,18.07
330,293.0992927,5.88
330,293.0992927,5.88
332,365.1207958,5.24
332,365.1207958,5.27
333,641.5101357,19.18
333,641.5101357,19.16
334,291.0863786,4.78
334,291.0863786,5.03
337,629.2730915,17
337,629.2730915,17.09
338,518.3212843,15.94
340,758.5681595,18.37
340,758.5681595,18.4
341,613.481815,17.59
341,613.481815,17.66
344,411.1467243,0.65
346,395.0947229,0.63
349,355.1722502,7.32
349,355.1722502,7.32
350,455.1151348,0.63
350,455.1151348,0.63
351,939.546781,15.91
351,939.546781,15.83
353,311.2187322,12.25
353,311.2187322,12.31
354,696.5399227,17.59
354,696.5399227,17.76
356,643.2523443,16.27
356,643.2523443,16.38
358,375.213435,11.06
358,375.213435,10.54
362,311.0989978,0.64
362,311.0989978,0.64
366,804.5496696,18.11
366,804.5496696,18.11
367,613.4819221,17.38
367,613.4819221,17.44
369,848.5371333,18.41
369,848.5371333,18.41
371,355.1723426,8.23
371,355.1723426,8.23
372,581.2351918,9.02
372,581.2351918,9.02
374,377.2659687,15.94
374,377.2659687,16.04
378,539.0961948,11.88
381,778.5345048,18.13
382,551.4246981,16.93
382,551.4246981,16.93
383,231.0833145,0.69
384,643.5257571,19.68
384,643.5257571,19.73
386,362.0960457,0.66
386,362.0960457,0.65
387,319.0449134,7.84
387,319.0449134,7.59
388,885.5511046,20.43
388,885.5511046,20.43
390,288.0780856,0.64
390,288.0780856,0.64
396,579.4587706,17.23
396,579.4587706,17.33
398,445.2037557,10.19
398,445.2037557,10.19
402,310.0912686,0.65
402,310.0912686,0.67
404,782.5678172,18.1
404,782.5678172,18.1
405,395.2032665,9.05
405,395.2032665,9.14
406,637.3052238,15.82
406,637.3052238,15.87
410,777.5477456,18.46
410,777.5477456,18.38
411,439.1416224,0.63
411,439.1416224,0.65
412,641.5097453,18.99
412,641.5097453,19.37
415,801.5471426,18.15
415,801.5471426,18.15
416,355.1718967,8.14
416,355.1718967,8.05
417,643.5262962,19.98
417,643.5262962,19.97
419,756.5526841,18.09
419,756.5526841,18.13
420,961.583405,17.64
420,961.583405,17.64
421,462.3371168,17.7
421,462.3371168,17.7
422,907.3492507,16.66
422,907.3492507,16.7
424,635.4636449,17.99
425,307.0809818,1.87
425,307.0809818,1.88
426,521.2716775,11.01
427,471.0898845,8.74
427,471.0898845,8.84
428,376.318576,15.63
428,376.318576,15.6
430,591.4971734,17.84
430,591.4971734,17.84
433,349.1097444,0.69
434,335.0944457,0.65
434,335.0944457,0.67
435,147.0438421,4.53
435,147.0438421,4.38
436,663.4942974,18.49
436,663.4942974,18.52
441,429.3723031,17.51
441,429.3723031,17.59
442,355.1722611,10.01
442,355.1722611,10.01
445,806.5074593,17.09
445,806.5074593,17.12
446,823.5316223,17.76
446,823.5316223,17.78
448,330.2768074,16.37
448,330.2768074,16.45
450,313.0675359,6.18
450,313.0675359,6.18
453,487.0837972,7.67
453,487.0837972,8.08
458,317.2086602,14.29
460,965.6149556,18.24
460,965.6149556,18.24
462,731.4329431,16.28
462,731.4329431,16.28
463,665.5097854,18.74
463,665.5097854,18.87
464,597.2307198,8
464,597.2307198,8.17
465,771.5006436,17.59
465,771.5006436,17.59
466,534.4875877,17.59
466,534.4875877,17.66
469,392.313421,15.64
469,392.313421,15.73
472,925.5312674,16.14
472,925.5312674,16.14
475,493.4224135,18.65
479,639.4943476,18.56
479,639.4943476,18.93
480,813.5116552,16.77
480,813.5116552,16.84
481,806.5657879,18.57
481,806.5657879,18.57
484,568.426058,17.35
484,568.426058,17.35
485,355.1719702,9.53
485,355.1719702,9.48
487,375.2500735,15.65
487,375.2500735,15.66
489,653.453118,16.95
489,653.453118,16.95
491,829.5050353,16.8
491,829.5050353,16.82
492,445.2045052,10.07
496,806.5651571,18.41
496,806.5651571,18.41
498,116.9857304,8.84
498,116.9857304,8.81
500,379.2812792,16.34
500,379.2812792,16.34
501,367.1355901,5.6
501,367.1355901,5.61
502,479.4429448,17.04
502,479.4429448,17.05
503,872.5369493,18.1
503,872.5369493,18.1
504,291.085643,6.18
504,291.085643,6.18
505,846.5218604,18.12
505,846.5218604,18.13
509,319.2242249,14.7
509,319.2242249,14.72
513,782.5657717,18.82
513,782.5657717,18.82
514,399.1252883,0.84
514,399.1252883,0.83
515,315.1928797,14.54
515,315.1928797,14.6
516,461.4319845,18.28
516,461.4319845,18.44
518,441.1731494,6.09
518,441.1731494,6.31
519,357.2036801,12.55
519,357.2036801,12.44
528,333.2033765,13.39
528,333.2033765,13.39
530,356.2923773,16.59
530,356.2923773,16.66
531,452.3618097,18.11
531,452.3618097,18.11
533,355.1719549,8.37
533,355.1719549,8.37
534,553.1116407,13.5
534,553.1116407,13.43
537,435.3588216,18.71
540,445.3664303,17.37
541,479.4425222,17.9
541,479.4425222,17.99
544,547.21443,7.47
544,547.21443,7.48
545,477.3906181,17.75
545,477.3906181,17.8
549,963.5999498,17.85
549,963.5999498,17.85
550,411.1991599,7.39
550,411.1991599,7.37
553,953.5781446,17.04
553,953.5781446,17.04
555,468.3863089,18.13
555,468.3863089,18.13
557,743.4326461,16.34
557,743.4326461,16.34
558,475.4476389,20.11
558,475.4476389,20.13
559,784.5829889,18.56
559,784.5829889,18.66
560,597.4113361,17.61
561,383.1313187,1.13
561,383.1313187,1.09
564,365.1199399,6.33
567,931.5928904,20.01
567,931.5928904,20.01
568,1057.729743,20.27
568,1057.729743,20.27
570,773.5159936,17.79
570,773.5159936,17.79
571,779.5633146,18.85
571,779.5633146,18.85
573,760.5839339,18.82
573,760.5839339,18.82
574,325.23455,14.54
574,325.23455,14.54
576,716.521246,18.34
576,716.521246,18.34
577,376.3187217,15.97
577,376.3187217,16.05
578,850.5530538,18.82
578,850.5530538,18.82
580,375.2162114,12.02
580,375.2162114,12.02
588,518.3237287,15.15
588,518.3237287,15.16
590,315.1931867,14.22
590,315.1931867,14.22
592,421.2322235,14.51
594,450.3187745,15.69
594,450.3187745,15.7
595,830.5655355,18.24
595,830.5655355,18.24
599,297.2396661,15.72
599,297.2396661,15.73
606,784.5838109,18.41
606,784.5838109,18.41
609,349.0890203,5.6
609,349.0890203,5.6
610,903.5609344,19.69
610,903.5609344,19.59
612,471.2194208,10.58
612,471.2194208,10.56
613,619.2759609,10.42
616,874.5524944,18.41
616,874.5524944,18.41
618,488.2708436,17.39
618,488.2708436,17.44
620,231.083845,0.69
620,231.083845,0.93
621,311.0518295,4.84
621,311.0518295,4.84
622,778.5373476,17.58
622,778.5373476,18.02
623,355.1723415,10.27
623,355.1723415,10.27
625,808.5830988,18.22
625,808.5830988,18.22
627,319.2242541,15.14
627,319.2242541,15.16
628,903.5609285,19.48
628,903.5609285,19.43
633,307.0809502,4.84
633,307.0809502,4.84
635,543.1826238,7.89
635,543.1826238,8
638,376.3186687,16.13
638,376.3186687,16.22
643,808.5811466,18.82
643,808.5811466,18.82
644,409.1825002,6.73
652,317.2085734,14.65
653,941.6148999,18.4
653,941.6148999,18.4
655,931.5927552,20.27
655,931.5927552,20.27
657,545.1993973,7.32
657,545.1993973,7.3
658,667.5256337,19.2
658,667.5256337,19.38
663,375.213868,14.26
663,375.213868,14.26
670,549.1933476,7.06
674,319.2242414,14.63
676,359.2183632,11.42
678,445.3672217,18.12
679,333.203394,14.24
679,333.203394,14.31
680,383.1311819,2.22
680,383.1311819,2.22
682,319.0449734,7.66
682,319.0449734,7.46
683,808.5812936,19.01
683,808.5812936,19.01
684,303.0492273,8.58
684,303.0492273,8.36
685,551.4243632,17.3
685,551.4243632,17.47
686,543.1826711,8.25
686,543.1826711,8.28
695,887.5654108,20.66
699,567.1280084,14.23
699,567.1280084,14.23
700,337.2346798,15.72
700,337.2346798,15.88
702,359.2185084,11.16
704,359.2191956,11.61
705,591.4973577,18.58
705,591.4973577,18.75
706,953.5749748,20.02
706,953.5749748,20.02
708,479.4428815,17.76
708,479.4428815,17.76
711,309.2035024,12.23
711,309.2035024,12.23
719,859.6041486,17.39
721,359.2403268,17.6
722,303.0497141,9.21
722,303.0497141,9.21
723,505.4218677,18.15
723,505.4218677,18.15
727,359.2193218,10.16
728,359.2403552,20.54
728,359.2403552,20.55
731,304.2601052,16.2
731,304.2601052,16.37
732,359.2404325,17.78
736,419.3131431,17.07
736,419.3131431,16.57
737,359.2404582,18.38
739,359.2404474,18.19
745,429.372057,18.12
745,429.372057,18.12
750,337.2347804,16.02
750,337.2347804,16.05
752,445.3675119,17.36
752,445.3675119,17.48
760,411.1990955,6.54
761,299.1619477,11.74
763,411.1990598,8.45
763,411.1990598,8.34
764,903.5609956,18.08
764,903.5609956,18.08
768,479.4427634,17.84
768,479.4427634,17.84
769,653.4534777,18.25
770,333.2034722,13.05
770,333.2034722,13.07
772,287.0545712,9.98
774,479.4429601,16.9
774,479.4429601,16.9
775,887.5662694,20.89
775,887.5662694,20.96
783,965.6155269,18.13
784,953.575897,20.27
784,953.575897,20.27
790,549.1941768,6.67
799,239.1618692,12.83
803,383.1300341,4.84
803,383.1300341,4.9
804,267.1566188,12.13
810,923.5142316,15.57
810,923.5142316,15.57
812,333.2034228,12.66
816,450.3187403,15.98
820,505.2767591,11.97
820,505.2767591,11.97
821,411.1985918,8.54
821,411.1985918,8.57
823,923.5051434,20.44
823,923.5051434,20.44
825,505.276023,12.99
825,505.276023,13.11
828,319.2242456,13.2
829,567.1279971,13.58
829,567.1279971,13.58
830,549.192933,6.38
830,549.192933,6.33
831,505.2769441,11.15
831,505.2769441,11.15
832,435.3598451,18.73
842,661.4791182,18.2
842,661.4791182,18.21
845,553.1116255,12.52
845,553.1116255,12.37
847,595.4689684,19.57
847,595.4689684,19.57
854,525.3907547,17.26
854,525.3907547,17.26
855,887.5662385,19.91
858,351.1410757,7.06
858,351.1410757,7.06
859,339.1047732,6.35
859,339.1047732,6.35
860,675.2614297,10.65
860,675.2614297,10.65
861,491.44293,18.67
861,491.44293,18.67
862,427.3177638,17.29
862,427.3177638,17.29
863,147.04383,6.24
863,147.04383,6.24
864,337.125037,5.94
864,337.125037,6.07
865,367.1355008,6.2
865,367.1355008,6.2
866,585.4504003,17.39
866,585.4504003,17.39
867,417.2244127,13.19
867,417.2244127,13.19
868,413.1111601,7.02
868,413.1111601,7.02
869,381.1516873,7.37
869,381.1516873,7.37
870,633.1413042,8.14
870,633.1413042,8.36
871,317.1744659,12.02
871,317.1744659,12.02
872,315.1951617,10.55
872,315.1951617,10.55
873,513.1938403,7.3
873,513.1938403,7.3
874,377.2319136,13.2
874,377.2319136,13.2
875,563.2091568,7.17
875,563.2091568,7.17
876,931.5371422,17.19
876,931.5371422,17.19
877,303.0492236,8.2
877,303.0492236,8.2
878,433.112501,8.67
878,433.112501,8.67
879,147.0439469,1.16
879,147.0439469,1.16
880,555.4376814,18.71
880,555.4376814,18.71
881,1029.698541,19.59
881,1029.698541,19.59
882,357.2036379,12.39
882,357.2036379,12.02
883,303.110184,0.64
883,303.110184,0.64
884,215.0159166,0.85
884,215.0159166,0.83
885,699.3553592,14.84
885,699.3553592,14.78
886,455.0940246,8.49
886,455.0940246,8.81
887,349.1250197,5.78
887,349.1250197,5.89
888,617.1467046,8.85
888,617.1467046,8.85
889,537.3030128,15
889,537.3030128,15.1
890,505.458581,19.29
890,505.458581,19.29
891,505.4585959,19.92
891,505.4585959,19.92
892,501.3547665,16.07
892,501.3547665,16.07
893,449.177926,7.82
893,449.177926,7.82
894,935.5689377,17.55
894,935.5689377,17.55
895,611.463874,18.34
895,611.463874,18.31
896,505.4585104,18.77
896,505.4585104,18.77
897,334.0625257,8.21
897,334.0625257,8.21
898,403.2810242,16.21
898,403.2810242,16.28
899,287.0547108,8.85
899,287.0547108,8.85
900,575.5030229,19.14
900,575.5030229,19.14
901,435.4164977,17.71
902,786.5995746,18.82
902,786.5995746,18.82
903,611.1593119,8.2
903,611.1593119,8.37
904,537.3033842,15
904,537.3033842,15.25
905,513.1937223,5.85
905,513.1937223,5.85
906,369.2611604,13.89
906,369.2611604,14
907,337.105336,12.71
907,337.105336,12.71
908,825.5469079,17.98
908,825.5469079,17.99
909,401.2659563,15.85
909,401.2659563,15.84
910,417.2265871,12.04
910,417.2265871,12.04
911,615.1388027,17.97
911,615.1388027,17.97
912,591.4981738,17.84
912,591.4981738,18.31
913,813.489221,17.6
913,813.489221,17.67
914,689.1575681,18.21
914,689.1575681,18.29
915,335.1094405,5.87
915,335.1094405,5.87
916,610.1840475,17.97
916,610.1840475,17.97
917,525.4183775,18.21
917,525.4183775,18.22
918,553.1118021,13.67
918,553.1118021,13.67
919,1059.745932,21
919,1059.745932,21
920,271.0596493,8.67
920,271.0596493,8.67
921,293.2838197,16.74
921,293.2838197,16.81
922,397.3823827,17.88
923,459.4162409,20.36
923,459.4162409,20.39
924,985.5833966,17.53
924,985.5833966,17.53
925,317.1716954,10.43
925,317.1716954,10.28
926,407.244476,17.59
926,407.244476,17.66
927,409.183369,6.7
928,465.1018472,8.2
928,465.1018472,8.2
929,511.2092634,15.03
929,511.2092634,15.09
930,413.1109503,6.04
930,413.1109503,6.18
931,477.278732,17.85
931,477.278732,17.84
932,393.2969883,17.07
932,393.2969883,17.07
933,991.5598875,16.56
933,991.5598875,16.63
934,475.4482668,19.38
934,475.4482668,19.38
935,398.7613977,18.36
935,398.7613977,18.43
936,513.193821,6.58
936,513.193821,6.58
937,393.2770602,16.28
937,393.2770602,16.37
938,282.2784825,16.2
938,282.2784825,16.29
939,303.0495121,8.14
939,303.0495121,7.89
940,545.1990288,7.95
940,545.1990288,8.07
941,758.5684596,18.26
942,801.4738091,16.5
942,801.4738091,16.5
943,766.5362231,18.17
943,766.5362231,18.17
944,339.1949286,12.01
944,339.1949286,12.01
945,379.1354698,6.26
946,365.1207209,7.05
946,365.1207209,7.05
947,377.2318328,15.2
947,377.2318328,15.2
948,659.2680234,9.7
949,357.2035039,11.94
949,357.2035039,11.52
950,703.4746888,16.46
950,703.4746888,16.46
951,381.1519702,6.47
951,381.1519702,6.59
952,611.4633681,18.35
952,611.4633681,18.48
953,315.1954853,11.58
954,397.3826667,18.88
955,357.203631,11.64
955,357.203631,11.59
956,317.1717277,11.31
956,317.1717277,11.51
957,131.048911,6.32
957,131.048911,6.34
958,387.1791178,10.83
959,505.4582001,19.66
960,302.2455304,15.76
960,302.2455304,15.93
961,459.4161217,18.68
962,271.0598578,5.76
962,271.0598578,5.76
963,419.31476,17.68
964,287.0543798,8.63
964,287.0543798,8.53
965,459.4163224,18.35
966,629.4739402,17.44
966,629.4739402,17.52
967,359.2404531,19.22
968,501.3551487,15.79
968,501.3551487,15.83
969,465.1020334,8.75
969,465.1020334,8.5
970,311.2189995,13.26
970,311.2189995,13.26
971,887.5661196,19.63
971,887.5661196,19.57
972,635.4644698,17.64
973,359.2404101,19.52
973,359.2404101,19.6
974,296.2195455,13.28
974,296.2195455,13.19
975,359.2403723,19.15
976,991.5574372,16.61
977,463.4112403,17.83
978,445.3649714,16.16
978,445.3649714,16.31
979,419.3146725,18.02
980,319.0449886,7.22
981,505.4580191,18.65
982,419.3136203,16.27
982,419.3136203,16.6
983,567.4215743,16.35
984,575.5042284,19.11
985,813.4902853,17.59
986,487.0847992,7.66
986,487.0847992,7.36
987,381.1156044,5.55
987,381.1156044,5.83
988,611.4668312,16.84
989,691.5254079,18.91
990,393.228999,17.4
991,335.10942,4.42
991,335.10942,4.44
992,457.2551705,15.57
993,611.1632962,7.06
993,611.1632962,6.88
994,987.5991229,17.71
995,317.2105699,11.68
996,392.3135551,14.96
997,691.5276474,16.27
998,903.5609453,19.23
999,163.074991,6.32
1000,465.1017114,7.93
1001,549.1942407,6.91
1001,549.1942407,6.79
1002,379.1359698,7.6
1003,547.2150394,11.78
1004,379.1355027,7.64
1,360.3227347,17.15
1,360.3227347,17.24
2,381.2967175,16.82
2,381.2967175,16.91
3,338.3412617,17.17
3,338.3412617,17.24
4,353.2654598,16.28
4,353.2654598,16.37
5,409.1620852,11.89
5,409.1620852,12
6,282.2035781,11.58
6,282.2035781,11.72
7,116.9857426,21.28
7,116.9857426,21.29
8,266.1722989,11.46
8,266.1722989,11.61
9,274.2736762,11.92
9,274.2736762,11.97
10,250.1774094,11.58
10,250.1774094,11.7
11,685.4340464,18.2
11,685.4340464,18.26
12,332.2923682,16.74
12,332.2923682,16.81
13,250.1772114,16.58
13,250.1772114,16.66
15,228.1955164,11.58
15,228.1955164,11.7
16,378.3338046,16
16,378.3338046,16.07
18,228.1953802,16.45
19,553.3892146,17.69
19,553.3892146,17.78
21,290.2686982,12.15
21,290.2686982,12.19
22,310.31042,16.74
22,310.31042,16.81
23,387.1801088,11.9
23,387.1801088,12
25,559.5166262,18.66
25,559.5166262,18.8
26,419.3150669,17.11
26,419.3150669,17.25
27,358.3079798,16.86
27,358.3079798,16.93
28,359.2399433,13.31
28,359.2399433,13.38
29,337.2345181,15.72
29,337.2345181,15.88
30,321.314831,17.25
30,321.314831,17.24
32,388.3545431,17.55
34,663.4528429,18.2
35,587.5485582,19.32
35,587.5485582,19.55
36,435.1575672,11.87
36,435.1575672,11.98
38,859.6043705,17.14
38,859.6043705,17.34
39,393.296922,16.98
39,393.296922,16.87
40,413.2661726,16.81
40,413.2661726,16.82
41,348.9896793,12.08
41,348.9896793,12.19
42,406.3285404,16.5
42,406.3285404,16.57
43,350.9866313,12.08
44,277.1407871,11.36
44,277.1407871,11.54
45,425.2139847,14.81
45,425.2139847,14.88
47,365.1930984,15.28
47,365.1930984,15.36
48,236.1616207,16.58
48,236.1616207,16.66
49,317.172154,12.44
49,317.172154,12.56
50,302.3050266,13.05
50,302.3050266,13.07
51,238.1411315,9.46
51,238.1411315,9.73
52,301.1407605,14.09
52,301.1407605,14.17
53,497.3955836,18.14
55,254.1724319,9.58
55,254.1724319,9.81
56,116.9857483,11.66
56,116.9857483,11.59
57,301.1408148,13.97
57,301.1408148,14.04
58,325.23425,15.56
59,116.985714,11.97
59,116.985714,11.98
60,116.9857544,11.38
60,116.9857544,11.37
61,569.3839115,17.69
62,457.2702771,17.65
62,457.2702771,17.66
63,509.3963259,17.24
63,509.3963259,17.29
64,394.3287509,14.86
64,394.3287509,15.01
65,299.1617272,12.43
65,299.1617272,12.54
67,116.9857925,10.83
67,116.9857925,10.88
68,340.3571702,17.57
68,340.3571702,17.66
70,116.9857625,10.69
70,116.9857625,10.69
71,116.9857381,11.21
71,116.9857381,11.23
73,116.9857807,9.45
73,116.9857807,9.41
74,441.3335027,16.57
74,441.3335027,16.63
75,229.141103,17.82
75,229.141103,17.83
76,116.985775,11.8
76,116.985775,11.77
77,116.9857979,9.36
77,116.9857979,9.61
78,116.9857483,10.37
78,116.9857483,10.31
79,229.1410904,19.38
79,229.1410904,19.38
80,116.9857772,10.76
80,116.9857772,10.75
81,321.2396954,15.15
81,321.2396954,15.13
82,116.9857458,10.18
82,116.9857458,10.09
83,116.9858048,12.17
83,116.9858048,12.07
85,116.9857483,9.83
85,116.9857483,9.83
86,116.985733,10.31
86,116.985733,10.17
87,229.1410981,18.72
87,229.1410981,18.73
88,229.1411195,17.73
88,229.1411195,17.55
89,312.3256374,17.17
89,312.3256374,17.26
90,229.1410714,19.12
90,229.1410714,19.05
91,373.2706744,15.54
91,373.2706744,15.61
93,229.1410599,18.24
93,229.1410599,18.27
94,229.1410255,17.23
94,229.1410255,17.39
95,366.3726495,17.55
95,366.3726495,17.62
97,675.6752024,17.15
97,675.6752024,17.24
98,229.1411248,19.52
98,229.1411248,19.6
99,305.2085013,13.87
99,305.2085013,13.94
101,268.1876368,11.59
102,293.2084226,14.25
102,293.2084226,14.14
103,230.2475723,12.08
103,230.2475723,12.12
104,170.0962189,19.33
104,170.0962189,19.29
105,170.0962253,20.46
105,170.0962253,20.5
106,385.2014324,15.11
106,385.2014324,15.2
107,170.0962486,20.69
107,170.0962486,20.64
109,170.0961678,19.53
109,170.0961678,19.55
110,170.0962728,20.15
110,170.0962728,20.16
111,170.0962181,19.12
111,170.0962181,19.18
112,170.0961456,20.68
112,170.0961456,20.76
113,238.1775525,10.77
113,238.1775525,10.96
114,170.096241,18.72
114,170.096241,18.66
116,309.2033805,14.66
116,309.2033805,14.73
117,336.3261077,16.86
118,283.1877663,12.77
118,283.1877663,12.88
119,379.3175788,16.41
119,379.3175788,16.47
120,339.2502808,14.4
120,339.2502808,14.33
122,335.1250209,14.02
122,335.1250209,14.09
125,415.2368665,16.36
125,415.2368665,16.37
130,352.9835219,12.08
130,352.9835219,12.19
131,310.234934,13.02
131,310.234934,13.11
132,537.5347972,18.66
132,537.5347972,18.8
134,239.1618115,12.74
135,422.2938708,17.23
135,422.2938708,17.24
136,243.1952183,16.57
137,236.1619574,10.64
138,394.2628307,16.79
139,262.237482,10.71
140,321.2397389,15.35
140,321.2397389,15.36
142,296.2194042,12.96
145,295.2238737,14.61
145,295.2238737,14.63
146,577.4587655,17.8
147,237.1459589,10.83
147,237.1459589,10.95
151,313.2734005,16.28
151,313.2734005,16.37
152,256.2632056,16.1
152,256.2632056,16.18
155,525.3909812,18.23
155,525.3909812,18.31
156,293.2084214,14.43
156,293.2084214,14.44
157,245.0801945,11.13
158,409.1744191,13.2
158,409.1744191,13.31
159,531.4071893,17.69
160,315.1563665,14.45
160,315.1563665,14.39
162,293.2084292,15.12
162,293.2084292,15.22
164,455.3127444,17.32
164,455.3127444,17.28
166,298.3465807,13.21
166,298.3465807,13.21
167,293.2084298,15
167,293.2084298,15.06
168,293.2085049,14.55
168,293.2085049,14.63
171,343.3387389,18.12
171,343.3387389,18.22
173,457.2713935,17.61
173,457.2713935,17.64
174,293.208456,15.4
174,293.208456,15.48
175,343.33886,18.23
175,343.33886,18.27
177,343.3387374,18
177,343.3387374,17.98
178,321.2397303,15.47
178,321.2397303,15.45
180,299.1619357,13.52
181,343.3388298,17.42
181,343.3388298,17.48
183,393.2969656,17.04
183,393.2969656,17.07
184,457.2716152,17.86
188,321.2397323,15.94
188,321.2397323,15.89
189,321.2396682,15.59
189,321.2396682,15.55
190,343.3388247,18.62
190,343.3388247,18.66
191,419.3150829,17.26
191,419.3150829,17.33
192,457.2712813,17.85
194,343.3387077,17.24
194,343.3387077,17.29
195,343.3386974,17.14
195,343.3386974,17.12
196,457.271461,18.13
197,323.2553181,15.37
197,323.2553181,15.45
198,348.989977,17.17
199,321.2397635,16.22
199,321.2397635,16.24
202,348.9901614,20.31
202,348.9901614,20.31
203,348.9899898,17.6
203,348.9899898,17.57
205,348.9901174,18.28
206,457.2715155,19.84
207,457.2716064,21.08
207,457.2716064,20.98
208,457.271423,20.42
208,457.271423,20.43
209,419.3152174,17.34
210,457.2707604,21.23
210,457.2707604,21.25
212,457.2714839,18.5
213,301.1411438,19
214,457.2715511,20.63
214,457.2715511,20.49
215,323.2553154,15.56
217,301.141067,18.73
219,393.2970829,17.05
221,301.1410828,19.73
225,301.141159,20.57
225,301.141159,20.58
226,301.1411898,20.21
226,301.1411898,20.27
227,301.1409603,16.82
228,359.2404166,20.32
228,359.2404166,20.34
229,619.525861,20.36
229,619.525861,20.75
231,301.1412279,20.64
231,301.1412279,20.75
233,359.240497,19.73
235,237.1459179,11.19
235,237.1459179,11.18
236,237.1458475,12.21
236,237.1458475,12.2
237,359.2405599,20.42
237,359.2405599,20.55
238,359.2404329,18.71
240,343.3386658,17.03
241,406.3290142,16.88
241,406.3290142,17.04
243,321.2396585,15
243,321.2396585,14.93
244,343.3387907,16.85
246,343.3387064,16.74
247,321.2397259,15.87
247,321.2397259,15.83
249,336.3255601,15.61
249,336.3255601,15.71
251,321.2400117,15.99
251,321.2400117,16.04
254,293.2085268,13.57
254,293.2085268,13.68
256,341.3046549,16.82
256,341.3046549,16.9
257,239.1614409,12.25
258,321.2397407,14.9
260,293.208575,13.63
260,293.208575,13.66
262,615.5797844,20.5
262,615.5797844,20.55
265,615.5791844,20.77
265,615.5791844,20.81
269,323.255373,14.87
270,323.2554734,16.43
273,455.3128438,18.5
274,321.2396901,14.42
274,321.2396901,14.53
277,455.3127872,21.3
282,321.2397777,16.28
285,305.2085951,14.34
285,305.2085951,14.37
286,230.2477075,12.27
286,230.2477075,12.3
287,305.208568,14.49
288,267.1566188,12.13
289,297.2034081,13.4
290,335.1255659,18.88
291,335.1253777,19.85
292,335.1254197,18.3
294,296.2194861,12.35
294,296.2194861,12.47
298,256.2631786,11.93
300,297.2034703,13.81
303,409.3278405,17.31
303,409.3278405,17.33
306,297.2033753,14.63
306,297.2033753,14.81
317,170.0962447,21.09
317,170.0962447,21.09
319,170.0961876,18.25
319,170.0961876,18.18
321,591.4947403,19.77
321,591.4947403,19.75
322,170.0961761,18.08
322,170.0961761,18.12
326,550.627884,16.63
326,550.627884,16.65
328,550.6279142,16.77
328,550.6279142,16.79
330,271.0598109,10.65
330,271.0598109,10.65
331,343.3388195,17.72
331,343.3388195,17.64
333,343.3387995,17.59
333,343.3387995,17.39
334,550.6280723,16.92
334,550.6280723,16.9
336,565.5667342,19.51
336,565.5667342,19.55
342,550.6278814,17
342,550.6278814,17.01
343,393.2970737,16.81
343,393.2970737,17.01
345,550.6278823,17.34
346,457.2708918,18.71
350,457.2714539,19.07
352,457.2714532,19.39
358,457.2714021,18.75
361,550.6277104,17.46
366,301.1408746,14.26
366,301.1408746,14.26
375,355.2450494,13.04
375,355.2450494,13.15
376,550.6279024,17.58
376,550.6279024,17.2
378,550.6279631,17.51
381,550.6278314,17.83
382,550.6279087,18.04
383,550.6279998,18.34
384,550.6279194,18.57
387,230.2478136,12.41
388,550.6278895,17.72
392,550.6281441,19.03
394,331.1880879,13.86
394,331.1880879,13.91
395,301.1411263,17.73
396,550.6279076,18.67
397,550.6280787,19.55
399,550.628027,19.43
400,331.1876843,13.33
400,331.1876843,13.33
403,293.2085431,15.72
406,271.0597956,10.42
406,271.0597956,10.82
408,313.2732582,19.68
408,313.2732582,19.75
412,313.2732489,19.1
412,313.2732489,19.14
417,313.2733072,19.42
422,313.2731871,17.85
422,313.2731871,17.85
423,313.2732808,18.91
429,217.0680888,0.66
429,217.0680888,0.66
430,607.2905591,17.07
430,607.2905591,17.09
431,797.5160093,17.66
431,797.5160093,17.66
435,231.047336,0.71
435,231.047336,0.71
436,593.2746617,16.62
437,937.5842502,17.84
437,937.5842502,17.84
438,365.1048737,0.65
438,365.1048737,0.65
440,463.4480288,18.1
440,463.4480288,18.22
441,959.5689034,17.44
441,959.5689034,17.44
443,233.0627444,0.66
443,233.0627444,0.66
444,203.0523788,0.62
444,203.0523788,0.62
445,615.4945115,18.98
445,615.4945115,19.14
447,381.0790954,0.63
447,381.0790954,0.64
448,599.426741,17.91
448,599.426741,17.9
452,907.5328367,20.42
452,907.5328367,20.42
453,736.5314983,17.6
453,736.5314983,17.69
457,321.1151488,0.71
457,321.1151488,0.7
458,469.3652891,17.52
458,469.3652891,17.59
461,215.0523697,0.65
461,215.0523697,0.8
467,799.5315739,17.88
467,799.5315739,17.88
469,659.287058,15.82
469,659.287058,15.87
477,485.3601871,17.31
477,485.3601871,17.37
478,613.4789283,18.59
478,613.4789283,18.73
481,351.1257321,0.67
485,769.484841,17.39
485,769.484841,17.39
486,568.4267814,16.95
486,568.4267814,16.95
487,780.5499424,18.41
487,780.5499424,18.41
488,539.0962819,12.99
492,379.1199917,0.67
492,379.1199917,0.66
494,233.0420681,0.64
499,353.0840435,0.62
499,353.0840435,0.63
502,496.3387718,15.84
504,775.5313081,18.15
506,490.3686228,18.03
506,490.3686228,18.13
508,409.1826514,6.62
508,409.1826514,6.66
510,617.5102421,19.5
510,617.5102421,19.74
511,337.110002,0.63
511,337.110002,0.67
513,639.4945075,18.64
513,639.4945075,18.68
518,637.4792036,18.25
520,939.6012793,17.97
521,293.0991245,5.72
521,293.0991245,5.88
523,365.1199557,5.26
523,365.1199557,5.27
524,641.5099879,19.17
524,641.5099879,19.16
525,291.0863457,4.52
525,291.0863457,5.03
531,629.2730915,17
531,629.2730915,17.09
532,518.3212843,15.94
534,758.5681595,18.37
534,758.5681595,18.4
535,613.4826857,17.59
535,613.4826857,17.66
539,411.1467243,0.65
541,395.0947229,0.63
544,355.1723335,7.41
544,355.1723335,7.49
545,277.089067,0.65
546,455.115745,0.62
546,455.115745,0.63
547,219.0262158,0.61
547,219.0262158,0.62
548,939.546781,15.91
548,939.546781,15.83
550,311.2189313,12.16
550,311.2189313,12.31
551,696.5399227,17.59
551,696.5399227,17.76
553,643.2523443,16.27
553,643.2523443,16.38
559,311.0989978,0.64
559,311.0989978,0.64
563,804.5492011,18
563,804.5492011,18.11
564,613.4826102,17.43
564,613.4826102,17.44
565,315.192859,14.18
565,315.192859,14.22
566,848.5371333,18.41
566,848.5371333,18.41
569,355.1723426,8.23
569,355.1723426,8.23
570,581.2364396,8.87
572,377.2655796,15.96
572,377.2655796,16.04
577,539.0961948,11.88
581,778.5338928,18.08
581,778.5338928,18.02
582,551.4246981,16.93
582,551.4246981,16.93
583,231.0833145,0.69
584,643.5257589,19.66
584,643.5257589,19.73
586,362.0960457,0.66
586,362.0960457,0.65
587,319.0449734,7.66
587,319.0449734,7.59
588,885.5511046,20.43
588,885.5511046,20.43
590,288.0780856,0.64
590,288.0780856,0.64
595,547.2151202,8.56
596,579.4587706,17.23
596,579.4587706,17.33
598,445.2045052,10.07
604,310.0912686,0.65
604,310.0912686,0.67
605,782.5674139,18.01
605,782.5674139,18.1
606,395.2032665,9.05
606,395.2032665,9.14
607,637.3052238,15.82
607,637.3052238,15.87
612,777.5477456,18.46
612,777.5477456,18.38
614,439.1419295,0.63
614,439.1419295,0.65
615,641.5104067,18.91
615,641.5104067,19.37
617,291.1049664,0.76
617,291.1049664,0.81
619,801.5471426,18.15
619,801.5471426,18.15
620,355.1721249,8.1
620,355.1721249,8.05
621,643.5261537,19.57
621,643.5261537,19.97
624,756.5519852,18.08
624,756.5519852,18.13
625,961.5856253,17.56
625,961.5856253,17.64
626,462.3371986,17.62
626,462.3371986,17.7
627,907.3492507,16.66
627,907.3492507,16.7
629,355.1720319,7.29
629,355.1720319,7.32
630,635.4636449,17.99
631,307.0808018,1.67
631,307.0808018,1.88
633,247.0785238,0.7
633,247.0785238,0.68
634,521.2716775,11.01
635,293.0628652,0.62
636,471.0887929,8.84
636,471.0887929,8.84
637,376.3179839,15.61
637,376.3179839,15.6
641,591.4971734,17.84
641,591.4971734,17.84
644,527.1572004,0.65
645,349.1108884,0.7
646,487.0838982,8.37
646,487.0838982,8.51
647,335.0943328,0.65
647,335.0943328,0.67
648,663.4942974,18.49
648,663.4942974,18.52
653,429.3723031,17.51
653,429.3723031,17.59
654,355.1724066,9.43
654,355.1724066,9.48
658,359.2188822,14.52
659,309.0836668,0.63
659,309.0836668,0.68
660,806.5074593,17.09
660,806.5074593,17.12
661,823.5316223,17.76
661,823.5316223,17.78
666,330.2768074,16.37
666,330.2768074,16.45
668,520.3387786,15.49
669,313.0675359,6.18
669,313.0675359,6.18
673,487.0841112,8.09
673,487.0841112,8.2
675,369.1304793,7.61
675,369.1304793,7.64
678,379.2812918,16.35
678,379.2812918,16.34
682,317.2089154,14.2
684,965.6155756,18.11
687,731.4329431,16.28
687,731.4329431,16.28
688,665.5097854,18.74
688,665.5097854,18.87
690,597.2307957,8
690,597.2307957,8.17
691,771.5006436,17.59
691,771.5006436,17.59
692,534.4875877,17.59
692,534.4875877,17.66
696,392.3129308,15.63
696,392.3129308,15.73
702,355.172142,8.42
702,355.172142,8.55
704,925.5312674,16.14
704,925.5312674,16.14
708,493.4221051,18.58
709,359.2185825,13.99
713,275.1098501,1.25
713,275.1098501,1.26
714,813.5116552,16.77
714,813.5116552,16.84
715,806.5657879,18.57
715,806.5657879,18.57
718,568.426058,17.35
718,568.426058,17.35
721,375.2501645,15.43
721,375.2501645,15.66
724,653.453118,16.95
724,653.453118,16.95
725,184.0730595,0.63
727,116.9857636,12.26
727,116.9857636,12.21
728,829.5070106,16.76
728,829.5070106,16.82
731,806.5646912,18.32
731,806.5646912,18.41
733,116.9857597,8.73
733,116.9857597,8.81
737,367.1357566,5.58
737,367.1357566,5.61
738,479.4430087,16.97
738,479.4430087,17.05
739,872.5362926,18
739,872.5362926,18.1
741,291.085643,6.18
741,291.085643,6.18
742,846.5209125,18.08
747,139.0389787,0.7
747,139.0389787,0.66
749,319.2243617,14.69
749,319.2243617,14.72
755,782.5657717,18.82
755,782.5657717,18.82
756,399.1260527,0.83
756,399.1260527,0.83
757,315.1951956,14.63
757,315.1951956,14.6
761,461.4324444,18.29
761,461.4324444,18.29
764,441.1732065,6.19
764,441.1732065,6.31
765,471.2197724,10.58
765,471.2197724,10.56
767,136.0616995,0.68
775,447.4168889,19.31
775,447.4168889,19.29
779,304.2602959,16.29
779,304.2602959,16.37
780,369.1150878,0.96
780,369.1150878,0.89
785,333.2033757,13.28
785,333.2033757,13.39
790,399.1257115,1.04
790,399.1257115,1.06
791,139.0386876,4.83
791,139.0386876,4.84
792,356.2923773,16.59
792,356.2923773,16.66
797,452.3618097,18.11
797,452.3618097,18.11
801,489.427371,18.8
801,489.427371,18.8
802,355.1723409,8.36
802,355.1723409,8.37
803,553.1116407,13.5
803,553.1116407,13.43
804,302.3047571,14.01
804,302.3047571,14.03
807,139.0388775,1.67
807,139.0388775,1.88
808,435.3592175,18.88
812,437.1930126,12.87
812,437.1930126,12.97
815,445.3671469,17.3
816,479.4425222,17.9
816,479.4425222,17.99
821,411.198556,6.77
822,307.1151779,7.14
822,307.1151779,7.16
823,317.2083758,14.58
824,547.2151832,7.45
824,547.2151832,7.48
825,477.3906181,17.75
825,477.3906181,17.71
829,963.600805,17.87
829,963.600805,17.85
830,411.1991599,7.39
833,319.0999989,0.74
835,326.3778894,13.89
835,326.3778894,13.9
837,468.3865292,17.97
839,743.4326461,16.34
839,743.4326461,16.34
842,398.2415686,11.89
842,398.2415686,11.97
844,704.6148872,20.03
844,704.6148872,20.1
846,475.4481508,20.18
846,475.4481508,20.17
847,784.5827309,18.32
847,784.5827309,18.66
848,597.4117298,17.51
849,383.1313187,1.13
849,383.1313187,1.09
851,613.4792448,18.73
851,613.4792448,18.89
853,319.2241555,14.95
853,319.2241555,15.16
856,365.1199399,6.33
859,829.5050353,16.8
859,829.5050353,16.56
863,828.5497789,17.97
864,931.5928904,20.01
864,931.5928904,20.01
866,1057.729743,20.27
866,1057.729743,20.27
868,387.1409008,7.46
868,387.1409008,7.44
871,773.5159936,17.79
871,773.5159936,17.79
873,779.5633146,18.85
873,779.5633146,18.85
875,760.5831452,18.67
875,760.5831452,19.09
876,409.1833319,6.33
876,409.1833319,6.44
877,325.23455,14.54
877,325.23455,14.54
878,874.5523136,18.31
878,874.5523136,18.41
879,359.2189149,13.39
879,359.2189149,13.2
880,716.5207677,18.23
881,376.3182256,15.98
881,376.3182256,16.05
883,850.5530538,18.82
883,850.5530538,18.82
884,547.2152314,8.21
884,547.2152314,8.2
886,375.2132925,12.11
886,375.2132925,12.02
898,229.1410903,20.52
898,229.1410903,20.64
900,518.3232545,15.04
900,518.3232545,15.16
906,549.1943235,7.05
907,421.2320273,14.45
909,450.3187745,15.69
909,450.3187745,15.7
910,830.5647701,18.14
914,297.2397135,15.64
914,297.2397135,15.73
929,784.5830845,18.32
929,784.5830845,18.41
935,349.0890379,5.56
935,349.0890379,5.6
936,903.5618179,19.75
936,903.5618179,19.73
937,619.2762242,10.43
937,619.2762242,10.04
943,866.6677971,19.14
943,866.6677971,19.43
945,488.2708436,17.39
945,488.2708436,17.44
948,231.083845,0.69
948,231.083845,0.93
949,311.0518295,4.84
949,311.0518295,4.84
950,281.2449079,15.09
950,281.2449079,15.42
951,295.2604828,15.51
951,295.2604828,15.59
952,778.5345048,18.13
954,355.1723415,10.27
954,355.1723415,10.27
957,808.5830988,18.22
957,808.5830988,18.22
963,903.5607886,19.48
963,903.5607886,19.59
968,307.0807451,4.56
968,307.0807451,4.84
972,543.1826238,7.89
972,543.1826238,8
978,376.3186687,16.13
978,376.3186687,16.22
980,547.2153565,7.32
983,808.5807485,18.86
983,808.5807485,18.98
984,409.183334,7.26
989,545.1985162,7.57
989,545.1985162,7.56
993,547.2139219,8.58
993,547.2139219,8.85
1002,267.2291841,14.9
1002,267.2291841,14.95
1003,317.208798,14.17
1004,317.2089429,14.76
1004,317.2089429,14.68
1005,941.6148999,18.4
1005,941.6148999,18.4
1008,931.5927552,20.27
1008,931.5927552,20.27
1009,355.1719702,9.53
1009,355.1719702,9.61
1010,399.1258524,1.32
1010,399.1258524,1.33
1015,267.2292257,14.71
1015,267.2292257,14.76
1016,667.526069,19.1
1016,667.526069,19.38
1017,471.2197983,10.9
1017,471.2197983,10.98
1032,375.213338,13.67
1032,375.213338,14.26
1039,509.3962365,17.55
1045,359.2188749,14.41
1046,885.5511375,20.73
1046,885.5511375,20.73
1049,319.2239095,14.6
1051,359.218481,11.5
1055,445.3672217,18.12
1056,333.2032397,14.26
1056,333.2032397,14.31
1061,383.1311819,2.22
1061,383.1311819,2.22
1063,319.044698,7.46
1063,319.044698,7.46
1066,551.4243632,17.3
1066,551.4243632,17.35
1067,543.1826711,8.25
1067,543.1826711,8.28
1071,461.4324126,18.14
1071,461.4324126,18.44
1086,887.5654108,20.66
1092,567.1280084,14.23
1092,567.1280084,14.23
1095,401.2290169,14.52
1098,443.2395497,13.7
1098,443.2395497,13.61
1101,359.2192969,11.15
1105,591.4973577,18.58
1105,591.4973577,18.75
1107,953.5749748,20.02
1107,953.5749748,20.02
1109,479.4431023,17.73
1109,479.4431023,17.84
1113,587.5479367,19.92
1113,587.5479367,19.92
1118,309.2035024,12.23
1118,309.2035024,12.23
1121,653.4522295,17.35
1121,653.4522295,17.35
1133,399.1262408,1.11
1133,399.1262408,1.16
1139,309.2033083,12.06
1139,309.2033083,12.06
1140,359.2403268,17.6
1142,303.0497141,9.21
1142,303.0497141,9.21
1143,505.4218677,18.15
1143,505.4218677,18.15
1144,450.3187403,15.98
1145,319.2265906,14.09
1152,359.2185832,10.31
1155,359.2399851,13.48
1155,359.2399851,13.68
1157,359.240397,17.86
1163,419.3131364,16.59
1163,419.3131364,16.6
1164,359.2404775,18.27
1167,359.2404474,18.19
1169,281.2449152,15.24
1169,281.2449152,15.5
1170,808.5802118,18.83
1170,808.5802118,18.82
1172,411.2011738,10.61
1177,319.2241336,14.83
1177,319.2241336,14.96
1184,429.372057,18.12
1184,429.372057,18.12
1193,267.1565081,12.64
1193,267.1565081,12.77
1197,419.3149042,17.84
1199,337.2347804,16.02
1199,337.2347804,16.05
1202,445.3664303,17.37
1202,445.3664303,17.48
1204,283.2052627,13.63
1204,283.2052627,13.71
1205,419.3150276,17.62
1207,376.3183059,17.25
1209,333.2047458,13.18
1228,275.1098786,1.38
1228,275.1098786,1.38
1230,337.0890656,6.59
1230,337.0890656,6.73
1231,299.161853,11.72
1232,339.1925488,12.37
1232,339.1925488,12.44
1236,411.1991785,8.25
1236,411.1991785,8.34
1238,619.5278989,18.11
1239,903.5609956,18.08
1239,903.5609956,18.08
1249,450.318934,15.6
1250,545.1997546,8.27
1250,545.1997546,8.39
1252,267.2292226,15.96
1254,489.427228,18.23
1254,489.427228,18.25
1255,411.1989646,7.4
1255,411.1989646,7.37
1257,443.2395708,14.46
1259,653.4534777,18.25
1261,333.2035781,13.08
1261,333.2035781,13.07
1266,287.0545792,10.3
1270,479.4429075,16.87
1270,479.4429075,16.9
1271,887.5662694,20.89
1271,887.5662694,20.96
1280,339.1928624,14.41
1283,317.2105709,11.72
1288,953.575897,20.27
1288,953.575897,20.27
1296,335.2554059,15.9
1300,411.1983754,8.04
1300,411.1983754,8.07
1304,461.4323896,18.59
1304,461.4323896,18.59
1306,549.1941632,7.03
1307,392.3130047,15.1
1309,323.2553294,15.26
1312,489.4273886,18.43
1316,461.4324269,18.73
1316,461.4324269,18.73
1322,337.0890025,5.2
1322,337.0890025,5.82
1326,281.2449034,15.61
1333,489.4273128,18.61
1333,489.4273128,18.58
1335,373.2710092,15.74
1337,239.1611841,12.82
1341,383.1300341,4.84
1341,383.1300341,4.9
1345,455.312633,16.75
1347,903.5615326,20.97
1347,903.5615326,21.09
1351,311.0732149,2.2
1351,311.0732149,2.2
1352,331.1881138,12.64
1352,331.1881138,12.44
1355,333.2049594,13.7
1356,493.4222075,16.73
1356,493.4222075,16.73
1357,475.4480991,18.25
1361,287.1248045,9.47
1361,287.1248045,9.59
1373,379.3177176,16.69
1377,525.3908157,18.77
1379,287.054342,9.28
1384,923.5142316,15.57
1384,923.5142316,15.57
1386,335.2578332,17.76
1386,335.2578332,17.79
1388,333.2042336,12.38
1389,335.2553368,14.78
1398,505.2767591,11.97
1398,505.2767591,11.97
1399,411.1984554,8.53
1399,411.1984554,8.57
1403,331.1892528,11.95
1403,331.1892528,12.02
1404,923.5051434,20.44
1404,923.5051434,20.44
1406,505.276023,12.99
1406,505.276023,13.11
1411,319.2240865,13.21
1412,489.4269072,19.19
1413,411.1990667,8.39
1413,411.1990667,8.41
1414,567.1279971,13.58
1414,567.1279971,13.58
1415,333.2031682,14.14
1416,549.194267,6.33
1419,319.2242044,15.33
1420,505.2769441,11.15
1420,505.2769441,11.15
1421,411.1983348,8.71
1422,435.3598451,18.73
1425,619.5283481,18.92
1432,489.4270778,18.1
1448,661.4791182,18.2
1448,661.4791182,18.21
1454,553.1116255,12.52
1454,553.1116255,12.37
1460,595.4689684,19.57
1460,595.4689684,19.57
1463,887.5656852,19.61
1466,313.1794962,12.01
1471,903.5610253,19.81
1474,450.3185258,16.09
1475,525.3904062,18.65
1494,525.3908508,18.6
1496,525.391224,17.03
1496,525.391224,17.26
1498,887.5663225,19.9
1505,349.1251476,5.78
1505,349.1251476,5.89
1513,261.0941835,0.88
1513,261.0941835,0.88
1515,585.4504003,17.39
1515,585.4504003,17.39
1516,282.2784422,16.29
1516,282.2784422,16.29
1518,403.2814689,16.21
1518,403.2814689,16.19
1522,307.0784913,5.43
1522,307.0784913,5.73
1525,407.244476,17.59
1525,407.244476,17.66
1530,381.115569,5.68
1530,381.115569,5.64
1535,351.1410757,7.06
1535,351.1410757,7.06
1538,477.278732,17.85
1538,477.278732,17.84
1539,379.1355262,6.26
1540,215.0159166,0.85
1540,215.0159166,0.83
1541,393.2288443,17.39
1543,531.1825519,6.35
1543,531.1825519,6.45
1544,537.3027524,15.16
1544,537.3027524,15.25
1551,477.4282038,16.74
1552,537.3033842,15
1552,537.3033842,15.1
1562,987.5991229,17.71
1562,987.5991229,17.71
1567,268.103624,0.97
1567,268.103624,1
1568,449.1778493,7.71
1568,449.1778493,7.93
1572,792.5620486,17.66
1575,369.2611504,14.05
1575,369.2611504,14
1577,463.4118792,17.88
1578,563.2099686,7.05
1578,563.2099686,6.75
1579,413.111853,6.15
1579,413.111853,6.18
1588,813.4891463,17.3
1589,611.4667036,16.83
1590,489.4272557,17.83
1592,505.458754,18.66
1592,505.458754,18.36
1594,991.5576543,16.55
1594,991.5576543,16.63
1595,610.1840475,17.97
1595,610.1840475,17.97
1598,381.1512282,6.48
1598,381.1512282,6.59
1601,611.4643973,18.45
1601,611.4643973,18.48
1606,567.4221948,16.33
1607,327.1592435,8.21
1607,327.1592435,8.19
1608,714.550129,17.58
1608,714.550129,17.67
1609,699.3560874,14.68
1609,699.3560874,14.78
1612,302.2455304,15.76
1612,302.2455304,15.84
1616,505.4587081,19.11
1617,825.5489294,17.92
1617,825.5489294,17.99
1618,615.138964,17.92
1618,615.138964,17.97
1622,985.5833966,17.53
1622,985.5833966,17.53
1626,369.2608163,14.14
1626,369.2608163,14.17
1633,409.183369,6.7
1634,611.1647275,7.05
1634,611.1647275,6.88
1635,381.1516873,7.37
1635,381.1516873,7.37
1637,699.3546106,14.84
1637,699.3546106,14.95
1645,339.1774361,11.07
1645,339.1774361,11.04
1651,397.3823543,17.76
1657,293.2838197,16.74
1657,293.2838197,16.81
1660,359.0937447,0.72
1660,359.0937447,0.74
1661,689.1575033,18.23
1661,689.1575033,18.29
1667,365.1353272,13.77
1667,365.1353272,13.86
1672,525.4178809,18.07
1673,563.2099888,7.23
1673,563.2099888,7.17
1679,491.4431178,18.53
1679,491.4431178,18.67
1688,307.0789632,0.67
1692,953.5800629,16.98
1692,953.5800629,17.04
1696,147.0438421,4.53
1696,147.0438421,4.38
1697,395.2035404,9.47
1699,261.1096146,10.9
1706,131.048911,6.32
1706,131.048911,6.34
1717,563.2099707,7.28
1717,563.2099707,7.32
1720,477.427174,17.65
1720,477.427174,17.62
1721,289.0889236,0.94
1721,289.0889236,0.97
1725,531.182713,7.15
1725,531.182713,7.15
1744,407.2451339,17.56
1753,445.3647687,16.28
1753,445.3647687,16.31
1765,505.4581332,19.25
1765,505.4581332,19.29
1771,261.109522,10.64
1771,261.109522,10.77
1776,505.4587305,18.91
1776,505.4587305,18.77
1784,339.1776326,12.36
1788,327.1591328,8.56
1788,327.1591328,8.72
1790,419.3148512,18.19
1793,397.3824887,19.09
1793,397.3824887,19.13
1796,419.3148595,18.12
1805,534.487291,17.57
1808,459.4162409,20.36
1808,459.4162409,20.42
1815,419.3147658,17.96
1829,505.458233,19.94
1829,505.458233,19.92
1830,147.0439469,1.16
1830,147.0439469,1.16
1844,147.04383,6.24
1844,147.04383,6.24
1847,489.4273042,17.76
1860,296.2195455,13.28
1860,296.2195455,13.19
1865,619.2721793,10.79
1865,619.2721793,10.79
1876,459.4161457,18.7
1877,477.3909253,17.8
1877,477.3909253,17.8
1878,459.4161217,18.68
1893,887.5659609,19.3
1893,887.5659609,19.57
1903,357.2030932,12.52
1903,357.2030932,12.44
1911,385.1469933,8.17
1911,385.1469933,8.31
1922,357.2037309,12.25
1922,357.2037309,12.02
1932,367.1357328,6.33
1932,367.1357328,6.2
1937,329.1723629,11.65
1944,263.0525905,0.66
1948,317.1717277,11.31
1948,317.1717277,11.6
1961,401.1566116,7.82
1961,401.1566116,7.9
1962,333.0580646,0.66
1971,469.3289773,17.49
1971,469.3289773,17.55
1975,348.990001,18.19
1984,278.2452377,16.1
1984,278.2452377,16.18
1995,303.0492021,8.08
1995,303.0492021,7.89
2001,375.2135779,10.4
2001,375.2135779,10.54
2008,331.189738,11.28
2010,329.1725389,10.99
2010,329.1725389,11.14
2026,473.1049408,5.75
2026,473.1049408,5.75
2027,555.4378846,17.89
2042,339.1047732,6.35
2042,339.1047732,6.35
2053,359.2403723,19.15
2058,359.2404531,19.22
2061,359.2404101,19.52
2061,359.2404101,19.6
2065,359.2403633,18.66
2066,359.2404325,17.78
2076,359.2403869,20.36
2076,359.2403869,20.4
2079,379.1363498,7.61
2082,315.1567542,10.28
2082,315.1567542,10.22
2090,315.1950651,12.16
2102,393.2973843,17.52
2112,365.1202197,7.18
2112,365.1202197,7.1
2113,635.4647258,18.03
2135,317.2107438,11.03
2139,419.3143357,17.21
2139,419.3143357,17.41
2141,317.2105345,11.31
2146,635.4644698,17.64
2149,313.1796348,11.3
2156,315.1951617,10.55
2156,315.1951617,10.55
2169,303.0493018,8.19
2169,303.0493018,8.36
2177,392.3130804,14.96
2183,317.1744659,12.02
2183,317.1744659,12.02
2188,365.1208557,7.06
2188,365.1208557,7.05
2202,254.1725066,11.12
2214,269.1897046,10.55
2214,269.1897046,10.55
2257,555.4376814,18.71
2257,555.4376814,18.71
2265,483.3801623,18.08
2265,483.3801623,18.08
2266,363.1044737,6.24
2266,363.1044737,6.24
2267,609.4844992,19.75
2267,609.4844992,19.75
2268,675.2614297,10.65
2268,675.2614297,10.65
2269,519.4373098,18.75
2269,519.4373098,18.96
2270,427.3177638,17.29
2270,427.3177638,17.29
2271,449.2506845,13.2
2271,449.2506845,13.2
2272,527.4058149,18.2
2272,527.4058149,18.2
2273,533.4534283,19.19
2273,533.4534283,19.19
2274,497.3595528,17.78
2274,497.3595528,17.78
2275,337.1250495,5.93
2275,337.1250495,6.07
2276,491.4429798,18.77
2276,491.4429798,18.94
2277,417.2244127,13.19
2277,417.2244127,13.19
2278,443.3132307,17.02
2278,443.3132307,17.02
2279,341.2297186,12.23
2279,341.2297186,12.23
2280,413.1111601,7.02
2280,413.1111601,7.02
2281,403.2451945,15.13
2281,403.2451945,15.13
2282,633.1413042,8.14
2282,633.1413042,8.36
2283,717.4539242,15.22
2283,717.4539242,15.22
2284,513.1938403,7.3
2284,513.1938403,7.3
2285,377.2319136,13.2
2285,377.2319136,13.2
2286,931.5371422,17.19
2286,931.5371422,17.19
2287,611.3546703,15.95
2287,611.3546703,15.95
2288,471.3440643,17.41
2288,471.3440643,17.41
2289,521.3596726,17.41
2290,433.1122401,8.67
2290,433.1122401,8.81
2291,469.364592,17.48
2291,469.364592,16.78
2292,1029.698541,19.59
2292,1029.698541,19.59
2293,303.110184,0.64
2293,303.110184,0.64
2294,719.4686129,15.24
2294,719.4686129,15.24
2295,455.0940246,8.49
2295,455.0940246,8.81
2296,703.4743948,16.25
2296,703.4743948,16.25
2297,419.2402172,13.26
2297,419.2402172,13.26
2298,617.2562187,11.02
2298,617.2562187,11.02
2299,617.146332,8.65
2299,617.146332,8.85
2300,147.0439417,2.4
2300,147.0439417,2.4
2301,469.3647985,16.7
2301,469.3647985,16.7
2302,475.2661333,14.7
2302,475.2661333,14.95
2303,303.0493674,7.87
2303,303.0493674,7.37
2304,589.2438896,16.92
2304,589.2438896,16.92
2305,561.4842249,19.58
2305,561.4842249,19.88
2306,455.348976,17.69
2306,455.348976,17.69
2307,297.1845873,12.16
2307,297.1845873,12.02
2308,547.469111,19.93
2308,547.469111,19.93
2309,501.3547665,16.07
2309,501.3547665,16.07
2310,547.3082376,10.98
2310,547.3082376,10.98
2311,803.5632313,18.47
2311,803.5632313,18.63
2312,581.4531822,18.96
2312,581.4531822,18.96
2313,321.0599933,5.22
2313,321.0599933,5.65
2314,935.5689377,17.55
2314,935.5689377,17.55
2315,611.4639258,18.3
2316,567.4377004,18.82
2316,567.4377004,18.82
2317,459.2352381,11.7
2317,459.2352381,11.7
2318,617.255954,10.28
2318,617.255954,10.28
2319,518.3997762,18.45
2319,518.3997762,18.63
2320,491.405841,18.2
2320,491.405841,18.34
2321,334.0625257,8.21
2321,334.0625257,8.21
2322,485.3617333,16.38
2322,485.3617333,16.32
2323,287.0542866,8.84
2323,287.0542866,8.53
2324,575.5023341,19.15
2324,575.5023341,19.14
2325,457.2192299,12.01
2325,457.2192299,12.01
2326,435.4171574,17.68
2326,435.4171574,17.8
2327,116.9857483,10.06
2327,116.9857483,10.06
2328,786.5988583,18.68
2328,786.5988583,18.96
2329,611.1593119,8.2
2329,611.1593119,8.37
2330,533.4528769,18.87
2330,533.4528769,18.7
2331,513.1937223,5.85
2331,513.1937223,5.85
2332,731.6506917,18.57
2333,567.4377362,19.33
2333,567.4377362,18.91
2334,347.0945598,0.83
2334,347.0945598,0.83
2335,585.411579,17.69
2335,585.411579,17.8
2336,337.1041033,12.6
2336,337.1041033,12.71
2337,925.5430457,18.24
2337,925.5430457,18.24
2338,421.4397773,18.27
2338,421.4397773,18.27
2339,876.5680126,18.68
2339,876.5680126,18.81
2340,385.255217,11.56
2340,385.255217,11.72
2341,229.1543789,0.71
2341,229.1543789,0.68
2342,417.2265771,11.73
2342,417.2265771,12.04
2343,407.2933945,16.82
2343,407.2933945,16.91
2344,457.1095737,8
2344,457.1095737,8.17
2345,337.2732045,19.1
2345,337.2732045,19.14
2346,738.5027324,18.24
2347,591.4951844,18.31
2347,591.4951844,18.31
2348,547.4686993,19.48
2348,547.4686993,19.52
2349,838.6358303,18.65
2349,838.6358303,18.81
2350,553.1118021,13.67
2350,553.1118021,13.67
2351,1059.745932,21
2351,1059.745932,21
2352,399.0954262,5.93
2352,399.0954262,5.94
2353,476.3530996,17.88
2353,476.3530996,17.9
2354,271.0596493,8.67
2354,271.0596493,8.67
2355,671.4486667,16.27
2355,671.4486667,16.27
2356,497.3594982,18.3
2356,497.3594982,17.86
2357,729.490751,16.58
2357,729.490751,16.38
2358,525.4270541,18.86
2358,525.4270541,19.07
2359,206.102036,0.61
2360,489.0998789,5
2360,489.0998789,5
2361,547.3078266,10.87
2361,547.3078266,11.25
2362,403.2466484,15.16
2362,403.2466484,14.93
2363,423.4557004,18.13
2364,421.4399817,17.73
2364,421.4399817,17.76
2365,504.3841778,18.34
2366,317.1716954,10.43
2366,317.1716954,10.28
2367,463.4112403,17.83
2367,463.4112403,18.17
2368,273.0750896,8
2368,273.0750896,8.16
2369,481.3649084,17.42
2369,481.3649084,17.66
2370,465.1022575,8.18
2370,465.1022575,8.2
2371,511.2092634,15.03
2371,511.2092634,15.09
2372,567.4378007,17.81
2372,567.4378007,17.39
2373,457.2551068,14.18
2374,1516.129307,18.4
2374,1516.129307,18.4
2375,475.4485831,19.14
2375,475.4485831,19.38
2376,398.7613977,18.36
2376,398.7613977,18.43
2377,513.193821,6.58
2377,513.193821,6.58
2378,427.2448237,14.89
2378,427.2448237,15.07
2379,347.1849381,10.37
2379,347.1849381,10.37
2380,477.4270605,18.47
2380,477.4270605,18.4
2381,273.0755669,9.65
2381,273.0755669,10.13
2382,533.4896871,18.01
2382,533.4896871,18.01
2383,629.4740208,17.66
2384,629.2359198,20.39
2384,629.2359198,20.39
2385,305.0647254,4.83
2385,305.0647254,4.99
2386,520.339232,15.47
2386,520.339232,15.42
2387,545.1987005,7.95
2387,545.1987005,8.07
2388,801.4738091,16.5
2388,801.4738091,16.5
2389,766.5350126,18.19
2389,766.5350126,18.17
2390,337.2725202,16.01
2390,337.2725202,15.92
2391,339.1949286,12.01
2391,339.1949286,12.01
2392,455.3512213,16.56
2392,455.3512213,16.52
2393,610.5400194,18.9
2394,676.5833053,19.02
2394,676.5833053,19.31
2395,401.2312044,14.79
2395,401.2312044,15.07
2396,463.4135339,18.33
2396,463.4135339,18.34
2397,377.2318328,15.2
2397,377.2318328,15.2
2398,659.2680234,9.7
2399,547.4686543,19.27
2399,547.4686543,19.4
2400,738.5058195,17.78
2401,703.474663,16.5
2401,703.474663,16.46
2402,575.501899,18.22
2403,477.4270147,18.64
2403,477.4270147,18.63
2404,417.2243621,12.82
2404,417.2243621,12.44
2405,459.2347829,11.41
2405,459.2347829,11.27
2406,357.2035342,11.63
2406,357.2035342,11.59
2407,317.1725476,11.18
2407,317.1725476,11.51
2408,457.2554766,14.97
2408,457.2554766,15.02
2409,387.1770602,10.79
2410,459.2342777,12.96
2410,459.2342777,13.1
2411,505.4581466,19.65
2412,459.2360287,10.69
2413,375.2138981,9.74
2413,375.2138981,9.4
2414,375.213673,10.46
2414,375.213673,10.04
2415,427.2454163,13.74
2415,427.2454163,13.51
2416,505.4585798,18.52
2417,477.4273017,17.73
2418,271.0598578,5.76
2418,271.0598578,5.76
2419,465.1028992,7.66
2420,385.2558476,12.93
2420,385.2558476,12.93
2421,273.075268,9.68
2421,273.075268,9.87
2422,903.5617763,20.61
2422,903.5617763,21.06
2423,491.4065672,18.09
2424,397.2918212,14.89
2424,397.2918212,14.88
2425,629.4746776,17.48
2425,629.4746776,17.52
2426,501.3551487,15.79
2426,501.3551487,15.83
2427,491.2306103,11.87
2427,491.2306103,11.49
2428,311.2188469,13.28
2428,311.2188469,13.26
2429,459.2340389,15.12
2429,459.2340389,14.83
2430,343.041915,5.22
2430,343.041915,5.66
2431,359.2189112,10.15
2431,359.2189112,10.09
2432,471.0890978,8.41
2432,471.0890978,8.07
2433,429.1058862,6.34
2433,429.1058862,6.34
2434,447.4169689,17.95
2435,575.5008868,18.24
2436,729.4907078,17
2437,475.26593,13.51
2437,475.26593,13.6
2438,463.4117716,17.79
2439,319.0441965,7.21
2440,421.4399489,17.63
2441,473.250115,13.46
2441,473.250115,13.68
2442,459.416677,19.47
2443,820.6250669,18.89
2444,522.3545111,15.79
2444,522.3545111,15.86
2445,459.416686,19.31
2446,687.4456625,15.58
2446,687.4456625,15.11
2447,293.0974617,6.76
2447,293.0974617,6.76
2448,395.147956,6.18
2448,395.147956,6.18
2449,469.3858211,17.37
2450,445.2551533,14.23
2450,445.2551533,14.04
2451,371.1821554,11.57
2452,477.4274318,16.97
2453,337.2730764,18.66
2454,449.1729545,12
2455,321.1304935,8.49
2455,321.1304935,8.52
2456,1031.697014,17.06
2457,575.5028938,19.35
2458,575.5003002,19.91
2459,397.2738979,15.87
2460,518.3997072,18.43
2461,305.0649303,7.09
2462,335.2555429,16.13
2463,487.0837972,7.67
2463,487.0837972,7.36
2464,925.5427854,19.48
2465,353.1720086,12.01
2466,567.4377378,19.4
2467,473.2501801,14.79
2467,473.2501801,14.92
2468,575.5001585,20.43
2469,389.2677249,16.34
2470,287.0547655,5
2470,287.0547655,5
2471,575.5024169,20.71
2472,337.2720651,16.14
2473,838.6362216,18.59
2474,397.2739065,15.56
2475,269.1900055,11.31
2476,401.2296305,13
2476,401.2296305,13.11
2477,393.2770602,16.28
2478,385.1466034,9.46
2479,371.1827367,11.26
2480,335.1096764,5.85
2481,421.4399816,17.24
2482,451.4504578,18.47
2483,691.5254079,18.91
2484,397.273987,15.18
2485,427.2447635,15.19
2486,459.4165829,20.05
2487,325.1982169,13.37
2488,848.6564443,19.54
2489,277.1404788,11.45
2490,397.27393,15.42
2490,397.27393,15.46
2491,531.2919088,13.61
2492,451.4504013,19.35
2493,522.3544541,15.96
2493,522.3544541,16.01
2494,335.10942,4.42
2494,335.10942,4.44
2495,469.3308647,16.27
2496,457.1100803,7.23
2497,575.5026799,18.87
2498,455.3126211,17.19
2499,715.4904932,16.97
2500,347.1830138,11.3
2501,575.5000945,19.74
2502,513.3550493,15.65
2503,457.2551705,15.57
2504,925.5431315,19.23
2505,427.2448974,15.1
2506,397.2738473,15.13
2507,469.3302744,16.18
2508,429.1061214,5.58
2508,429.1061214,5.6
2509,337.2731912,18.91
2510,337.2710391,16.41
2511,399.2136692,15
2512,325.1983478,13.51
2513,477.42692,18.84
2514,397.2740098,14.67
2515,371.182233,10.49
2516,347.182572,13.14
2517,477.4273689,16.96
2518,489.2818802,12.77
2519,515.3466621,18.2
2520,429.2971051,16.74
2521,421.4395579,18.14
2522,691.5276474,16.27
2523,475.4481552,19.87
2524,325.1979978,12.01
2524,325.1979978,12.06
2525,397.274155,14.88
2526,363.1773719,12.88
2527,371.1822896,10.97
2528,903.5607687,19.23
2529,233.0780664,8.73
2530,577.4583438,19.86
2531,827.4920291,16.59
2532,463.4125649,18.17
2533,441.2238524,12.98
2534,236.1619659,11.11
2535,305.065378,6.34
2536,163.074991,6.32
2537,411.1990301,6.44
2538,533.4896211,19.72
2539,359.2188734,11.07
2540,465.1020812,9.07
2541,347.1833429,12.05
2542,465.1017114,7.93
2543,465.1019621,7.74
2544,347.1822671,12.46
2545,347.1837652,10.91
2546,447.4164373,19.05
2547,325.1983566,13.95
2548,481.3647445,16.41
2549,347.1833433,10.84
2550,629.2362317,15.97
2551,427.2454256,13.91
2552,629.4744223,17.57
2553,766.5336537,18.59
2554,489.2812912,14.07
2555,325.1984493,13.05
2556,379.1355027,7.64
2557,489.2820558,13.84
2558,547.2150394,11.78
2559,489.2814314,14.67
2560,854.3382,0
2561,832.3539,0
